transaction_id,clearing_mti,clearing_delay_hours,amount,amount_minor,settled_amount,settled_amount_minor,currency,interchange_fee_minor,mcc,merchant_id,mid,acquirer_bin
TX_00000000,0200,31,144.55,14455,144.54837036305216,14455,USD,253,6513,M_6513_00022,MID_370001_000022,370001
TX_00000001,0200,65,70.63,7063,70.62501005953688,7063,USD,124,5411,M_5411_00008,MID_541234_000008,541234
TX_00000002,0200,61,59.21,5921,59.209854819555034,5921,USD,104,5999,M_5999_00142,MID_400012_000142,400012
TX_00000003,0200,37,16.28,1628,16.27554991048949,1628,USD,28,5411,M_5411_00058,MID_541234_000058,541234
TX_00000004,0200,37,46.63,4663,46.628315127018816,4663,USD,82,5411,M_5411_00027,MID_412800_000027,412800
TX_00000005,0200,31,84.09,8409,84.08867448158324,8409,USD,147,4816,M_4816_00011,MID_400012_000011,400012
TX_00000006,0200,32,52.57,5257,52.5682923793386,5257,USD,92,5732,M_5732_00082,MID_541234_000082,541234
TX_00000007,0200,55,9.65,965,9.652354992986494,965,USD,17,6051,M_6051_00023,MID_370001_000023,370001
TX_00000008,0200,66,6.75,675,7.97,797,USD,14,5812,M_5812_00021,MID_370001_000021,370001
TX_00000009,0200,68,28.2,2820,33.83,3383,USD,59,5812,M_5812_00021,MID_370001_000021,370001
TX_00000010,0200,65,28.97,2897,34.13,3413,USD,60,5812,M_5812_00021,MID_370001_000021,370001
TX_00000011,0200,33,22.7,2270,22.697216201360806,2270,USD,40,4816,M_4816_00131,MID_400012_000131,400012
TX_00000012,0200,56,16.69,1669,19.66,1966,USD,34,5812,M_5812_00021,MID_370001_000021,370001
TX_00000013,0200,44,864.45,86445,864.451353059905,86445,USD,1513,5912,M_5912_00029,MID_400012_000029,400012
TX_00000014,0200,48,9.82,982,9.818836797087656,982,USD,17,5999,M_5999_00142,MID_400012_000142,400012
TX_00000015,0200,44,27.66,2766,27.66233378840892,2766,USD,48,5541,M_5541_00113,MID_400012_000113,400012
TX_00000016,0200,64,19.28,1928,22.7,2270,USD,40,5812,M_5812_00021,MID_370001_000021,370001
TX_00000017,0200,66,1.94,194,1.94,194,USD,3,5411,M_5411_00051,MID_370001_000051,370001
TX_00000018,0200,29,32.64,3264,32.641855726868165,3264,USD,57,4816,M_4816_00011,MID_400012_000011,400012
TX_00000019,0200,39,40.79,4079,40.785277956105205,4079,USD,71,5541,M_5541_00113,MID_400012_000113,400012
TX_00000020,0200,56,22.64,2264,22.635883192628736,2264,USD,40,5541,M_5541_00113,MID_400012_000113,400012
TX_00000021,0200,42,22.81,2281,22.807133163842483,2281,USD,40,5541,M_5541_00113,MID_400012_000113,400012
TX_00000022,0200,36,8.37,837,8.374705822575132,837,USD,15,5812,M_5812_00021,MID_370001_000021,370001
TX_00000023,0200,40,33.1,3310,37.96,3796,USD,66,5812,M_5812_00021,MID_370001_000021,370001
TX_00000024,0200,41,23.64,2364,27.5,2750,USD,48,5812,M_5812_00102,MID_541234_000102,541234
TX_00000025,0200,49,88.22,8822,88.22234090831057,8822,USD,154,5814,M_5814_00110,MID_541234_000110,541234
TX_00000026,0200,48,71.01,7101,71.01337097488468,7101,USD,124,5541,M_5541_00113,MID_400012_000113,400012
TX_00000027,0200,51,14.65,1465,16.58,1658,USD,29,5812,M_5812_00093,MID_412800_000093,412800
TX_00000028,0200,69,17.81,1781,17.810790306532986,1781,USD,31,5541,M_5541_00019,MID_412800_000019,412800
TX_00000029,0200,26,23.27,2327,23.269399143392047,2327,USD,41,5541,M_5541_00019,MID_412800_000019,412800
TX_00000030,0200,54,22.76,2276,25.73,2573,USD,45,5812,M_5812_00093,MID_412800_000093,412800
TX_00000031,0200,34,15.45,1545,15.448551710583287,1545,USD,27,5541,M_5541_00019,MID_412800_000019,412800
TX_00000032,0200,35,51.83,5183,51.82773003348561,5183,USD,91,5999,M_5999_00142,MID_400012_000142,400012
TX_00000033,0200,67,21.5,2150,21.50331356006534,2150,USD,38,5541,M_5541_00019,MID_412800_000019,412800
TX_00000034,0200,40,7.77,777,7.772305940075864,777,USD,14,5411,M_5411_00084,MID_541234_000084,541234
TX_00000035,0200,66,68.47,6847,68.47078334270617,6847,USD,120,5411,M_5411_00084,MID_541234_000084,541234
TX_00000036,0200,59,19.92,1992,19.922659804830428,1992,USD,35,5411,M_5411_00084,MID_541234_000084,541234
TX_00000037,0200,24,1.37,137,1.37,137,USD,2,5411,M_5411_00084,MID_541234_000084,541234
TX_00000038,0200,55,30.28,3028,30.28096297201517,3028,USD,53,5411,M_5411_00015,MID_541234_000015,541234
TX_00000039,0200,46,23.82,2382,23.81979168003659,2382,USD,42,5411,M_5411_00015,MID_541234_000015,541234
TX_00000040,0200,32,47.3,4730,47.30069717330834,4730,USD,83,5411,M_5411_00015,MID_541234_000015,541234
TX_00000041,0200,33,21.89,2189,21.889471778088296,2189,USD,38,5411,M_5411_00015,MID_541234_000015,541234
TX_00000042,0200,41,23.39,2339,23.38651417582481,2339,USD,41,5411,M_5411_00015,MID_541234_000015,541234
TX_00000043,0200,51,65.09,6509,65.09440072312411,6509,USD,114,5411,M_5411_00015,MID_541234_000015,541234
TX_00000044,0200,69,24.77,2477,24.76505419363871,2477,USD,43,5411,M_5411_00015,MID_541234_000015,541234
TX_00000045,0200,70,16.9,1690,16.90292684942678,1690,USD,30,5912,M_5912_00048,MID_412800_000048,412800
TX_00000046,0200,71,38.96,3896,38.958744024210205,3896,USD,68,5411,M_5411_00015,MID_541234_000015,541234
TX_00000047,0200,42,21.68,2168,21.680693685843384,2168,USD,38,4816,M_4816_00011,MID_400012_000011,400012
TX_00000048,0200,52,23.21,2321,25.99,2599,USD,45,5812,M_5812_00145,MID_541234_000145,541234
TX_00000049,0200,36,59.11,5911,59.11065104015007,5911,USD,103,5814,M_5814_00066,MID_412800_000066,412800
TX_00000050,0200,41,15.01,1501,15.014245146627937,1501,USD,26,5912,M_5912_00101,MID_400012_000101,400012
TX_00000051,0200,39,98.2,9820,98.19765994246289,9820,USD,172,5814,M_5814_00066,MID_412800_000066,412800
TX_00000052,0200,24,106.78,10678,106.78483485148861,10678,USD,187,5912,M_5912_00101,MID_400012_000101,400012
TX_00000053,0200,32,11.01,1101,11.006417535567973,1101,USD,19,5411,M_5411_00015,MID_541234_000015,541234
TX_00000054,0200,38,50.79,5079,50.786825792467944,5079,USD,89,5814,M_5814_00066,MID_412800_000066,412800
TX_00000055,0200,57,17.57,1757,17.56554136257589,1757,USD,31,5411,M_5411_00015,MID_541234_000015,541234
TX_00000056,0200,40,47.08,4708,47.0841956093939,4708,USD,82,5912,M_5912_00101,MID_400012_000101,400012
TX_00000057,0200,44,65.97,6597,65.97187966795742,6597,USD,115,5814,M_5814_00066,MID_412800_000066,412800
TX_00000058,0200,68,37.46,3746,37.46220072241764,3746,USD,66,5411,M_5411_00028,MID_541234_000028,541234
TX_00000059,0200,38,12.52,1252,12.522808811149588,1252,USD,22,5814,M_5814_00066,MID_412800_000066,412800
TX_00000060,0200,67,18.81,1881,22.23,2223,USD,39,5812,M_5812_00021,MID_370001_000021,370001
TX_00000061,0200,26,34.16,3416,40.48,4048,USD,71,5812,M_5812_00107,MID_370001_000107,370001
TX_00000062,0200,27,23.59,2359,27.73,2773,USD,49,5812,M_5812_00107,MID_370001_000107,370001
TX_00000063,0200,24,38.74,3874,38.74038582715359,3874,USD,68,5411,M_5411_00028,MID_541234_000028,541234
TX_00000064,0200,34,28.22,2822,32.69,3269,USD,57,5812,M_5812_00107,MID_370001_000107,370001
TX_00000065,0200,39,30.89,3089,37.05,3705,USD,65,5812,M_5812_00112,MID_370001_000112,370001
TX_00000066,0200,57,44.13,4413,26.87,2687,USD,47,5542,M_5542_00053,MID_412800_000053,412800
TX_00000067,0200,34,42.26,4226,62.92,6292,USD,110,5542,M_5542_00053,MID_412800_000053,412800
TX_00000068,0200,68,352.55,35255,352.5547166563972,35255,USD,617,5912,M_5912_00048,MID_412800_000048,412800
TX_00000069,0200,51,139.86,13986,163.38,16338,USD,286,5812,M_5812_00021,MID_370001_000021,370001
TX_00000070,0200,29,51.76,5176,35.2,3520,USD,62,5542,M_5542_00053,MID_412800_000053,412800
TX_00000071,0200,64,224.24,22424,265.24,26524,USD,464,5812,M_5812_00021,MID_370001_000021,370001
TX_00000072,0200,65,84.33,8433,95.3,9530,USD,167,5812,M_5812_00021,MID_370001_000021,370001
TX_00000073,0200,33,31.81,3181,37.36,3736,USD,65,5812,M_5812_00021,MID_370001_000021,370001
TX_00000074,0200,54,118.17,11817,131.62,13162,USD,230,5812,M_5812_00021,MID_370001_000021,370001
TX_00000075,0200,59,10.19,1019,11.49,1149,USD,20,5812,M_5812_00021,MID_370001_000021,370001
TX_00000076,0200,46,75.84,7584,86.73,8673,USD,152,5812,M_5812_00021,MID_370001_000021,370001
TX_00000077,0200,66,6.74,674,7.45,745,USD,13,5812,M_5812_00021,MID_370001_000021,370001
TX_00000078,0200,57,37.18,3718,43.42,4342,USD,76,5812,M_5812_00021,MID_370001_000021,370001
TX_00000079,0200,55,33.94,3394,39.9,3990,USD,70,5812,M_5812_00021,MID_370001_000021,370001
TX_00000080,0200,70,40.75,4075,40.75156105950426,4075,USD,71,5999,M_5999_00142,MID_400012_000142,400012
TX_00000081,0200,61,19.46,1946,19.462731662100893,1946,USD,34,5411,M_5411_00015,MID_541234_000015,541234
TX_00000082,0200,50,32.79,3279,32.79078052980495,3279,USD,57,5411,M_5411_00015,MID_541234_000015,541234
TX_00000083,0200,67,111.57,11157,111.5716447332712,11157,USD,195,5311,M_5311_00116,MID_412800_000116,412800
TX_00000084,0200,39,30.43,3043,30.428557400116247,3043,USD,53,5814,M_5814_00092,MID_400012_000092,400012
TX_00000085,0200,68,91.98,9198,104.97,10497,USD,184,5812,M_5812_00021,MID_370001_000021,370001
TX_00000086,0200,35,59.01,5901,65.29,6529,USD,114,5812,M_5812_00021,MID_370001_000021,370001
TX_00000087,0200,33,3.59,359,3.59,359,USD,6,5411,M_5411_00051,MID_370001_000051,370001
TX_00000088,0200,41,9.69,969,9.691084017859373,969,USD,17,5411,M_5411_00058,MID_541234_000058,541234
TX_00000089,0200,67,8.46,846,8.458454739694648,846,USD,15,5411,M_5411_00051,MID_370001_000051,370001
TX_00000090,0200,61,12.38,1238,14.69,1469,USD,26,5812,M_5812_00021,MID_370001_000021,370001
TX_00000091,0200,45,271.7,27170,271.69853054928757,27170,USD,475,5411,M_5411_00051,MID_370001_000051,370001
TX_00000092,0200,38,434.25,43425,434.2462792046469,43425,USD,760,5411,M_5411_00015,MID_541234_000015,541234
TX_00000093,0200,52,574.55,57455,574.5527332099226,57455,USD,1005,5411,M_5411_00051,MID_370001_000051,370001
TX_00000094,0200,39,364.1,36410,364.1024906027607,36410,USD,637,5411,M_5411_00051,MID_370001_000051,370001
TX_00000095,0200,41,190.39,19039,190.388926868431,19039,USD,333,5411,M_5411_00051,MID_370001_000051,370001
TX_00000096,0200,36,634.41,63441,634.4081967867676,63441,USD,1110,5411,M_5411_00051,MID_370001_000051,370001
TX_00000097,0200,62,1.54,154,1.81,181,USD,3,5812,M_5812_00093,MID_412800_000093,412800
TX_00000098,0200,66,6.88,688,7.74,774,USD,14,5812,M_5812_00093,MID_412800_000093,412800
TX_00000099,0200,32,33.92,3392,37.73,3773,USD,66,5812,M_5812_00093,MID_412800_000093,412800
TX_00000100,0200,39,33.05,3305,33.053387039500976,3305,USD,58,5411,M_5411_00135,MID_400012_000135,400012
TX_00000101,0200,54,48.25,4825,48.25013669593805,4825,USD,84,5814,M_5814_00069,MID_400012_000069,400012
TX_00000102,0200,43,20.11,2011,23.02,2302,USD,40,5812,M_5812_00107,MID_370001_000107,370001
TX_00000103,0200,61,19.2,1920,19.201054255255062,1920,USD,34,5411,M_5411_00015,MID_541234_000015,541234
TX_00000104,0200,57,54.73,5473,54.73443353674511,5473,USD,96,5411,M_5411_00015,MID_541234_000015,541234
TX_00000105,0200,63,20.77,2077,20.770704870284533,2077,USD,36,5411,M_5411_00015,MID_541234_000015,541234
TX_00000106,0200,38,20.82,2082,20.8196809732815,2082,USD,36,5912,M_5912_00048,MID_412800_000048,412800
TX_00000107,0200,61,55.16,5516,55.157551449645645,5516,USD,97,5999,M_5999_00142,MID_400012_000142,400012
TX_00000108,0200,58,29.31,2931,29.311741104458903,2931,USD,51,5411,M_5411_00015,MID_541234_000015,541234
TX_00000109,0200,67,17.79,1779,17.788851305614536,1779,USD,31,5411,M_5411_00015,MID_541234_000015,541234
TX_00000110,0200,35,9.75,975,9.749885089791645,975,USD,17,5411,M_5411_00015,MID_541234_000015,541234
TX_00000111,0200,59,17.54,1754,17.544868128124772,1754,USD,31,5411,M_5411_00015,MID_541234_000015,541234
TX_00000112,0200,33,31.61,3161,31.614337747507786,3161,USD,55,5411,M_5411_00015,MID_541234_000015,541234
TX_00000113,0200,58,15.8,1580,15.801426326189583,1580,USD,28,5411,M_5411_00015,MID_541234_000015,541234
TX_00000114,0200,71,219.64,21964,219.63821296511958,21964,USD,384,5411,M_5411_00015,MID_541234_000015,541234
TX_00000115,0200,34,138.2,13820,138.19836128849803,13820,USD,242,5311,M_5311_00138,MID_541234_000138,541234
TX_00000116,0200,63,56.37,5637,65.31,6531,USD,114,5812,M_5812_00102,MID_541234_000102,541234
TX_00000117,0200,32,250.0,25000,50.74,5074,USD,89,5542,M_5542_00077,MID_370001_000077,370001
TX_00000118,0200,71,105.01,10501,120.74,12074,USD,211,5812,M_5812_00145,MID_541234_000145,541234
TX_00000119,0200,63,175.48,17548,43.44,4344,USD,76,5542,M_5542_00077,MID_370001_000077,370001
TX_00000120,0200,31,20.84,2084,20.83727340117273,2084,USD,36,5999,M_5999_00142,MID_400012_000142,400012
TX_00000121,0200,39,84.82,8482,100.75,10075,USD,176,5812,M_5812_00047,MID_400012_000047,400012
TX_00000122,0200,42,37.79,3779,42.33,4233,USD,74,5812,M_5812_00021,MID_370001_000021,370001
TX_00000123,0200,43,25.94,2594,28.54,2854,USD,50,5812,M_5812_00047,MID_400012_000047,400012
TX_00000124,0200,70,747.58,74758,747.581968974233,74758,USD,1308,5812,M_5812_00047,MID_400012_000047,400012
TX_00000125,0200,58,45.0,4500,45.00134901523325,4500,USD,79,5912,M_5912_00086,MID_400012_000086,400012
TX_00000126,0200,44,68.02,6802,77.65,7765,USD,136,5812,M_5812_00047,MID_400012_000047,400012
TX_00000127,0200,36,36.71,3671,44.0,4400,USD,77,5812,M_5812_00021,MID_370001_000021,370001
TX_00000128,0200,60,36.54,3654,36.54315062263761,3654,USD,64,5999,M_5999_00142,MID_400012_000142,400012
TX_00000129,0200,44,487.9,48790,487.8953117717319,48790,USD,854,5999,M_5999_00142,MID_400012_000142,400012
TX_00000130,0200,28,74.55,7455,74.55455768470081,7455,USD,130,5541,M_5541_00119,MID_412800_000119,412800
TX_00000131,0200,66,473.4,47340,473.40319774901315,47340,USD,828,5814,M_5814_00065,MID_541234_000065,541234
TX_00000132,0200,69,24.32,2432,27.79,2779,USD,49,5812,M_5812_00021,MID_370001_000021,370001
TX_00000133,0200,59,27.48,2748,30.83,3083,USD,54,5812,M_5812_00021,MID_370001_000021,370001
TX_00000134,0200,35,53.34,5334,53.34182844138876,5334,USD,93,5814,M_5814_00066,MID_412800_000066,412800
TX_00000135,0200,69,8.22,822,9.22,922,USD,16,5812,M_5812_00021,MID_370001_000021,370001
TX_00000136,0200,67,47.56,4756,47.5573986117607,4756,USD,83,5912,M_5912_00117,MID_412800_000117,412800
TX_00000137,0200,51,25.99,2599,25.991398743881874,2599,USD,45,5912,M_5912_00117,MID_412800_000117,412800
TX_00000138,0200,26,1.14,114,1.14,114,USD,2,5411,M_5411_00017,MID_541234_000017,541234
TX_00000139,0200,24,15.74,1574,18.72,1872,USD,33,5812,M_5812_00021,MID_370001_000021,370001
TX_00000140,0200,39,646.07,64607,730.15,73015,USD,1278,5812,M_5812_00021,MID_370001_000021,370001
TX_00000141,0200,39,209.42,20942,250.99,25099,USD,439,5812,M_5812_00021,MID_370001_000021,370001
TX_00000142,0200,63,1.82,182,2.11,211,USD,4,5812,M_5812_00021,MID_370001_000021,370001
TX_00000143,0200,27,23.66,2366,23.65809822069104,2366,USD,41,5311,M_5311_00104,MID_400012_000104,400012
TX_00000144,0200,61,118.99,11899,134.55,13455,USD,235,5812,M_5812_00081,MID_370001_000081,370001
TX_00000145,0200,67,60.85,6085,70.33,7033,USD,123,5812,M_5812_00021,MID_370001_000021,370001
TX_00000146,0200,43,285.39,28539,318.04,31804,USD,557,5812,M_5812_00021,MID_370001_000021,370001
TX_00000147,0200,52,40.24,4024,45.54,4554,USD,80,5812,M_5812_00021,MID_370001_000021,370001
TX_00000148,0200,27,17.71,1771,19.68,1968,USD,34,5812,M_5812_00021,MID_370001_000021,370001
TX_00000149,0200,28,119.37,11937,133.63,13363,USD,234,5812,M_5812_00021,MID_370001_000021,370001
TX_00000150,0200,65,321.65,32165,321.6530856675965,32165,USD,563,5311,M_5311_00138,MID_541234_000138,541234
TX_00000151,0200,53,55.91,5591,55.91296161704247,5591,USD,98,5411,M_5411_00017,MID_541234_000017,541234
TX_00000152,0200,40,225.77,22577,225.7707947147639,22577,USD,395,5541,M_5541_00132,MID_541234_000132,541234
TX_00000153,0200,31,90.59,9059,90.59232029846052,9059,USD,159,5411,M_5411_00027,MID_412800_000027,412800
TX_00000154,0200,41,19.97,1997,23.73,2373,USD,42,5812,M_5812_00021,MID_370001_000021,370001
TX_00000155,0200,59,62.26,6226,62.25519001575623,6226,USD,109,5814,M_5814_00140,MID_541234_000140,541234
TX_00000156,0200,63,70.8,7080,70.79841165134245,7080,USD,124,5411,M_5411_00027,MID_412800_000027,412800
TX_00000157,0200,40,57.69,5769,57.692736530453175,5769,USD,101,5999,M_5999_00031,MID_370001_000031,370001
TX_00000158,0200,28,67.93,6793,77.79,7779,USD,136,5812,M_5812_00046,MID_370001_000046,370001
TX_00000159,0200,67,62.85,6285,72.69,7269,USD,127,5812,M_5812_00021,MID_370001_000021,370001
TX_00000160,0200,32,35.81,3581,35.811919976813755,3581,USD,63,5411,M_5411_00073,MID_400012_000073,400012
TX_00000161,0200,71,19.97,1997,19.965185178642862,1997,USD,35,5814,M_5814_00110,MID_541234_000110,541234
TX_00000162,0200,47,25.93,2593,28.78,2878,USD,50,5812,M_5812_00102,MID_541234_000102,541234
TX_00000163,0200,42,127.02,12702,145.0,14500,USD,254,5812,M_5812_00021,MID_370001_000021,370001
TX_00000164,0200,54,53.31,5331,60.02,6002,USD,105,5812,M_5812_00081,MID_370001_000081,370001
TX_00000165,0200,43,12.92,1292,15.25,1525,USD,27,5812,M_5812_00021,MID_370001_000021,370001
TX_00000166,0200,67,129.15,12915,129.14874126062952,12915,USD,226,5411,M_5411_00015,MID_541234_000015,541234
TX_00000167,0200,60,861.1,86110,1007.97,100797,USD,1764,5812,M_5812_00032,MID_370001_000032,370001
TX_00000168,0200,70,59.84,5984,59.83714588606872,5984,USD,105,5999,M_5999_00142,MID_400012_000142,400012
TX_00000169,0200,59,803.85,80385,913.33,91333,USD,1598,5812,M_5812_00032,MID_370001_000032,370001
TX_00000170,0200,55,62.53,6253,62.53396703230637,6253,USD,109,5311,M_5311_00116,MID_412800_000116,412800
TX_00000171,0200,62,57.9,5790,57.90231528165794,5790,USD,101,5411,M_5411_00127,MID_541234_000127,541234
TX_00000172,0200,45,56.04,5604,56.03692853200575,5604,USD,98,5541,M_5541_00095,MID_400012_000095,400012
TX_00000173,0200,24,13.45,1345,13.44784912218068,1345,USD,24,5411,M_5411_00051,MID_370001_000051,370001
TX_00000174,0200,44,102.76,10276,102.75796279230973,10276,USD,180,5541,M_5541_00095,MID_400012_000095,400012
TX_00000175,0200,54,117.69,11769,117.68754692093562,11769,USD,206,5814,M_5814_00066,MID_412800_000066,412800
TX_00000176,0200,68,14.14,1414,14.136437419453578,1414,USD,25,5814,M_5814_00066,MID_412800_000066,412800
TX_00000177,0200,33,25.42,2542,25.41747928372269,2542,USD,44,5912,M_5912_00091,MID_400012_000091,400012
TX_00000178,0200,31,13.22,1322,13.224390921839085,1322,USD,23,5912,M_5912_00091,MID_400012_000091,400012
TX_00000179,0200,60,12.22,1222,12.22308789169068,1222,USD,21,5912,M_5912_00091,MID_400012_000091,400012
TX_00000180,0200,63,321.11,32111,321.10819682165265,32111,USD,562,5311,M_5311_00052,MID_400012_000052,400012
TX_00000181,0200,39,14.13,1413,15.99,1599,USD,28,5812,M_5812_00021,MID_370001_000021,370001
TX_00000182,0200,41,10.24,1024,12.17,1217,USD,21,5812,M_5812_00123,MID_412800_000123,412800
TX_00000183,0200,32,13.72,1372,15.36,1536,USD,27,5812,M_5812_00021,MID_370001_000021,370001
TX_00000184,0200,65,32.8,3280,36.68,3668,USD,64,5812,M_5812_00021,MID_370001_000021,370001
TX_00000185,0200,48,25.46,2546,25.460583858186208,2546,USD,45,5999,M_5999_00142,MID_400012_000142,400012
TX_00000186,0200,26,11.79,1179,13.72,1372,USD,24,5812,M_5812_00021,MID_370001_000021,370001
TX_00000187,0200,51,8.26,826,9.3,930,USD,16,5812,M_5812_00021,MID_370001_000021,370001
TX_00000188,0200,51,1000.34,100034,1121.29,112129,USD,1962,5812,M_5812_00093,MID_412800_000093,412800
TX_00000189,0200,28,9.84,984,11.22,1122,USD,20,5812,M_5812_00021,MID_370001_000021,370001
TX_00000190,0200,56,851.25,85125,1012.76,101276,USD,1772,5812,M_5812_00093,MID_412800_000093,412800
TX_00000191,0200,65,1269.1,126910,1437.89,143789,USD,2516,5812,M_5812_00093,MID_412800_000093,412800
TX_00000192,0200,46,18.65,1865,20.99,2099,USD,37,5812,M_5812_00021,MID_370001_000021,370001
TX_00000193,0200,51,54.63,5463,54.63343791643655,5463,USD,96,5814,M_5814_00066,MID_412800_000066,412800
TX_00000194,0200,50,42.13,4213,42.13122274304547,4213,USD,74,5814,M_5814_00009,MID_412800_000009,412800
TX_00000195,0200,28,43.93,4393,43.93160472828932,4393,USD,77,5311,M_5311_00020,MID_370001_000020,370001
TX_00000196,0200,39,32.01,3201,32.00820243763593,3201,USD,56,4816,M_4816_00109,MID_400012_000109,400012
TX_00000197,0200,63,27.64,2764,27.636036317620896,2764,USD,48,5411,M_5411_00058,MID_541234_000058,541234
TX_00000198,0200,25,48.9,4890,48.904756985727744,4890,USD,86,5411,M_5411_00068,MID_412800_000068,412800
TX_00000199,0200,38,15.51,1551,15.50663902307502,1551,USD,27,5912,M_5912_00091,MID_400012_000091,400012
TX_00000200,0200,65,86.74,8674,96.83,9683,USD,169,5812,M_5812_00032,MID_370001_000032,370001
TX_00000201,0200,37,39.36,3936,39.358412462832725,3936,USD,69,5814,M_5814_00110,MID_541234_000110,541234
TX_00000202,0200,43,11.61,1161,11.61,1161,USD,20,5812,M_5812_00021,MID_370001_000021,370001
TX_00000203,0200,41,36.36,3636,36.35526352728947,3636,USD,64,5912,M_5912_00117,MID_412800_000117,412800
TX_00000204,0200,25,17.65,1765,19.59,1959,USD,34,5812,M_5812_00123,MID_412800_000123,412800
TX_00000205,0200,37,201.44,20144,225.93,22593,USD,395,5812,M_5812_00102,MID_541234_000102,541234
TX_00000206,0200,36,43.21,4321,43.207256708554056,4321,USD,76,5999,M_5999_00103,MID_412800_000103,412800
TX_00000207,0200,39,24.27,2427,28.24,2824,USD,49,5812,M_5812_00123,MID_412800_000123,412800
TX_00000208,0200,36,4.3,430,4.99,499,USD,9,5812,M_5812_00123,MID_412800_000123,412800
TX_00000209,0200,32,50.85,5085,60.0,6000,USD,105,5812,M_5812_00021,MID_370001_000021,370001
TX_00000210,0200,64,29.55,2955,29.547585782651588,2955,USD,52,5814,M_5814_00140,MID_541234_000140,541234
TX_00000211,0200,45,35.19,3519,35.18785460727976,3519,USD,62,5311,M_5311_00063,MID_400012_000063,400012
TX_00000212,0200,38,8.91,891,8.911877112498676,891,USD,16,5732,M_5732_00013,MID_400012_000013,400012
TX_00000213,0200,27,39.01,3901,39.005518694243364,3901,USD,68,5311,M_5311_00055,MID_412800_000055,412800
TX_00000214,0200,64,32.72,3272,32.71569395670004,3272,USD,57,5732,M_5732_00082,MID_541234_000082,541234
TX_00000215,0200,37,49.17,4917,49.16535773406901,4917,USD,86,5311,M_5311_00055,MID_412800_000055,412800
TX_00000216,0200,42,114.14,11414,114.13938277123803,11414,USD,200,4816,M_4816_00011,MID_400012_000011,400012
TX_00000217,0200,29,97.98,9798,97.98446184884959,9798,USD,171,5912,M_5912_00117,MID_412800_000117,412800
TX_00000218,0200,69,43.18,4318,43.1841762632703,4318,USD,76,4816,M_4816_00100,MID_412800_000100,412800
TX_00000219,0200,56,39.09,3909,43.09,4309,USD,75,5812,M_5812_00021,MID_370001_000021,370001
TX_00000220,0200,61,106.58,10658,106.57694294804011,10658,USD,187,5912,M_5912_00117,MID_412800_000117,412800
TX_00000221,0200,60,21.17,2117,21.170184593967996,2117,USD,37,5999,M_5999_00142,MID_400012_000142,400012
TX_00000222,0200,44,119.99,11999,119.99315902279048,11999,USD,210,5999,M_5999_00142,MID_400012_000142,400012
TX_00000223,0200,63,352.72,35272,352.71918095004537,35272,USD,617,5999,M_5999_00142,MID_400012_000142,400012
TX_00000224,0200,69,61.82,6182,61.817497183660635,6182,USD,108,5999,M_5999_00142,MID_400012_000142,400012
TX_00000225,0200,46,86.55,8655,100.12,10012,USD,175,5812,M_5812_00112,MID_370001_000112,370001
TX_00000226,0200,59,66.45,6645,66.45327083477078,6645,USD,116,5411,M_5411_00085,MID_400012_000085,400012
TX_00000227,0200,28,35.56,3556,35.55943826605752,3556,USD,62,5912,M_5912_00117,MID_412800_000117,412800
TX_00000228,0200,32,22.42,2242,22.417591165030053,2242,USD,39,5411,M_5411_00085,MID_400012_000085,400012
TX_00000229,0200,44,21.51,2151,21.509068601727446,2151,USD,38,5411,M_5411_00149,MID_412800_000149,412800
TX_00000230,0200,28,16.62,1662,18.72,1872,USD,33,5812,M_5812_00021,MID_370001_000021,370001
TX_00000231,0200,37,21.71,2171,21.71182379663069,2171,USD,38,5411,M_5411_00015,MID_541234_000015,541234
TX_00000232,0200,45,99.18,9918,99.17580379763086,9918,USD,174,5311,M_5311_00104,MID_400012_000104,400012
TX_00000233,0200,37,47.54,4754,57.05,5705,USD,100,5812,M_5812_00021,MID_370001_000021,370001
TX_00000234,0200,33,55.64,5564,62.72,6272,USD,110,5812,M_5812_00021,MID_370001_000021,370001
TX_00000235,0200,48,133.48,13348,133.47602271800127,13348,USD,234,5912,M_5912_00101,MID_400012_000101,400012
TX_00000236,0200,39,0.68,68,51.75,5175,USD,91,5542,M_5542_00053,MID_412800_000053,412800
TX_00000237,0200,55,33.29,3329,33.28523394878465,3329,USD,58,5999,M_5999_00142,MID_400012_000142,400012
TX_00000238,0200,53,14.42,1442,14.416833503148263,1442,USD,25,5814,M_5814_00066,MID_412800_000066,412800
TX_00000239,0200,25,90.43,9043,90.43224935113041,9043,USD,158,5814,M_5814_00089,MID_412800_000089,412800
TX_00000240,0200,56,130.56,13056,130.55842213778806,13056,USD,228,5411,M_5411_00049,MID_412800_000049,412800
TX_00000241,0200,33,1070.7,107070,1070.695743011831,107070,USD,1874,5411,M_5411_00098,MID_412800_000098,412800
TX_00000242,0200,71,18.21,1821,18.211904789682478,1821,USD,32,5541,M_5541_00129,MID_370001_000129,370001
TX_00000243,0200,40,5.98,598,5.980451477068546,598,USD,10,5311,M_5311_00055,MID_412800_000055,412800
TX_00000244,0200,37,127.77,12777,127.77088060783505,12777,USD,224,5999,M_5999_00142,MID_400012_000142,400012
TX_00000245,0200,32,165.75,16575,165.74612027462564,16575,USD,290,5411,M_5411_00015,MID_541234_000015,541234
TX_00000246,0200,48,29.91,2991,29.905682174696004,2991,USD,52,5814,M_5814_00066,MID_412800_000066,412800
TX_00000247,0200,64,53.47,5347,53.4722888102593,5347,USD,94,5944,M_5944_00072,MID_541234_000072,541234
TX_00000248,0200,33,826.42,82642,826.4175723392102,82642,USD,1446,5311,M_5311_00138,MID_541234_000138,541234
TX_00000249,0200,38,189.79,18979,45.03,4503,USD,79,5542,M_5542_00012,MID_412800_000012,412800
TX_00000250,0200,55,20.69,2069,20.691846300775207,2069,USD,36,5411,M_5411_00051,MID_370001_000051,370001
TX_00000251,0200,43,23.72,2372,23.717383684035564,2372,USD,42,5999,M_5999_00142,MID_400012_000142,400012
TX_00000252,0200,28,79.75,7975,90.53,9053,USD,158,5812,M_5812_00102,MID_541234_000102,541234
TX_00000253,0200,63,44.41,4441,44.41368945149814,4441,USD,78,5814,M_5814_00148,MID_370001_000148,370001
TX_00000254,0200,39,23.83,2383,23.829313315924257,2383,USD,42,5912,M_5912_00048,MID_412800_000048,412800
TX_00000255,0200,34,53.73,5373,53.73181939779679,5373,USD,94,5311,M_5311_00104,MID_400012_000104,400012
TX_00000256,0200,27,46.54,4654,51.78,5178,USD,91,5812,M_5812_00021,MID_370001_000021,370001
TX_00000257,0200,60,51.99,5199,60.79,6079,USD,106,5812,M_5812_00021,MID_370001_000021,370001
TX_00000258,0200,38,41.64,4164,41.63746738391068,4164,USD,73,5999,M_5999_00142,MID_400012_000142,400012
TX_00000259,0200,71,29.54,2954,29.538875125472877,2954,USD,52,4816,M_4816_00011,MID_400012_000011,400012
TX_00000260,0200,60,84.61,8461,84.60965785058409,8461,USD,148,5541,M_5541_00120,MID_370001_000120,370001
TX_00000261,0200,51,100.07,10007,100.06513215088833,10007,USD,175,5541,M_5541_00120,MID_370001_000120,370001
TX_00000262,0200,47,34.2,3420,34.19706713340188,3420,USD,60,5912,M_5912_00086,MID_400012_000086,400012
TX_00000263,0200,70,63.46,6346,63.45948096449678,6346,USD,111,5912,M_5912_00086,MID_400012_000086,400012
TX_00000264,0200,39,59.25,5925,59.25453522381368,5925,USD,104,5912,M_5912_00086,MID_400012_000086,400012
TX_00000265,0200,41,407.8,40780,407.80000894749253,40780,USD,714,5541,M_5541_00120,MID_370001_000120,370001
TX_00000266,0200,25,244.97,24497,244.97491090368274,24497,USD,429,4816,M_4816_00100,MID_412800_000100,412800
TX_00000267,0200,57,18.68,1868,18.67581409791951,1868,USD,33,5411,M_5411_00058,MID_541234_000058,541234
TX_00000268,0200,50,516.1,51610,516.1042379915827,51610,USD,903,5999,M_5999_00142,MID_400012_000142,400012
TX_00000269,0200,71,21.11,2111,21.11384215804176,2111,USD,37,5411,M_5411_00088,MID_412800_000088,412800
TX_00000270,0200,59,21.35,2135,21.347315282647745,2135,USD,37,5411,M_5411_00088,MID_412800_000088,412800
TX_00000271,0200,55,53.35,5335,53.352764168707175,5335,USD,93,5814,M_5814_00089,MID_412800_000089,412800
TX_00000272,0200,33,35.9,3590,42.31,4231,USD,74,5812,M_5812_00021,MID_370001_000021,370001
TX_00000273,0200,70,22.13,2213,22.13425995081624,2213,USD,39,5411,M_5411_00088,MID_412800_000088,412800
TX_00000274,0200,49,67.08,6708,67.07949991568844,6708,USD,117,5411,M_5411_00088,MID_412800_000088,412800
TX_00000275,0200,35,27.34,2734,31.84,3184,USD,56,5812,M_5812_00021,MID_370001_000021,370001
TX_00000276,0200,25,62.71,6271,62.71227884345516,6271,USD,110,5411,M_5411_00015,MID_541234_000015,541234
TX_00000277,0200,53,140.93,14093,140.9332426091826,14093,USD,247,5912,M_5912_00101,MID_400012_000101,400012
TX_00000278,0200,50,34.67,3467,34.66606158567714,3467,USD,61,5814,M_5814_00141,MID_541234_000141,541234
TX_00000279,0200,38,77.96,7796,77.9608794633451,7796,USD,136,5411,M_5411_00098,MID_412800_000098,412800
TX_00000280,0200,55,109.62,10962,109.62183880285387,10962,USD,192,5814,M_5814_00141,MID_541234_000141,541234
TX_00000281,0200,57,439.6,43960,489.31,48931,USD,856,5812,M_5812_00021,MID_370001_000021,370001
TX_00000282,0200,37,11.72,1172,13.5,1350,USD,24,5812,M_5812_00021,MID_370001_000021,370001
TX_00000283,0200,59,54.95,5495,60.46,6046,USD,106,5812,M_5812_00021,MID_370001_000021,370001
TX_00000284,0200,36,38.92,3892,38.91669319291155,3892,USD,68,4816,M_4816_00109,MID_400012_000109,400012
TX_00000285,0200,66,42.59,4259,42.59402806440459,4259,USD,75,5732,M_5732_00082,MID_541234_000082,541234
TX_00000286,0200,71,81.59,8159,93.9,9390,USD,164,5812,M_5812_00021,MID_370001_000021,370001
TX_00000287,0200,47,237.09,23709,237.08611813019488,23709,USD,415,5814,M_5814_00089,MID_412800_000089,412800
TX_00000288,0200,39,119.84,11984,119.8380649772017,11984,USD,210,5944,M_5944_00002,MID_412800_000002,412800
TX_00000289,0200,36,429.69,42969,429.685409792303,42969,USD,752,5912,M_5912_00091,MID_400012_000091,400012
TX_00000290,0200,39,20.42,2042,24.14,2414,USD,42,5812,M_5812_00021,MID_370001_000021,370001
TX_00000291,0200,55,77.96,7796,77.95604444156841,7796,USD,136,5311,M_5311_00104,MID_400012_000104,400012
TX_00000292,0200,57,288.59,28859,288.593020964884,28859,USD,505,5311,M_5311_00104,MID_400012_000104,400012
TX_00000293,0200,56,6.86,686,6.857328692282578,686,USD,12,5411,M_5411_00015,MID_541234_000015,541234
TX_00000294,0200,41,442.55,44255,442.5522414008196,44255,USD,774,5411,M_5411_00097,MID_412800_000097,412800
TX_00000295,0200,40,472.07,47207,472.06515945466685,47207,USD,826,5411,M_5411_00097,MID_412800_000097,412800
TX_00000296,0200,54,182.65,18265,182.65159920519577,18265,USD,320,5411,M_5411_00097,MID_412800_000097,412800
TX_00000297,0200,36,14.93,1493,14.928773425074416,1493,USD,26,5311,M_5311_00020,MID_370001_000020,370001
TX_00000298,0200,42,49.64,4964,49.640288326885944,4964,USD,87,5411,M_5411_00058,MID_541234_000058,541234
TX_00000299,0200,30,13.61,1361,15.48,1548,USD,27,5812,M_5812_00102,MID_541234_000102,541234
TX_00000300,0200,45,128.14,12814,128.14271592586138,12814,USD,224,5999,M_5999_00142,MID_400012_000142,400012
TX_00000301,0200,24,93.73,9373,108.75,10875,USD,190,5812,M_5812_00102,MID_541234_000102,541234
TX_00000302,0200,64,69.98,6998,69.98485813330133,6998,USD,122,5411,M_5411_00058,MID_541234_000058,541234
TX_00000303,0200,64,4.3,430,5.06,506,USD,9,5812,M_5812_00102,MID_541234_000102,541234
TX_00000304,0200,34,29.76,2976,29.755279038316246,2976,USD,52,5912,M_5912_00048,MID_412800_000048,412800
TX_00000305,0200,32,51.51,5151,57.59,5759,USD,101,5812,M_5812_00081,MID_370001_000081,370001
TX_00000306,0200,41,46.27,4627,46.26863307104598,4627,USD,81,5411,M_5411_00068,MID_412800_000068,412800
TX_00000307,0200,35,166.38,16638,166.3820960601974,16638,USD,291,5411,M_5411_00068,MID_412800_000068,412800
TX_00000308,0200,70,28.05,2805,32.56,3256,USD,57,5812,M_5812_00145,MID_541234_000145,541234
TX_00000309,0200,50,33.64,3364,33.64134870372778,3364,USD,59,5814,M_5814_00066,MID_412800_000066,412800
TX_00000310,0200,49,78.85,7885,78.84624668053208,7885,USD,138,5311,M_5311_00116,MID_412800_000116,412800
TX_00000311,0200,43,91.69,9169,91.68512208816261,9169,USD,160,4816,M_4816_00011,MID_400012_000011,400012
TX_00000312,0200,60,442.81,44281,38.65,3865,USD,68,5542,M_5542_00053,MID_412800_000053,412800
TX_00000313,0200,57,9.06,906,9.061791137859329,906,USD,16,5999,M_5999_00142,MID_400012_000142,400012
TX_00000314,0200,28,31.24,3124,31.241195488140484,3124,USD,55,5311,M_5311_00079,MID_541234_000079,541234
TX_00000315,0200,70,30.66,3066,30.656986516655323,3066,USD,54,5999,M_5999_00142,MID_400012_000142,400012
TX_00000316,0200,63,26.86,2686,26.860759889621043,2686,USD,47,5999,M_5999_00142,MID_400012_000142,400012
TX_00000317,0200,52,17.45,1745,17.453473894114286,1745,USD,31,5999,M_5999_00142,MID_400012_000142,400012
TX_00000318,0200,51,52.3,5230,52.301216812474514,5230,USD,92,5814,M_5814_00141,MID_541234_000141,541234
TX_00000319,0200,24,130.15,13015,153.85,15385,USD,269,5812,M_5812_00021,MID_370001_000021,370001
TX_00000320,0200,70,26.83,2683,26.832516193460965,2683,USD,47,5814,M_5814_00066,MID_412800_000066,412800
TX_00000321,0200,45,7.87,787,7.869414226622248,787,USD,14,5814,M_5814_00066,MID_412800_000066,412800
TX_00000322,0200,49,23.6,2360,23.604449006538193,2360,USD,41,5814,M_5814_00066,MID_412800_000066,412800
TX_00000323,0200,52,23.42,2342,23.422334749339036,2342,USD,41,5411,M_5411_00015,MID_541234_000015,541234
TX_00000324,0200,38,61.56,6156,61.55891009013685,6156,USD,108,5411,M_5411_00015,MID_541234_000015,541234
TX_00000325,0200,49,21.62,2162,21.616755938859537,2162,USD,38,5411,M_5411_00111,MID_541234_000111,541234
TX_00000326,0200,32,65.22,6522,65.22018823723566,6522,USD,114,5999,M_5999_00142,MID_400012_000142,400012
TX_00000327,0200,66,114.98,11498,114.98405514951178,11498,USD,201,5411,M_5411_00139,MID_412800_000139,412800
TX_00000328,0200,63,20.16,2016,20.16144143402953,2016,USD,35,5814,M_5814_00148,MID_370001_000148,370001
TX_00000329,0200,61,30.2,3020,30.202403558742304,3020,USD,53,5912,M_5912_00105,MID_541234_000105,541234
TX_00000330,0200,67,98.84,9884,98.8350038153746,9884,USD,173,5411,M_5411_00073,MID_400012_000073,400012
TX_00000331,0200,48,33.71,3371,33.709370971985656,3371,USD,59,5541,M_5541_00113,MID_400012_000113,400012
TX_00000332,0200,34,41.54,4154,41.53575071382275,4154,USD,73,5311,M_5311_00052,MID_400012_000052,400012
TX_00000333,0200,41,63.14,6314,63.13939328281015,6314,USD,110,5411,M_5411_00059,MID_412800_000059,412800
TX_00000334,0200,42,11.57,1157,11.568342530685763,1157,USD,20,5411,M_5411_00059,MID_412800_000059,412800
TX_00000335,0200,50,22.25,2225,22.245369455283942,2225,USD,39,5411,M_5411_00059,MID_412800_000059,412800
TX_00000336,0200,53,21.86,2186,21.860118628690667,2186,USD,38,5411,M_5411_00059,MID_412800_000059,412800
TX_00000337,0200,43,60.35,6035,60.35308858904229,6035,USD,106,5411,M_5411_00059,MID_412800_000059,412800
TX_00000338,0200,30,66.55,6655,66.55215674144614,6655,USD,116,6051,M_6051_00023,MID_370001_000023,370001
TX_00000339,0200,53,22.57,2257,22.574134894456293,2257,USD,40,5814,M_5814_00089,MID_412800_000089,412800
TX_00000340,0200,33,59.79,5979,59.79199157533818,5979,USD,105,5411,M_5411_00015,MID_541234_000015,541234
TX_00000341,0200,55,70.86,7086,70.85560524837273,7086,USD,124,5541,M_5541_00113,MID_400012_000113,400012
TX_00000342,0200,24,76.73,7673,76.73383238911167,7673,USD,134,5541,M_5541_00113,MID_400012_000113,400012
TX_00000343,0200,36,586.88,58688,687.53,68753,USD,1203,5812,M_5812_00047,MID_400012_000047,400012
TX_00000344,0200,61,19.48,1948,19.479304457424043,1948,USD,34,5541,M_5541_00113,MID_400012_000113,400012
TX_00000345,0200,42,40.07,4007,40.06563281444446,4007,USD,70,5541,M_5541_00113,MID_400012_000113,400012
TX_00000346,0200,35,55.84,5584,55.84491125617688,5584,USD,98,5411,M_5411_00025,MID_541234_000025,541234
TX_00000347,0200,39,11.93,1193,14.07,1407,USD,25,5812,M_5812_00021,MID_370001_000021,370001
TX_00000348,0200,43,32.67,3267,32.67085240515819,3267,USD,57,5411,M_5411_00025,MID_541234_000025,541234
TX_00000349,0200,62,1366.57,136657,1366.5744622027169,136657,USD,2392,5411,M_5411_00025,MID_541234_000025,541234
TX_00000350,0200,58,88.54,8854,99.93,9993,USD,175,5812,M_5812_00021,MID_370001_000021,370001
TX_00000351,0200,46,10.73,1073,12.29,1229,USD,22,5812,M_5812_00021,MID_370001_000021,370001
TX_00000352,0200,47,25.2,2520,27.98,2798,USD,49,5812,M_5812_00021,MID_370001_000021,370001
TX_00000353,0200,70,20.37,2037,20.365359704519793,2037,USD,36,5814,M_5814_00001,MID_412800_000001,412800
TX_00000354,0200,61,46.02,4602,46.02200072989594,4602,USD,81,5814,M_5814_00001,MID_412800_000001,412800
TX_00000355,0200,44,19.13,1913,19.1323408228643,1913,USD,33,6051,M_6051_00023,MID_370001_000023,370001
TX_00000356,0200,70,21.06,2106,21.05947943837532,2106,USD,37,5311,M_5311_00116,MID_412800_000116,412800
TX_00000357,0200,51,54.53,5453,54.53385073758899,5453,USD,95,5311,M_5311_00138,MID_541234_000138,541234
TX_00000358,0200,41,15.94,1594,15.942277658757405,1594,USD,28,5814,M_5814_00001,MID_412800_000001,412800
TX_00000359,0200,38,34.3,3430,39.82,3982,USD,70,5812,M_5812_00021,MID_370001_000021,370001
TX_00000360,0200,41,201.66,20166,201.66469402893077,20166,USD,353,5814,M_5814_00001,MID_412800_000001,412800
TX_00000361,0200,53,94.61,9461,113.39,11339,USD,198,5812,M_5812_00081,MID_370001_000081,370001
TX_00000362,0200,41,18.0,1800,20.94,2094,USD,37,5812,M_5812_00081,MID_370001_000081,370001
TX_00000363,0200,63,19.83,1983,21.93,2193,USD,38,5812,M_5812_00081,MID_370001_000081,370001
TX_00000364,0200,27,15.56,1556,15.559580260748048,1556,USD,27,5732,M_5732_00013,MID_400012_000013,400012
TX_00000365,0200,48,13.02,1302,13.024944633035226,1302,USD,23,5814,M_5814_00066,MID_412800_000066,412800
TX_00000366,0200,26,7.57,757,7.573965754760635,757,USD,13,5814,M_5814_00066,MID_412800_000066,412800
TX_00000367,0200,55,29.44,2944,29.439165832566072,2944,USD,52,5814,M_5814_00148,MID_370001_000148,370001
TX_00000368,0200,54,40.56,4056,40.55877241159822,4056,USD,71,4816,M_4816_00011,MID_400012_000011,400012
TX_00000369,0200,28,12.59,1259,12.593856193861374,1259,USD,22,5814,M_5814_00066,MID_412800_000066,412800
TX_00000370,0200,62,106.34,10634,106.33676093773987,10634,USD,186,5732,M_5732_00045,MID_400012_000045,400012
TX_00000371,0200,43,19.17,1917,22.49,2249,USD,39,5812,M_5812_00081,MID_370001_000081,370001
TX_00000372,0200,38,171.9,17190,190.57,19057,USD,333,5812,M_5812_00112,MID_370001_000112,370001
TX_00000373,0200,38,15.32,1532,15.320359558586999,1532,USD,27,5999,M_5999_00142,MID_400012_000142,400012
TX_00000374,0200,67,19.45,1945,19.448436287243677,1945,USD,34,5999,M_5999_00142,MID_400012_000142,400012
TX_00000375,0200,63,90.54,9054,90.53659638673838,9054,USD,158,5411,M_5411_00015,MID_541234_000015,541234
TX_00000376,0200,60,76.18,7618,85.16,8516,USD,149,5812,M_5812_00021,MID_370001_000021,370001
TX_00000377,0200,66,11.61,1161,11.61193451742151,1161,USD,20,5541,M_5541_00113,MID_400012_000113,400012
TX_00000378,0200,66,10.36,1036,10.360914448146247,1036,USD,18,5814,M_5814_00066,MID_412800_000066,412800
TX_00000379,0200,67,33.79,3379,37.95,3795,USD,66,5812,M_5812_00102,MID_541234_000102,541234
TX_00000380,0200,40,11.2,1120,11.202341382287415,1120,USD,20,5541,M_5541_00113,MID_400012_000113,400012
TX_00000381,0200,66,15.59,1559,15.586505515337672,1559,USD,27,5814,M_5814_00092,MID_400012_000092,400012
TX_00000382,0200,26,70.07,7007,70.07185531611267,7007,USD,123,5411,M_5411_00015,MID_541234_000015,541234
TX_00000383,0200,42,593.65,59365,593.6492022906323,59365,USD,1039,5541,M_5541_00113,MID_400012_000113,400012
TX_00000384,0200,28,196.13,19613,228.36,22836,USD,400,5812,M_5812_00133,MID_541234_000133,541234
TX_00000385,0200,49,1125.83,112583,1262.21,126221,USD,2209,5812,M_5812_00047,MID_400012_000047,400012
TX_00000386,0200,69,599.0,59900,675.26,67526,USD,1182,5812,M_5812_00047,MID_400012_000047,400012
TX_00000387,0200,57,408.24,40824,449.3,44930,USD,786,5812,M_5812_00047,MID_400012_000047,400012
TX_00000388,0200,65,1009.46,100946,1146.08,114608,USD,2006,5812,M_5812_00047,MID_400012_000047,400012
TX_00000389,0200,60,57.04,5704,57.036363056633874,5704,USD,100,5814,M_5814_00066,MID_412800_000066,412800
TX_00000390,0200,58,1.28,128,1.28,128,USD,2,5814,M_5814_00066,MID_412800_000066,412800
TX_00000391,0200,48,36.36,3636,36.359348484065634,3636,USD,64,5411,M_5411_00051,MID_370001_000051,370001
TX_00000392,0200,56,23.57,2357,23.570659342765346,2357,USD,41,5814,M_5814_00092,MID_400012_000092,400012
TX_00000393,0200,25,48.26,4826,48.25908793478084,4826,USD,84,5411,M_5411_00083,MID_541234_000083,541234
TX_00000394,0200,59,8.32,832,8.317499483776796,832,USD,15,5814,M_5814_00148,MID_370001_000148,370001
TX_00000395,0200,26,12.95,1295,12.94973009625696,1295,USD,23,5411,M_5411_00149,MID_412800_000149,412800
TX_00000396,0200,52,35.21,3521,35.205034949825745,3521,USD,62,5311,M_5311_00104,MID_400012_000104,400012
TX_00000397,0200,62,37.29,3729,37.290359510490525,3729,USD,65,5411,M_5411_00015,MID_541234_000015,541234
TX_00000398,0200,51,53.36,5336,60.96,6096,USD,107,5812,M_5812_00102,MID_541234_000102,541234
TX_00000399,0200,51,296.07,29607,296.0650473965953,29607,USD,518,5311,M_5311_00138,MID_541234_000138,541234
TX_00000400,0200,27,24.13,2413,24.130686817741875,2413,USD,42,5311,M_5311_00055,MID_412800_000055,412800
TX_00000401,0200,64,72.58,7258,72.58188097031346,7258,USD,127,5411,M_5411_00073,MID_400012_000073,400012
TX_00000402,0200,49,24.33,2433,24.332299520787956,2433,USD,43,5411,M_5411_00073,MID_400012_000073,400012
TX_00000403,0200,36,9.33,933,25.64,2564,USD,45,5542,M_5542_00053,MID_412800_000053,412800
TX_00000404,0200,57,28.27,2827,53.16,5316,USD,93,5542,M_5542_00053,MID_412800_000053,412800
TX_00000405,0200,70,8.04,804,51.85,5185,USD,91,5542,M_5542_00053,MID_412800_000053,412800
TX_00000406,0200,36,27.51,2751,31.12,3112,USD,54,5812,M_5812_00021,MID_370001_000021,370001
TX_00000407,0200,67,6.16,616,50.74,5074,USD,89,5542,M_5542_00053,MID_412800_000053,412800
TX_00000408,0200,54,14.68,1468,14.683490209301116,1468,USD,26,5411,M_5411_00114,MID_541234_000114,541234
TX_00000409,0200,57,726.4,72640,726.3965593216928,72640,USD,1271,5814,M_5814_00144,MID_370001_000144,370001
TX_00000410,0200,25,23.51,2351,23.506916643697146,2351,USD,41,5814,M_5814_00144,MID_370001_000144,370001
TX_00000411,0200,25,94.98,9498,109.86,10986,USD,192,5812,M_5812_00033,MID_370001_000033,370001
TX_00000412,0200,69,98.83,9883,42.53,4253,USD,74,5542,M_5542_00053,MID_412800_000053,412800
TX_00000413,0200,24,43.45,4345,34.51,3451,USD,60,5542,M_5542_00039,MID_541234_000039,541234
TX_00000414,0200,43,52.92,5292,52.919559567482004,5292,USD,93,5814,M_5814_00066,MID_412800_000066,412800
TX_00000415,0200,48,32.61,3261,32.60822183542213,3261,USD,57,5814,M_5814_00066,MID_412800_000066,412800
TX_00000416,0200,24,8.2,820,9.2,920,USD,16,5812,M_5812_00076,MID_370001_000076,370001
TX_00000417,0200,43,41.11,4111,47.89,4789,USD,84,5812,M_5812_00102,MID_541234_000102,541234
TX_00000418,0200,26,131.17,13117,131.1698107555415,13117,USD,230,5311,M_5311_00116,MID_412800_000116,412800
TX_00000419,0200,32,250.0,25000,250.0,25000,USD,438,5732,M_5732_00082,MID_541234_000082,541234
TX_00000420,0200,38,64.67,6467,64.6743565726293,6467,USD,113,5411,M_5411_00015,MID_541234_000015,541234
TX_00000421,0200,31,57.51,5751,57.51347340522917,5751,USD,101,5732,M_5732_00082,MID_541234_000082,541234
TX_00000422,0200,65,50.14,5014,50.138449896603355,5014,USD,88,5732,M_5732_00082,MID_541234_000082,541234
TX_00000423,0200,51,44.16,4416,44.1640504822063,4416,USD,77,5411,M_5411_00015,MID_541234_000015,541234
TX_00000424,0200,62,45.3,4530,45.30254883398517,4530,USD,79,5814,M_5814_00066,MID_412800_000066,412800
TX_00000425,0200,47,65.09,6509,65.08851225149505,6509,USD,114,5814,M_5814_00066,MID_412800_000066,412800
TX_00000426,0200,27,67.86,6786,67.85868899970222,6786,USD,119,5411,M_5411_00015,MID_541234_000015,541234
TX_00000427,0200,39,35.08,3508,35.07922491898859,3508,USD,61,5411,M_5411_00015,MID_541234_000015,541234
TX_00000428,0200,55,66.85,6685,66.84944832723649,6685,USD,117,5411,M_5411_00004,MID_370001_000004,370001
TX_00000429,0200,45,38.71,3871,38.7064115838326,3871,USD,68,5814,M_5814_00066,MID_412800_000066,412800
TX_00000430,0200,37,35.76,3576,35.761948640642686,3576,USD,63,5411,M_5411_00038,MID_541234_000038,541234
TX_00000431,0200,52,65.47,6547,65.47031201005558,6547,USD,115,5541,M_5541_00113,MID_400012_000113,400012
TX_00000432,0200,32,28.39,2839,28.39006780263121,2839,USD,50,4816,M_4816_00011,MID_400012_000011,400012
TX_00000433,0200,67,29.53,2953,29.529036337399905,2953,USD,52,5541,M_5541_00095,MID_400012_000095,400012
TX_00000434,0200,64,48.89,4889,48.885764706957296,4889,USD,86,5912,M_5912_00105,MID_541234_000105,541234
TX_00000435,0200,67,6.76,676,8.0,800,USD,14,5812,M_5812_00021,MID_370001_000021,370001
TX_00000436,0200,31,24.95,2495,24.949276638830103,2495,USD,44,5814,M_5814_00065,MID_541234_000065,541234
TX_00000437,0200,43,80.01,8001,80.00984560484156,8001,USD,140,5999,M_5999_00142,MID_400012_000142,400012
TX_00000438,0200,24,13.7,1370,13.69938797633067,1370,USD,24,5814,M_5814_00125,MID_412800_000125,412800
TX_00000439,0200,62,49.67,4967,49.674146403215495,4967,USD,87,5814,M_5814_00066,MID_412800_000066,412800
TX_00000440,0200,42,48.77,4877,57.56,5756,USD,101,5812,M_5812_00123,MID_412800_000123,412800
TX_00000441,0200,32,81.15,8115,81.15460744414685,8115,USD,142,5411,M_5411_00015,MID_541234_000015,541234
TX_00000442,0200,48,52.16,5216,52.157605628168874,5216,USD,91,5411,M_5411_00028,MID_541234_000028,541234
TX_00000443,0200,64,24.13,2413,27.7,2770,USD,48,5812,M_5812_00046,MID_370001_000046,370001
TX_00000444,0200,56,44.53,4453,49.29,4929,USD,86,5812,M_5812_00021,MID_370001_000021,370001
TX_00000445,0200,39,7.79,779,8.86,886,USD,16,5812,M_5812_00102,MID_541234_000102,541234
TX_00000446,0200,49,44.63,4463,44.63269652373974,4463,USD,78,5912,M_5912_00091,MID_400012_000091,400012
TX_00000447,0200,67,35.05,3505,35.04885241555298,3505,USD,61,4816,M_4816_00011,MID_400012_000011,400012
TX_00000448,0200,35,191.82,19182,191.8243173404173,19182,USD,336,5311,M_5311_00052,MID_400012_000052,400012
TX_00000449,0200,60,32.43,3243,32.42672651715586,3243,USD,57,5411,M_5411_00051,MID_370001_000051,370001
TX_00000450,0200,49,56.99,5699,68.34,6834,USD,120,5812,M_5812_00021,MID_370001_000021,370001
TX_00000451,0200,24,6.23,623,7.37,737,USD,13,5812,M_5812_00021,MID_370001_000021,370001
TX_00000452,0200,44,15.07,1507,15.066429247321821,1507,USD,26,5732,M_5732_00045,MID_400012_000045,400012
TX_00000453,0200,71,22.34,2234,25.86,2586,USD,45,5812,M_5812_00021,MID_370001_000021,370001
TX_00000454,0200,56,20.51,2051,20.508791371869762,2051,USD,36,5411,M_5411_00015,MID_541234_000015,541234
TX_00000455,0200,69,16.22,1622,18.96,1896,USD,33,5812,M_5812_00021,MID_370001_000021,370001
TX_00000456,0200,62,7.57,757,8.73,873,USD,15,5812,M_5812_00021,MID_370001_000021,370001
TX_00000457,0200,34,51.45,5145,51.449311710530786,5145,USD,90,5541,M_5541_00143,MID_541234_000143,541234
TX_00000458,0200,48,11.26,1126,11.263649444006068,1126,USD,20,5814,M_5814_00066,MID_412800_000066,412800
TX_00000459,0200,59,39.77,3977,39.77000596690019,3977,USD,70,5541,M_5541_00143,MID_541234_000143,541234
TX_00000460,0200,26,125.65,12565,125.65137933641857,12565,USD,220,5541,M_5541_00143,MID_541234_000143,541234
TX_00000461,0200,66,15.61,1561,15.61325430721029,1561,USD,27,5814,M_5814_00148,MID_370001_000148,370001
TX_00000462,0200,37,28.98,2898,28.981814374091076,2898,USD,51,5814,M_5814_00148,MID_370001_000148,370001
TX_00000463,0200,26,29.31,2931,33.34,3334,USD,58,5812,M_5812_00021,MID_370001_000021,370001
TX_00000464,0200,41,53.71,5371,53.70775818412236,5371,USD,94,5814,M_5814_00148,MID_370001_000148,370001
TX_00000465,0200,63,205.57,20557,227.54,22754,USD,398,5812,M_5812_00021,MID_370001_000021,370001
TX_00000466,0200,42,8.12,812,8.124985399442854,812,USD,14,5814,M_5814_00148,MID_370001_000148,370001
TX_00000467,0200,44,58.98,5898,46.69,4669,USD,82,5542,M_5542_00053,MID_412800_000053,412800
TX_00000468,0200,60,40.62,4062,51.44,5144,USD,90,5542,M_5542_00053,MID_412800_000053,412800
TX_00000469,0200,35,39.27,3927,39.26552877714812,3927,USD,69,5311,M_5311_00079,MID_541234_000079,541234
TX_00000470,0200,32,78.5,7850,78.50267166773224,7850,USD,137,5999,M_5999_00142,MID_400012_000142,400012
TX_00000471,0200,65,260.77,26077,300.56,30056,USD,526,5812,M_5812_00145,MID_541234_000145,541234
TX_00000472,0200,42,25.88,2588,25.877806413744608,2588,USD,45,5999,M_5999_00142,MID_400012_000142,400012
TX_00000473,0200,60,46.44,4644,54.38,5438,USD,95,5812,M_5812_00021,MID_370001_000021,370001
TX_00000474,0200,42,899.13,89913,899.13,89913,USD,1573,5732,M_5732_00045,MID_400012_000045,400012
TX_00000475,0200,26,1346.44,134644,1346.44,134644,USD,2356,5732,M_5732_00045,MID_400012_000045,400012
TX_00000476,0200,50,26.97,2697,30.22,3022,USD,53,5812,M_5812_00021,MID_370001_000021,370001
TX_00000477,0200,29,16.6,1660,16.595647851890558,1660,USD,29,5311,M_5311_00079,MID_541234_000079,541234
TX_00000478,0200,70,18.17,1817,18.170187680396168,1817,USD,32,5814,M_5814_00066,MID_412800_000066,412800
TX_00000479,0200,51,123.44,12344,142.89,14289,USD,250,5812,M_5812_00046,MID_370001_000046,370001
TX_00000480,0200,31,53.92,5392,53.916004155798845,5392,USD,94,5541,M_5541_00129,MID_370001_000129,370001
TX_00000481,0200,52,450.0,45000,504.19,50419,USD,882,5812,M_5812_00046,MID_370001_000046,370001
TX_00000482,0200,48,25.67,2567,25.672433810232288,2567,USD,45,5411,M_5411_00015,MID_541234_000015,541234
TX_00000483,0200,42,192.63,19263,192.62597017480195,19263,USD,337,5411,M_5411_00015,MID_541234_000015,541234
TX_00000484,0200,47,308.67,30867,308.67062401840104,30867,USD,540,5411,M_5411_00068,MID_412800_000068,412800
TX_00000485,0200,67,96.96,9696,96.95868202124545,9696,USD,170,5411,M_5411_00015,MID_541234_000015,541234
TX_00000486,0200,54,250.0,25000,250.0,25000,USD,438,5411,M_5411_00015,MID_541234_000015,541234
TX_00000487,0200,34,32.81,3281,38.96,3896,USD,68,5812,M_5812_00021,MID_370001_000021,370001
TX_00000488,0200,39,63.34,6334,63.33508474820045,6334,USD,111,5411,M_5411_00015,MID_541234_000015,541234
TX_00000489,0200,27,27.21,2721,30.48,3048,USD,53,5812,M_5812_00043,MID_370001_000043,370001
TX_00000490,0200,71,76.16,7616,76.16043801909161,7616,USD,133,5411,M_5411_00025,MID_541234_000025,541234
TX_00000491,0200,59,429.8,42980,429.7983847980863,42980,USD,752,5411,M_5411_00025,MID_541234_000025,541234
TX_00000492,0200,32,21.29,2129,21.288388535262033,2129,USD,37,5999,M_5999_00142,MID_400012_000142,400012
TX_00000493,0200,55,13.3,1330,13.304836877511585,1330,USD,23,5999,M_5999_00142,MID_400012_000142,400012
TX_00000494,0200,66,17.57,1757,17.566077636304737,1757,USD,31,5541,M_5541_00113,MID_400012_000113,400012
TX_00000495,0200,61,17.75,1775,17.747003833199603,1775,USD,31,5912,M_5912_00086,MID_400012_000086,400012
TX_00000496,0200,33,12.05,1205,12.048962293565152,1205,USD,21,5912,M_5912_00048,MID_412800_000048,412800
TX_00000497,0200,48,13.29,1329,14.77,1477,USD,26,5812,M_5812_00093,MID_412800_000093,412800
TX_00000498,0200,53,38.69,3869,44.53,4453,USD,78,5812,M_5812_00093,MID_412800_000093,412800
TX_00000499,0200,52,44.34,4434,44.33620784029835,4434,USD,78,5732,M_5732_00082,MID_541234_000082,541234
TX_00000500,0200,62,23.19,2319,23.18776864922898,2319,USD,41,5999,M_5999_00142,MID_400012_000142,400012
TX_00000501,0200,39,105.56,10556,121.33,12133,USD,212,5812,M_5812_00096,MID_400012_000096,400012
TX_00000502,0200,42,33.8,3380,33.80076523270588,3380,USD,59,5541,M_5541_00019,MID_412800_000019,412800
TX_00000503,0200,68,59.04,5904,65.03,6503,USD,114,5812,M_5812_00096,MID_400012_000096,400012
TX_00000504,0200,55,52.31,5231,59.23,5923,USD,104,5812,M_5812_00102,MID_541234_000102,541234
TX_00000505,0200,28,43.71,4371,43.70628956659926,4371,USD,76,5912,M_5912_00101,MID_400012_000101,400012
TX_00000506,0200,42,21.65,2165,21.6465680284611,2165,USD,38,5541,M_5541_00064,MID_400012_000064,400012
TX_00000507,0200,43,99.76,9976,99.76268109102539,9976,USD,175,5999,M_5999_00142,MID_400012_000142,400012
TX_00000508,0200,66,212.25,21225,212.25074420998743,21225,USD,371,5411,M_5411_00051,MID_370001_000051,370001
TX_00000509,0200,49,11.3,1130,13.02,1302,USD,23,5812,M_5812_00021,MID_370001_000021,370001
TX_00000510,0200,42,17.03,1703,17.025804063504882,1703,USD,30,5999,M_5999_00142,MID_400012_000142,400012
TX_00000511,0200,64,49.82,4982,49.82417883875986,4982,USD,87,5411,M_5411_00015,MID_541234_000015,541234
TX_00000512,0200,41,42.33,4233,42.3304350214555,4233,USD,74,5814,M_5814_00066,MID_412800_000066,412800
TX_00000513,0200,27,17.54,1754,17.542174126287094,1754,USD,31,5411,M_5411_00068,MID_412800_000068,412800
TX_00000514,0200,66,41.02,4102,41.02130419165213,4102,USD,72,5411,M_5411_00015,MID_541234_000015,541234
TX_00000515,0200,61,78.44,7844,89.8,8980,USD,157,5812,M_5812_00093,MID_412800_000093,412800
TX_00000516,0200,68,10.48,1048,10.483497148949308,1048,USD,18,5814,M_5814_00066,MID_412800_000066,412800
TX_00000517,0200,40,16.86,1686,16.864172488455008,1686,USD,30,5411,M_5411_00015,MID_541234_000015,541234
TX_00000518,0200,63,31.01,3101,31.01478675158938,3101,USD,54,5814,M_5814_00066,MID_412800_000066,412800
TX_00000519,0200,70,81.85,8185,93.72,9372,USD,164,5812,M_5812_00021,MID_370001_000021,370001
TX_00000520,0200,44,130.33,13033,130.33049913110113,13033,USD,228,5411,M_5411_00036,MID_400012_000036,400012
TX_00000521,0200,68,29.62,2962,32.91,3291,USD,58,5812,M_5812_00021,MID_370001_000021,370001
TX_00000522,0200,52,215.26,21526,242.46,24246,USD,424,5812,M_5812_00021,MID_370001_000021,370001
TX_00000523,0200,63,38.24,3824,42.7,4270,USD,75,5812,M_5812_00021,MID_370001_000021,370001
TX_00000524,0200,51,67.22,6722,67.22386350016083,6722,USD,118,5411,M_5411_00015,MID_541234_000015,541234
TX_00000525,0200,29,23.14,2314,23.140298560371452,2314,USD,40,5541,M_5541_00120,MID_370001_000120,370001
TX_00000526,0200,43,29.22,2922,34.37,3437,USD,60,5812,M_5812_00021,MID_370001_000021,370001
TX_00000527,0200,39,26.41,2641,30.13,3013,USD,53,5812,M_5812_00021,MID_370001_000021,370001
TX_00000528,0200,64,55.82,5582,55.819404816950644,5582,USD,98,5411,M_5411_00015,MID_541234_000015,541234
TX_00000529,0200,41,102.08,10208,102.07591235131889,10208,USD,179,5411,M_5411_00059,MID_412800_000059,412800
TX_00000530,0200,38,22.8,2280,26.97,2697,USD,47,5812,M_5812_00021,MID_370001_000021,370001
TX_00000531,0200,26,27.88,2788,27.879116497955323,2788,USD,49,4816,M_4816_00011,MID_400012_000011,400012
TX_00000532,0200,32,29.2,2920,29.19780296698627,2920,USD,51,5814,M_5814_00147,MID_541234_000147,541234
TX_00000533,0200,61,31.2,3120,31.19618802617845,3120,USD,55,5999,M_5999_00142,MID_400012_000142,400012
TX_00000534,0200,36,30.44,3044,30.437291110823235,3044,USD,53,5999,M_5999_00142,MID_400012_000142,400012
TX_00000535,0200,53,50.94,5094,58.57,5857,USD,102,5812,M_5812_00021,MID_370001_000021,370001
TX_00000536,0200,44,48.23,4823,48.225689807889026,4823,USD,84,5912,M_5912_00042,MID_400012_000042,400012
TX_00000537,0200,68,48.87,4887,58.21,5821,USD,102,5812,M_5812_00021,MID_370001_000021,370001
TX_00000538,0200,37,39.52,3952,39.51514559428556,3952,USD,69,5814,M_5814_00092,MID_400012_000092,400012
TX_00000539,0200,61,62.36,6236,62.35810125831959,6236,USD,109,5814,M_5814_00092,MID_400012_000092,400012
TX_00000540,0200,59,29.62,2962,29.618576112227508,2962,USD,52,5814,M_5814_00092,MID_400012_000092,400012
TX_00000541,0200,34,474.3,47430,560.78,56078,USD,981,5812,M_5812_00021,MID_370001_000021,370001
TX_00000542,0200,32,44.4,4440,44.3985649721523,4440,USD,78,5999,M_5999_00142,MID_400012_000142,400012
TX_00000543,0200,55,82.06,8206,93.63,9363,USD,164,5812,M_5812_00021,MID_370001_000021,370001
TX_00000544,0200,46,42.52,4252,47.97,4797,USD,84,5812,M_5812_00123,MID_412800_000123,412800
TX_00000545,0200,29,23.97,2397,23.972926381455235,2397,USD,42,5541,M_5541_00113,MID_400012_000113,400012
TX_00000546,0200,49,140.26,14026,140.259809506332,14026,USD,245,5814,M_5814_00148,MID_370001_000148,370001
TX_00000547,0200,54,123.68,12368,123.68005065161982,12368,USD,216,5411,M_5411_00015,MID_541234_000015,541234
TX_00000548,0200,71,26.88,2688,26.87756691583098,2688,USD,47,5411,M_5411_00025,MID_541234_000025,541234
TX_00000549,0200,31,12.89,1289,12.892327626093936,1289,USD,23,5732,M_5732_00045,MID_400012_000045,400012
TX_00000550,0200,29,34.54,3454,34.53534278119818,3454,USD,60,5732,M_5732_00045,MID_400012_000045,400012
TX_00000551,0200,37,105.83,10583,105.83166266676513,10583,USD,185,5732,M_5732_00045,MID_400012_000045,400012
TX_00000552,0200,59,31.76,3176,31.76116051564735,3176,USD,56,5999,M_5999_00142,MID_400012_000142,400012
TX_00000553,0200,66,40.65,4065,40.647819094406515,4065,USD,71,5814,M_5814_00066,MID_412800_000066,412800
TX_00000554,0200,59,52.3,5230,52.298669022494124,5230,USD,92,5732,M_5732_00045,MID_400012_000045,400012
TX_00000555,0200,61,59.95,5995,59.9548776587501,5995,USD,105,5311,M_5311_00116,MID_412800_000116,412800
TX_00000556,0200,71,38.7,3870,38.69789851748671,3870,USD,68,5812,M_5812_00021,MID_370001_000021,370001
TX_00000557,0200,31,8.9,890,10.24,1024,USD,18,5812,M_5812_00145,MID_541234_000145,541234
TX_00000558,0200,58,21.39,2139,24.5,2450,USD,43,5812,M_5812_00076,MID_370001_000076,370001
TX_00000559,0200,54,208.48,20848,208.47573452292605,20848,USD,365,5411,M_5411_00051,MID_370001_000051,370001
TX_00000560,0200,41,161.27,16127,161.269339410287,16127,USD,282,5541,M_5541_00143,MID_541234_000143,541234
TX_00000561,0200,69,61.57,6157,61.57215790333534,6157,USD,108,5411,M_5411_00027,MID_412800_000027,412800
TX_00000562,0200,47,15.17,1517,15.170099803380062,1517,USD,27,5999,M_5999_00031,MID_370001_000031,370001
TX_00000563,0200,34,47.72,4772,47.718319703512876,4772,USD,84,5411,M_5411_00073,MID_400012_000073,400012
TX_00000564,0200,56,29.97,2997,29.97487774756597,2997,USD,52,6513,M_6513_00005,MID_541234_000005,541234
TX_00000565,0200,59,41.94,4194,50.25,5025,USD,88,5812,M_5812_00096,MID_400012_000096,400012
TX_00000566,0200,35,20.51,2051,24.51,2451,USD,43,5812,M_5812_00021,MID_370001_000021,370001
TX_00000567,0200,39,41.6,4160,47.75,4775,USD,84,5812,M_5812_00096,MID_400012_000096,400012
TX_00000568,0200,70,36.62,3662,36.61705564007759,3662,USD,64,5814,M_5814_00037,MID_400012_000037,400012
TX_00000569,0200,67,8.54,854,8.540070442435477,854,USD,15,5311,M_5311_00020,MID_370001_000020,370001
TX_00000570,0200,68,43.54,4354,43.53644465504949,4354,USD,76,5311,M_5311_00020,MID_370001_000020,370001
TX_00000571,0200,37,22.72,2272,22.71901187110996,2272,USD,40,5814,M_5814_00066,MID_412800_000066,412800
TX_00000572,0200,39,14.22,1422,16.29,1629,USD,29,5812,M_5812_00021,MID_370001_000021,370001
TX_00000573,0200,35,0.86,86,0.86,86,USD,2,5411,M_5411_00028,MID_541234_000028,541234
TX_00000574,0200,41,25.31,2531,29.87,2987,USD,52,5812,M_5812_00046,MID_370001_000046,370001
TX_00000575,0200,34,29.37,2937,32.34,3234,USD,57,5812,M_5812_00081,MID_370001_000081,370001
TX_00000576,0200,26,65.11,6511,73.11,7311,USD,128,5812,M_5812_00081,MID_370001_000081,370001
TX_00000577,0200,37,34.48,3448,38.89,3889,USD,68,5812,M_5812_00081,MID_370001_000081,370001
TX_00000578,0200,52,37.36,3736,37.35880399511258,3736,USD,65,5411,M_5411_00127,MID_541234_000127,541234
TX_00000579,0200,29,148.7,14870,171.19,17119,USD,300,5812,M_5812_00021,MID_370001_000021,370001
TX_00000580,0200,65,16.85,1685,20.08,2008,USD,35,5812,M_5812_00081,MID_370001_000081,370001
TX_00000581,0200,29,51.13,5113,51.1288684441687,5113,USD,89,5541,M_5541_00113,MID_400012_000113,400012
TX_00000582,0200,29,30.38,3038,30.383758113795626,3038,USD,53,5814,M_5814_00066,MID_412800_000066,412800
TX_00000583,0200,60,19.22,1922,19.22457976155173,1922,USD,34,5411,M_5411_00050,MID_412800_000050,412800
TX_00000584,0200,43,18.44,1844,18.437572860136264,1844,USD,32,5411,M_5411_00084,MID_541234_000084,541234
TX_00000585,0200,41,48.37,4837,48.36871867022839,4837,USD,85,5814,M_5814_00066,MID_412800_000066,412800
TX_00000586,0200,37,84.18,8418,96.15,9615,USD,168,5812,M_5812_00021,MID_370001_000021,370001
TX_00000587,0200,40,60.18,6018,60.18028424238066,6018,USD,105,5814,M_5814_00066,MID_412800_000066,412800
TX_00000588,0200,31,24.57,2457,24.56617681355863,2457,USD,43,6513,M_6513_00022,MID_370001_000022,370001
TX_00000589,0200,39,34.19,3419,34.18848690960417,3419,USD,60,5411,M_5411_00015,MID_541234_000015,541234
TX_00000590,0200,61,58.28,5828,58.28361848385471,5828,USD,102,5541,M_5541_00057,MID_541234_000057,541234
TX_00000591,0200,58,174.37,17437,174.36590548492111,17437,USD,305,5541,M_5541_00057,MID_541234_000057,541234
TX_00000592,0200,25,761.41,76141,761.4077000645434,76141,USD,1332,5912,M_5912_00086,MID_400012_000086,400012
TX_00000593,0200,31,258.97,25897,258.97072101609064,25897,USD,453,5912,M_5912_00086,MID_400012_000086,400012
TX_00000594,0200,25,45.12,4512,49.65,4965,USD,87,5812,M_5812_00021,MID_370001_000021,370001
TX_00000595,0200,59,42.12,4212,42.12039357657902,4212,USD,74,5912,M_5912_00086,MID_400012_000086,400012
TX_00000596,0200,60,45.16,4516,52.39,5239,USD,92,5812,M_5812_00102,MID_541234_000102,541234
TX_00000597,0200,71,37.53,3753,42.24,4224,USD,74,5812,M_5812_00107,MID_370001_000107,370001
TX_00000598,0200,65,60.59,6059,60.58802839452425,6059,USD,106,5814,M_5814_00066,MID_412800_000066,412800
TX_00000599,0200,69,20.63,2063,20.625938083029048,2063,USD,36,5411,M_5411_00127,MID_541234_000127,541234
TX_00000600,0200,56,436.74,43674,481.27,48127,USD,842,5812,M_5812_00112,MID_370001_000112,370001
TX_00000601,0200,61,59.54,5954,59.53635402165401,5954,USD,104,5814,M_5814_00066,MID_412800_000066,412800
TX_00000602,0200,40,54.15,5415,62.12,6212,USD,109,5812,M_5812_00112,MID_370001_000112,370001
TX_00000603,0200,31,615.84,61584,704.34,70434,USD,1233,5812,M_5812_00112,MID_370001_000112,370001
TX_00000604,0200,40,678.2,67820,776.71,77671,USD,1359,5812,M_5812_00112,MID_370001_000112,370001
TX_00000605,0200,71,820.18,82018,923.87,92387,USD,1617,5812,M_5812_00112,MID_370001_000112,370001
TX_00000606,0200,26,16.06,1606,16.06460198727256,1606,USD,28,5311,M_5311_00116,MID_412800_000116,412800
TX_00000607,0200,64,37.26,3726,37.2580172175508,3726,USD,65,5411,M_5411_00015,MID_541234_000015,541234
TX_00000608,0200,49,31.12,3112,31.12058603656271,3112,USD,54,5999,M_5999_00142,MID_400012_000142,400012
TX_00000609,0200,35,45.19,4519,45.189136001376895,4519,USD,79,5912,M_5912_00086,MID_400012_000086,400012
TX_00000610,0200,35,43.92,4392,43.91518789246372,4392,USD,77,5411,M_5411_00124,MID_400012_000124,400012
TX_00000611,0200,38,19.83,1983,19.833058526431515,1983,USD,35,5411,M_5411_00088,MID_412800_000088,412800
TX_00000612,0200,49,35.76,3576,35.758121229388756,3576,USD,63,5411,M_5411_00088,MID_412800_000088,412800
TX_00000613,0200,70,31.42,3142,31.416961148971907,3142,USD,55,5411,M_5411_00088,MID_412800_000088,412800
TX_00000614,0200,56,635.99,63599,732.56,73256,USD,1282,5812,M_5812_00067,MID_370001_000067,370001
TX_00000615,0200,33,705.48,70548,705.4838850146938,70548,USD,1235,5541,M_5541_00057,MID_541234_000057,541234
TX_00000616,0200,38,33.53,3353,33.534258008556584,3353,USD,59,5912,M_5912_00091,MID_400012_000091,400012
TX_00000617,0200,26,193.71,19371,222.76,22276,USD,390,5812,M_5812_00021,MID_370001_000021,370001
TX_00000618,0200,51,58.73,5873,58.72928118830926,5873,USD,103,4816,M_4816_00011,MID_400012_000011,400012
TX_00000619,0200,45,63.64,6364,63.637692769279916,6364,USD,111,5814,M_5814_00066,MID_412800_000066,412800
TX_00000620,0200,69,107.54,10754,107.54086159105078,10754,USD,188,5999,M_5999_00142,MID_400012_000142,400012
TX_00000621,0200,40,36.25,3625,36.25398054323102,3625,USD,63,5411,M_5411_00068,MID_412800_000068,412800
TX_00000622,0200,36,111.45,11145,111.45103820887365,11145,USD,195,5411,M_5411_00051,MID_370001_000051,370001
TX_00000623,0200,41,170.33,17033,170.33079615156726,17033,USD,298,5411,M_5411_00068,MID_412800_000068,412800
TX_00000624,0200,40,76.23,7623,76.22506966772144,7623,USD,133,5944,M_5944_00002,MID_412800_000002,412800
TX_00000625,0200,62,31.32,3132,35.07,3507,USD,61,5812,M_5812_00112,MID_370001_000112,370001
TX_00000626,0200,64,165.39,16539,165.3900340918935,16539,USD,289,5812,M_5812_00021,MID_370001_000021,370001
TX_00000627,0200,26,99.57,9957,99.56979722449131,9957,USD,174,5541,M_5541_00129,MID_370001_000129,370001
TX_00000628,0200,50,54.38,5438,61.24,6124,USD,107,5812,M_5812_00021,MID_370001_000021,370001
TX_00000629,0200,47,8.62,862,8.616442464174035,862,USD,15,6513,M_6513_00022,MID_370001_000022,370001
TX_00000630,0200,40,32.01,3201,38.31,3831,USD,67,5812,M_5812_00021,MID_370001_000021,370001
TX_00000631,0200,63,29.38,2938,34.43,3443,USD,60,5812,M_5812_00021,MID_370001_000021,370001
TX_00000632,0200,55,37.01,3701,37.00878666008205,3701,USD,65,5541,M_5541_00113,MID_400012_000113,400012
TX_00000633,0200,69,40.07,4007,40.07399274526359,4007,USD,70,5732,M_5732_00045,MID_400012_000045,400012
TX_00000634,0200,52,62.45,6245,27.38,2738,USD,48,5542,M_5542_00060,MID_370001_000060,370001
TX_00000635,0200,52,40.22,4022,46.19,4619,USD,81,5812,M_5812_00145,MID_541234_000145,541234
TX_00000636,0200,52,22.78,2278,22.783058359483633,2278,USD,40,5999,M_5999_00142,MID_400012_000142,400012
TX_00000637,0200,42,28.97,2897,34.11,3411,USD,60,5812,M_5812_00145,MID_541234_000145,541234
TX_00000638,0200,58,74.58,7458,74.58071084128443,7458,USD,131,5999,M_5999_00142,MID_400012_000142,400012
TX_00000639,0200,40,18.29,1829,18.28786587918254,1829,USD,32,5732,M_5732_00018,MID_541234_000018,541234
TX_00000640,0200,30,9.9,990,9.899367656670595,990,USD,17,5999,M_5999_00142,MID_400012_000142,400012
TX_00000641,0200,62,23.0,2300,22.99678448011365,2300,USD,40,5814,M_5814_00089,MID_412800_000089,412800
TX_00000642,0200,70,46.27,4627,46.26599877368241,4627,USD,81,5814,M_5814_00089,MID_412800_000089,412800
TX_00000643,0200,42,46.58,4658,46.58151772594864,4658,USD,82,5814,M_5814_00089,MID_412800_000089,412800
TX_00000644,0200,49,35.36,3536,41.52,4152,USD,73,5812,M_5812_00021,MID_370001_000021,370001
TX_00000645,0200,48,53.87,5387,61.28,6128,USD,107,5812,M_5812_00021,MID_370001_000021,370001
TX_00000646,0200,58,76.64,7664,86.73,8673,USD,152,5812,M_5812_00021,MID_370001_000021,370001
TX_00000647,0200,24,67.75,6775,76.39,7639,USD,134,5812,M_5812_00021,MID_370001_000021,370001
TX_00000648,0200,27,57.89,5789,57.89083169026832,5789,USD,101,5411,M_5411_00058,MID_541234_000058,541234
TX_00000649,0200,35,3.53,353,3.93,393,USD,7,5812,M_5812_00021,MID_370001_000021,370001
TX_00000650,0200,35,39.26,3926,44.25,4425,USD,77,5812,M_5812_00021,MID_370001_000021,370001
TX_00000651,0200,39,71.1,7110,85.19,8519,USD,149,5812,M_5812_00021,MID_370001_000021,370001
TX_00000652,0200,28,25.43,2543,25.43421918876782,2543,USD,45,5814,M_5814_00148,MID_370001_000148,370001
TX_00000653,0200,28,12.26,1226,12.25919775052526,1226,USD,21,5814,M_5814_00148,MID_370001_000148,370001
TX_00000654,0200,25,15.99,1599,15.990872176886308,1599,USD,28,5311,M_5311_00116,MID_412800_000116,412800
TX_00000655,0200,58,683.48,68348,683.479850176907,68348,USD,1196,5814,M_5814_00148,MID_370001_000148,370001
TX_00000656,0200,61,44.43,4443,48.98,4898,USD,86,5812,M_5812_00021,MID_370001_000021,370001
TX_00000657,0200,54,34.83,3483,39.78,3978,USD,70,5812,M_5812_00033,MID_370001_000033,370001
TX_00000658,0200,71,2.63,263,3.12,312,USD,5,5812,M_5812_00021,MID_370001_000021,370001
TX_00000659,0200,67,3.04,304,3.47,347,USD,6,5812,M_5812_00021,MID_370001_000021,370001
TX_00000660,0200,30,24.43,2443,24.427492045621044,2443,USD,43,5311,M_5311_00116,MID_412800_000116,412800
TX_00000661,0200,45,75.03,7503,75.03071414589252,7503,USD,131,5311,M_5311_00138,MID_541234_000138,541234
TX_00000662,0200,65,243.59,24359,268.77,26877,USD,470,5812,M_5812_00021,MID_370001_000021,370001
TX_00000663,0200,54,64.88,6488,74.44,7444,USD,130,5812,M_5812_00021,MID_370001_000021,370001
TX_00000664,0200,49,94.69,9469,110.54,11054,USD,193,5812,M_5812_00021,MID_370001_000021,370001
TX_00000665,0200,50,35.66,3566,41.84,4184,USD,73,5812,M_5812_00021,MID_370001_000021,370001
TX_00000666,0200,34,450.0,45000,502.42,50242,USD,879,5812,M_5812_00021,MID_370001_000021,370001
TX_00000667,0200,25,23.2,2320,23.195528549418185,2320,USD,41,5411,M_5411_00114,MID_541234_000114,541234
TX_00000668,0200,46,23.03,2303,23.02604056770266,2303,USD,40,4816,M_4816_00011,MID_400012_000011,400012
TX_00000669,0200,41,52.52,5252,52.517974764015754,5252,USD,92,5311,M_5311_00063,MID_400012_000063,400012
TX_00000670,0200,40,214.49,21449,214.49086293660557,21449,USD,375,5411,M_5411_00051,MID_370001_000051,370001
TX_00000671,0200,36,61.7,6170,68.28,6828,USD,119,5812,M_5812_00093,MID_412800_000093,412800
TX_00000672,0200,40,172.23,17223,195.21,19521,USD,342,5812,M_5812_00021,MID_370001_000021,370001
TX_00000673,0200,33,1.61,161,1.61,161,USD,3,5814,M_5814_00089,MID_412800_000089,412800
TX_00000674,0200,52,56.74,5674,56.744569908133485,5674,USD,99,4816,M_4816_00011,MID_400012_000011,400012
TX_00000675,0200,53,1224.02,122402,1224.02,122402,USD,2142,5814,M_5814_00066,MID_412800_000066,412800
TX_00000676,0200,32,10.94,1094,10.937067906053956,1094,USD,19,5814,M_5814_00014,MID_412800_000014,412800
TX_00000677,0200,55,241.38,24138,241.3783780356866,24138,USD,422,5411,M_5411_00051,MID_370001_000051,370001
TX_00000678,0200,24,74.23,7423,74.23424494555051,7423,USD,130,5411,M_5411_00051,MID_370001_000051,370001
TX_00000679,0200,27,45.15,4515,51.1,5110,USD,89,5812,M_5812_00081,MID_370001_000081,370001
TX_00000680,0200,67,122.95,12295,142.62,14262,USD,250,5812,M_5812_00021,MID_370001_000021,370001
TX_00000681,0200,40,8.1,810,8.101714788571213,810,USD,14,5912,M_5912_00048,MID_412800_000048,412800
TX_00000682,0200,30,38.17,3817,38.17440639662788,3817,USD,67,5814,M_5814_00066,MID_412800_000066,412800
TX_00000683,0200,63,30.04,3004,30.038872436258163,3004,USD,53,5411,M_5411_00058,MID_541234_000058,541234
TX_00000684,0200,35,87.29,8729,103.78,10378,USD,182,5812,M_5812_00102,MID_541234_000102,541234
TX_00000685,0200,43,26.72,2672,31.25,3125,USD,55,5812,M_5812_00076,MID_370001_000076,370001
TX_00000686,0200,53,48.2,4820,48.202113598822216,4820,USD,84,5812,M_5812_00021,MID_370001_000021,370001
TX_00000687,0200,69,67.43,6743,67.42709804984362,6743,USD,118,5814,M_5814_00092,MID_400012_000092,400012
TX_00000688,0200,35,59.67,5967,67.68,6768,USD,118,5812,M_5812_00145,MID_541234_000145,541234
TX_00000689,0200,46,254.36,25436,299.8,29980,USD,525,5812,M_5812_00021,MID_370001_000021,370001
TX_00000690,0200,58,7.2,720,8.49,849,USD,15,5812,M_5812_00081,MID_370001_000081,370001
TX_00000691,0200,64,30.85,3085,30.85228767952544,3085,USD,54,5999,M_5999_00142,MID_400012_000142,400012
TX_00000692,0200,43,70.42,7042,70.42001691696562,7042,USD,123,5311,M_5311_00079,MID_541234_000079,541234
TX_00000693,0200,35,142.02,14202,142.01913552106114,14202,USD,249,5814,M_5814_00066,MID_412800_000066,412800
TX_00000694,0200,45,276.08,27608,328.27,32827,USD,574,5812,M_5812_00021,MID_370001_000021,370001
TX_00000695,0200,28,60.74,6074,60.74064970459303,6074,USD,106,5999,M_5999_00031,MID_370001_000031,370001
TX_00000696,0200,69,65.97,6597,77.29,7729,USD,135,5812,M_5812_00021,MID_370001_000021,370001
TX_00000697,0200,48,44.9,4490,44.90492851166155,4490,USD,79,5999,M_5999_00031,MID_370001_000031,370001
TX_00000698,0200,28,40.59,4059,48.5,4850,USD,85,5812,M_5812_00021,MID_370001_000021,370001
TX_00000699,0200,35,19.09,1909,21.72,2172,USD,38,5812,M_5812_00021,MID_370001_000021,370001
TX_00000700,0200,34,34.13,3413,29.25,2925,USD,51,5542,M_5542_00121,MID_412800_000121,412800
TX_00000701,0200,28,21.26,2126,21.255322146970713,2126,USD,37,5732,M_5732_00018,MID_541234_000018,541234
TX_00000702,0200,38,54.84,5484,63.88,6388,USD,112,5812,M_5812_00102,MID_541234_000102,541234
TX_00000703,0200,58,18.68,1868,18.679787124583058,1868,USD,33,5814,M_5814_00066,MID_412800_000066,412800
TX_00000704,0200,63,83.75,8375,83.74723891509308,8375,USD,147,5411,M_5411_00098,MID_412800_000098,412800
TX_00000705,0200,64,15.26,1526,17.52,1752,USD,31,5812,M_5812_00021,MID_370001_000021,370001
TX_00000706,0200,50,30.71,3071,30.713094147706542,3071,USD,54,5411,M_5411_00059,MID_412800_000059,412800
TX_00000707,0200,71,12.02,1202,13.67,1367,USD,24,5812,M_5812_00021,MID_370001_000021,370001
TX_00000708,0200,44,9.61,961,9.606206854698765,961,USD,17,5912,M_5912_00042,MID_400012_000042,400012
TX_00000709,0200,53,54.43,5443,61.12,6112,USD,107,5812,M_5812_00021,MID_370001_000021,370001
TX_00000710,0200,51,28.83,2883,28.826096772865245,2883,USD,50,5411,M_5411_00025,MID_541234_000025,541234
TX_00000711,0200,60,14.44,1444,14.438304525046881,1444,USD,25,5411,M_5411_00097,MID_412800_000097,412800
TX_00000712,0200,49,45.25,4525,52.03,5203,USD,91,5812,M_5812_00021,MID_370001_000021,370001
TX_00000713,0200,29,6.33,633,6.326673209795222,633,USD,11,5411,M_5411_00025,MID_541234_000025,541234
TX_00000714,0200,54,14.87,1487,14.872995256174947,1487,USD,26,5411,M_5411_00025,MID_541234_000025,541234
TX_00000715,0200,43,55.97,5597,55.972865422624594,5597,USD,98,5999,M_5999_00142,MID_400012_000142,400012
TX_00000716,0200,34,14.29,1429,14.292366694345302,1429,USD,25,5411,M_5411_00025,MID_541234_000025,541234
TX_00000717,0200,26,20.56,2056,20.561537357884575,2056,USD,36,5411,M_5411_00025,MID_541234_000025,541234
TX_00000718,0200,38,29.66,2966,29.655976789992902,2966,USD,52,5999,M_5999_00142,MID_400012_000142,400012
TX_00000719,0200,31,16.53,1653,19.84,1984,USD,35,5812,M_5812_00071,MID_541234_000071,541234
TX_00000720,0200,58,27.41,2741,27.413961431702845,2741,USD,48,5912,M_5912_00091,MID_400012_000091,400012
TX_00000721,0200,42,10.04,1004,11.29,1129,USD,20,5812,M_5812_00071,MID_541234_000071,541234
TX_00000722,0200,34,36.06,3606,36.06215849761261,3606,USD,63,5999,M_5999_00142,MID_400012_000142,400012
TX_00000723,0200,38,11.33,1133,13.24,1324,USD,23,5812,M_5812_00021,MID_370001_000021,370001
TX_00000724,0200,66,19.49,1949,23.06,2306,USD,40,5812,M_5812_00071,MID_541234_000071,541234
TX_00000725,0200,60,134.3,13430,134.30001787195232,13430,USD,235,5411,M_5411_00097,MID_412800_000097,412800
TX_00000726,0200,58,250.0,25000,289.74,28974,USD,507,5812,M_5812_00046,MID_370001_000046,370001
TX_00000727,0200,30,180.28,18028,180.27591185264936,18028,USD,315,5411,M_5411_00097,MID_412800_000097,412800
TX_00000728,0200,59,41.76,4176,41.76356213628235,4176,USD,73,5999,M_5999_00142,MID_400012_000142,400012
TX_00000729,0200,41,10.61,1061,12.64,1264,USD,22,5812,M_5812_00071,MID_541234_000071,541234
TX_00000730,0200,55,90.0,9000,89.9968822934219,9000,USD,157,5999,M_5999_00142,MID_400012_000142,400012
TX_00000731,0200,39,16.68,1668,16.678920129034257,1668,USD,29,5814,M_5814_00140,MID_541234_000140,541234
TX_00000732,0200,68,32.75,3275,37.85,3785,USD,66,5812,M_5812_00071,MID_541234_000071,541234
TX_00000733,0200,33,55.61,5561,62.92,6292,USD,110,5812,M_5812_00145,MID_541234_000145,541234
TX_00000734,0200,25,12.78,1278,12.775736200461306,1278,USD,22,5541,M_5541_00113,MID_400012_000113,400012
TX_00000735,0200,62,32.67,3267,32.6706749967778,3267,USD,57,6051,M_6051_00023,MID_370001_000023,370001
TX_00000736,0200,33,14.84,1484,14.841932910938219,1484,USD,26,5541,M_5541_00113,MID_400012_000113,400012
TX_00000737,0200,45,26.8,2680,26.801149984211705,2680,USD,47,5541,M_5541_00113,MID_400012_000113,400012
TX_00000738,0200,31,78.91,7891,86.88,8688,USD,152,5812,M_5812_00021,MID_370001_000021,370001
TX_00000739,0200,38,1468.42,146842,1468.422023886223,146842,USD,2570,5999,M_5999_00142,MID_400012_000142,400012
TX_00000740,0200,64,16.98,1698,19.99,1999,USD,35,5812,M_5812_00021,MID_370001_000021,370001
TX_00000741,0200,40,23.42,2342,23.41880156837064,2342,USD,41,5814,M_5814_00066,MID_412800_000066,412800
TX_00000742,0200,26,5.15,515,5.74,574,USD,10,5812,M_5812_00046,MID_370001_000046,370001
TX_00000743,0200,32,138.44,13844,138.43918510564316,13844,USD,242,5311,M_5311_00138,MID_541234_000138,541234
TX_00000744,0200,45,126.4,12640,141.51,14151,USD,248,5812,M_5812_00021,MID_370001_000021,370001
TX_00000745,0200,60,306.4,30640,360.51,36051,USD,631,5812,M_5812_00102,MID_541234_000102,541234
TX_00000746,0200,30,120.68,12068,133.93,13393,USD,234,5812,M_5812_00102,MID_541234_000102,541234
TX_00000747,0200,43,76.31,7631,76.30627577844206,7631,USD,134,5912,M_5912_00048,MID_412800_000048,412800
TX_00000748,0200,25,53.53,5353,53.53277825869453,5353,USD,94,5814,M_5814_00066,MID_412800_000066,412800
TX_00000749,0200,37,54.62,5462,54.62334486793749,5462,USD,96,5814,M_5814_00066,MID_412800_000066,412800
TX_00000750,0200,32,72.24,7224,72.23598285738966,7224,USD,126,5814,M_5814_00066,MID_412800_000066,412800
TX_00000751,0200,48,50.2,5020,50.20034844137681,5020,USD,88,5814,M_5814_00066,MID_412800_000066,412800
TX_00000752,0200,38,40.99,4099,40.99166378191004,4099,USD,72,5814,M_5814_00147,MID_541234_000147,541234
TX_00000753,0200,32,23.47,2347,23.469654928268547,2347,USD,41,5814,M_5814_00147,MID_541234_000147,541234
TX_00000754,0200,31,13.71,1371,13.710463798574214,1371,USD,24,5732,M_5732_00013,MID_400012_000013,400012
TX_00000755,0200,57,76.38,7638,76.3811751398779,7638,USD,134,5411,M_5411_00015,MID_541234_000015,541234
TX_00000756,0200,56,164.58,16458,164.5803246312628,16458,USD,288,5814,M_5814_00147,MID_541234_000147,541234
TX_00000757,0200,27,76.44,7644,76.43903368494932,7644,USD,134,5814,M_5814_00147,MID_541234_000147,541234
TX_00000758,0200,68,40.43,4043,40.428674717432415,4043,USD,71,5814,M_5814_00147,MID_541234_000147,541234
TX_00000759,0200,62,34.9,3490,34.89744162429516,3490,USD,61,5411,M_5411_00050,MID_412800_000050,412800
TX_00000760,0200,47,9.86,986,9.861845692911709,986,USD,17,5999,M_5999_00142,MID_400012_000142,400012
TX_00000761,0200,70,142.43,14243,142.42853876429317,14243,USD,249,5814,M_5814_00092,MID_400012_000092,400012
TX_00000762,0200,70,100.77,10077,100.77344821940356,10077,USD,176,5411,M_5411_00015,MID_541234_000015,541234
TX_00000763,0200,44,30.16,3016,35.38,3538,USD,62,5812,M_5812_00021,MID_370001_000021,370001
TX_00000764,0200,50,153.72,15372,153.72168283773067,15372,USD,269,5814,M_5814_00066,MID_412800_000066,412800
TX_00000765,0200,61,50.25,5025,58.82,5882,USD,103,5812,M_5812_00081,MID_370001_000081,370001
TX_00000766,0200,48,565.62,56562,658.4,65840,USD,1152,5812,M_5812_00081,MID_370001_000081,370001
TX_00000767,0200,34,423.17,42317,465.79,46579,USD,815,5812,M_5812_00081,MID_370001_000081,370001
TX_00000768,0200,67,56.32,5632,56.319785587280755,5632,USD,99,5541,M_5541_00064,MID_400012_000064,400012
TX_00000769,0200,58,65.87,6587,53.23,5323,USD,93,5542,M_5542_00060,MID_370001_000060,370001
TX_00000770,0200,32,7.41,741,7.40936240282028,741,USD,13,5814,M_5814_00141,MID_541234_000141,541234
TX_00000771,0200,24,31.74,3174,37.7,3770,USD,66,5812,M_5812_00145,MID_541234_000145,541234
TX_00000772,0200,25,15.06,1506,18.05,1805,USD,32,5812,M_5812_00021,MID_370001_000021,370001
TX_00000773,0200,43,10.92,1092,10.921545546550316,1092,USD,19,5311,M_5311_00006,MID_541234_000006,541234
TX_00000774,0200,58,9.03,903,9.028685182697012,903,USD,16,5814,M_5814_00034,MID_541234_000034,541234
TX_00000775,0200,52,13.62,1362,13.623378801667648,1362,USD,24,5814,M_5814_00034,MID_541234_000034,541234
TX_00000776,0200,71,380.89,38089,456.7,45670,USD,799,5812,M_5812_00021,MID_370001_000021,370001
TX_00000777,0200,26,423.52,42352,506.63,50663,USD,887,5812,M_5812_00021,MID_370001_000021,370001
TX_00000778,0200,42,146.19,14619,146.19058246731166,14619,USD,256,5944,M_5944_00002,MID_412800_000002,412800
TX_00000779,0200,71,92.5,9250,92.5019433923645,9250,USD,162,5311,M_5311_00104,MID_400012_000104,400012
TX_00000780,0200,53,8.31,831,9.38,938,USD,16,5812,M_5812_00112,MID_370001_000112,370001
TX_00000781,0200,24,190.37,19037,211.66,21166,USD,370,5812,M_5812_00093,MID_412800_000093,412800
TX_00000782,0200,65,34.77,3477,41.67,4167,USD,73,5812,M_5812_00093,MID_412800_000093,412800
TX_00000783,0200,65,25.35,2535,30.21,3021,USD,53,5812,M_5812_00093,MID_412800_000093,412800
TX_00000784,0200,52,34.61,3461,39.31,3931,USD,69,5812,M_5812_00021,MID_370001_000021,370001
TX_00000785,0200,33,70.16,7016,70.15646757108749,7016,USD,123,5999,M_5999_00142,MID_400012_000142,400012
TX_00000786,0200,53,48.5,4850,48.50060859119064,4850,USD,85,5999,M_5999_00142,MID_400012_000142,400012
TX_00000787,0200,62,40.2,4020,48.12,4812,USD,84,5812,M_5812_00081,MID_370001_000081,370001
TX_00000788,0200,41,14.44,1444,14.442541355159483,1444,USD,25,5999,M_5999_00142,MID_400012_000142,400012
TX_00000789,0200,28,18.95,1895,18.953826093326555,1895,USD,33,5999,M_5999_00142,MID_400012_000142,400012
TX_00000790,0200,31,8.55,855,8.546733611878489,855,USD,15,5999,M_5999_00142,MID_400012_000142,400012
TX_00000791,0200,33,27.64,2764,30.9,3090,USD,54,5812,M_5812_00046,MID_370001_000046,370001
TX_00000792,0200,29,85.59,8559,85.58652646710371,8559,USD,150,5999,M_5999_00142,MID_400012_000142,400012
TX_00000793,0200,53,65.98,6598,65.98012463929503,6598,USD,115,5999,M_5999_00142,MID_400012_000142,400012
TX_00000794,0200,52,122.5,12250,122.50058942015795,12250,USD,214,5999,M_5999_00142,MID_400012_000142,400012
TX_00000795,0200,69,185.65,18565,185.6489470269984,18565,USD,325,5999,M_5999_00142,MID_400012_000142,400012
TX_00000796,0200,44,46.8,4680,46.7964230902415,4680,USD,82,5411,M_5411_00149,MID_412800_000149,412800
TX_00000797,0200,70,24.4,2440,24.395776645042652,2440,USD,43,5912,M_5912_00117,MID_412800_000117,412800
TX_00000798,0200,64,24.56,2456,28.34,2834,USD,50,5812,M_5812_00021,MID_370001_000021,370001
TX_00000799,0200,67,22.27,2227,22.27166292382067,2227,USD,39,5411,M_5411_00073,MID_400012_000073,400012
TX_00000800,0200,61,7.21,721,7.21,721,USD,13,5311,M_5311_00063,MID_400012_000063,400012
TX_00000801,0200,49,86.51,8651,86.51161059148495,8651,USD,151,5311,M_5311_00007,MID_412800_000007,412800
TX_00000802,0200,36,51.97,5197,37.97,3797,USD,66,5542,M_5542_00053,MID_412800_000053,412800
TX_00000803,0200,62,206.35,20635,47.83,4783,USD,84,5542,M_5542_00053,MID_412800_000053,412800
TX_00000804,0200,55,50.36,5036,50.35811939802188,5036,USD,88,5912,M_5912_00101,MID_400012_000101,400012
TX_00000805,0200,43,19.28,1928,19.27500123035956,1928,USD,34,5541,M_5541_00143,MID_541234_000143,541234
TX_00000806,0200,62,42.21,4221,47.43,4743,USD,83,5812,M_5812_00021,MID_370001_000021,370001
TX_00000807,0200,55,34.2,3420,34.19712334221288,3420,USD,60,5541,M_5541_00143,MID_541234_000143,541234
TX_00000808,0200,35,69.46,6946,80.28,8028,USD,140,5812,M_5812_00021,MID_370001_000021,370001
TX_00000809,0200,47,31.67,3167,31.66869921696252,3167,USD,55,5912,M_5912_00117,MID_412800_000117,412800
TX_00000810,0200,68,446.68,44668,446.6842354863427,44668,USD,782,5541,M_5541_00143,MID_541234_000143,541234
TX_00000811,0200,57,42.12,4212,47.43,4743,USD,83,5812,M_5812_00021,MID_370001_000021,370001
TX_00000812,0200,31,17.53,1753,17.528056210145813,1753,USD,31,5912,M_5912_00117,MID_412800_000117,412800
TX_00000813,0200,60,28.18,2818,28.175389771693574,2818,USD,49,5814,M_5814_00056,MID_400012_000056,400012
TX_00000814,0200,69,7.57,757,7.573125538907616,757,USD,13,5411,M_5411_00058,MID_541234_000058,541234
TX_00000815,0200,60,24.62,2462,24.6153875753261,2462,USD,43,5411,M_5411_00058,MID_541234_000058,541234
TX_00000816,0200,46,10.35,1035,10.351795241286725,1035,USD,18,5912,M_5912_00086,MID_400012_000086,400012
TX_00000817,0200,43,24.37,2437,29.19,2919,USD,51,5812,M_5812_00146,MID_412800_000146,412800
TX_00000818,0200,59,18.86,1886,18.856669561145807,1886,USD,33,5912,M_5912_00086,MID_400012_000086,400012
TX_00000819,0200,36,27.53,2753,27.531500204602917,2753,USD,48,5912,M_5912_00086,MID_400012_000086,400012
TX_00000820,0200,51,8.36,836,8.363799678964375,836,USD,15,5912,M_5912_00086,MID_400012_000086,400012
TX_00000821,0200,56,22.79,2279,22.79115334822022,2279,USD,40,5311,M_5311_00052,MID_400012_000052,400012
TX_00000822,0200,44,45.68,4568,45.6809577290216,4568,USD,80,5311,M_5311_00104,MID_400012_000104,400012
TX_00000823,0200,46,22.44,2244,26.18,2618,USD,46,5812,M_5812_00021,MID_370001_000021,370001
TX_00000824,0200,59,31.87,3187,37.25,3725,USD,65,5812,M_5812_00021,MID_370001_000021,370001
TX_00000825,0200,32,74.33,7433,82.01,8201,USD,144,5812,M_5812_00021,MID_370001_000021,370001
TX_00000826,0200,71,10.19,1019,10.187651690857164,1019,USD,18,5311,M_5311_00006,MID_541234_000006,541234
TX_00000827,0200,52,30.92,3092,36.31,3631,USD,64,5812,M_5812_00021,MID_370001_000021,370001
TX_00000828,0200,40,118.99,11899,140.67,14067,USD,246,5812,M_5812_00021,MID_370001_000021,370001
TX_00000829,0200,71,80.9,8090,80.89630061622333,8090,USD,142,5814,M_5814_00066,MID_412800_000066,412800
TX_00000830,0200,68,88.13,8813,88.13410057056501,8813,USD,154,5411,M_5411_00036,MID_400012_000036,400012
TX_00000831,0200,33,34.29,3429,34.2871076883301,3429,USD,60,5999,M_5999_00142,MID_400012_000142,400012
TX_00000832,0200,71,16.12,1612,16.122356182543445,1612,USD,28,5411,M_5411_00015,MID_541234_000015,541234
TX_00000833,0200,46,1086.67,108667,1086.67,108667,USD,1902,5732,M_5732_00082,MID_541234_000082,541234
TX_00000834,0200,63,80.0,8000,79.9951202650849,8000,USD,140,5944,M_5944_00072,MID_541234_000072,541234
TX_00000835,0200,66,30.36,3036,30.360998255227052,3036,USD,53,5411,M_5411_00098,MID_412800_000098,412800
TX_00000836,0200,71,126.87,12687,143.36,14336,USD,251,5812,M_5812_00081,MID_370001_000081,370001
TX_00000837,0200,33,19.76,1976,19.760466767706614,1976,USD,35,5311,M_5311_00006,MID_541234_000006,541234
TX_00000838,0200,24,6.11,611,6.107779195572064,611,USD,11,5814,M_5814_00106,MID_400012_000106,400012
TX_00000839,0200,60,154.52,15452,182.6,18260,USD,320,5812,M_5812_00094,MID_400012_000094,400012
TX_00000840,0200,52,26.65,2665,30.43,3043,USD,53,5812,M_5812_00094,MID_400012_000094,400012
TX_00000841,0200,62,76.61,7661,76.6122947709448,7661,USD,134,5411,M_5411_00111,MID_541234_000111,541234
TX_00000842,0200,46,37.84,3784,37.84131106080374,3784,USD,66,5912,M_5912_00091,MID_400012_000091,400012
TX_00000843,0200,26,3.94,394,3.94,394,USD,7,5411,M_5411_00058,MID_541234_000058,541234
TX_00000844,0200,47,30.01,3001,30.011583710155044,3001,USD,53,5541,M_5541_00129,MID_370001_000129,370001
TX_00000845,0200,43,73.79,7379,73.79054268007143,7379,USD,129,5311,M_5311_00079,MID_541234_000079,541234
TX_00000846,0200,44,47.5,4750,47.49667530659108,4750,USD,83,5541,M_5541_00129,MID_370001_000129,370001
TX_00000847,0200,34,62.54,6254,62.544026829436554,6254,USD,109,5541,M_5541_00129,MID_370001_000129,370001
TX_00000848,0200,35,98.65,9865,98.6450954688523,9865,USD,173,5814,M_5814_00066,MID_412800_000066,412800
TX_00000849,0200,39,18.75,1875,18.74524307605997,1875,USD,33,5541,M_5541_00129,MID_370001_000129,370001
TX_00000850,0200,69,25.21,2521,25.206710940875684,2521,USD,44,5814,M_5814_00092,MID_400012_000092,400012
TX_00000851,0200,38,95.99,9599,95.98681612969209,9599,USD,168,5814,M_5814_00066,MID_412800_000066,412800
TX_00000852,0200,60,53.23,5323,53.234034855598274,5323,USD,93,5541,M_5541_00129,MID_370001_000129,370001
TX_00000853,0200,40,42.46,4246,42.46457291279018,4246,USD,74,5814,M_5814_00066,MID_412800_000066,412800
TX_00000854,0200,37,749.97,74997,749.969489939308,74997,USD,1312,5912,M_5912_00105,MID_541234_000105,541234
TX_00000855,0200,61,20.37,2037,20.36631159366028,2037,USD,36,5912,M_5912_00105,MID_541234_000105,541234
TX_00000856,0200,27,20.86,2086,20.85799093655916,2086,USD,37,5999,M_5999_00142,MID_400012_000142,400012
TX_00000857,0200,62,83.13,8313,98.53,9853,USD,172,5812,M_5812_00021,MID_370001_000021,370001
TX_00000858,0200,49,34.69,3469,34.6910422808623,3469,USD,61,5411,M_5411_00036,MID_400012_000036,400012
TX_00000859,0200,71,19.42,1942,21.98,2198,USD,38,5812,M_5812_00145,MID_541234_000145,541234
TX_00000860,0200,42,40.74,4074,40.74139336643412,4074,USD,71,5411,M_5411_00058,MID_541234_000058,541234
TX_00000861,0200,39,57.91,5791,57.91313519505075,5791,USD,101,5311,M_5311_00104,MID_400012_000104,400012
TX_00000862,0200,25,93.75,9375,108.91,10891,USD,191,5812,M_5812_00021,MID_370001_000021,370001
TX_00000863,0200,60,69.85,6985,78.9,7890,USD,138,5812,M_5812_00145,MID_541234_000145,541234
TX_00000864,0200,24,22.44,2244,25.26,2526,USD,44,5812,M_5812_00021,MID_370001_000021,370001
TX_00000865,0200,44,254.89,25489,304.38,30438,USD,533,5812,M_5812_00145,MID_541234_000145,541234
TX_00000866,0200,55,30.42,3042,33.91,3391,USD,59,5812,M_5812_00145,MID_541234_000145,541234
TX_00000867,0200,59,18.48,1848,18.483849384260985,1848,USD,32,5814,M_5814_00106,MID_400012_000106,400012
TX_00000868,0200,55,106.8,10680,127.1,12710,USD,222,5812,M_5812_00145,MID_541234_000145,541234
TX_00000869,0200,36,17.39,1739,19.86,1986,USD,35,5812,M_5812_00021,MID_370001_000021,370001
TX_00000870,0200,30,73.93,7393,73.93195530893782,7393,USD,129,5411,M_5411_00074,MID_400012_000074,400012
TX_00000871,0200,38,39.26,3926,45.88,4588,USD,80,5812,M_5812_00145,MID_541234_000145,541234
TX_00000872,0200,65,23.32,2332,23.32320753422271,2332,USD,41,5944,M_5944_00002,MID_412800_000002,412800
TX_00000873,0200,38,40.29,4029,40.28712452921727,4029,USD,71,5541,M_5541_00132,MID_541234_000132,541234
TX_00000874,0200,36,88.57,8857,88.5694236892661,8857,USD,155,5912,M_5912_00048,MID_412800_000048,412800
TX_00000875,0200,24,1.43,143,1.43,143,USD,3,5541,M_5541_00132,MID_541234_000132,541234
TX_00000876,0200,47,37.07,3707,37.07237927392141,3707,USD,65,5411,M_5411_00015,MID_541234_000015,541234
TX_00000877,0200,47,70.11,7011,70.10842324467562,7011,USD,123,5912,M_5912_00048,MID_412800_000048,412800
TX_00000878,0200,32,35.66,3566,35.66376672171575,3566,USD,62,5541,M_5541_00132,MID_541234_000132,541234
TX_00000879,0200,45,197.32,19732,197.32238015702353,19732,USD,345,5999,M_5999_00142,MID_400012_000142,400012
TX_00000880,0200,50,76.48,7648,91.73,9173,USD,161,5812,M_5812_00021,MID_370001_000021,370001
TX_00000881,0200,26,1017.62,101762,1017.6210536630582,101762,USD,1781,5912,M_5912_00048,MID_412800_000048,412800
TX_00000882,0200,59,40.35,4035,40.34972891584953,4035,USD,71,5541,M_5541_00132,MID_541234_000132,541234
TX_00000883,0200,31,39.21,3921,39.20887243825436,3921,USD,69,5912,M_5912_00048,MID_412800_000048,412800
TX_00000884,0200,42,47.86,4786,55.17,5517,USD,97,5812,M_5812_00021,MID_370001_000021,370001
TX_00000885,0200,30,28.1,2810,28.102301027453642,2810,USD,49,5311,M_5311_00104,MID_400012_000104,400012
TX_00000886,0200,46,34.37,3437,34.37378300638971,3437,USD,60,5411,M_5411_00058,MID_541234_000058,541234
TX_00000887,0200,61,201.97,20197,201.97443346972943,20197,USD,353,5311,M_5311_00006,MID_541234_000006,541234
TX_00000888,0200,69,54.47,5447,54.473316494763736,5447,USD,95,5411,M_5411_00108,MID_400012_000108,400012
TX_00000889,0200,27,101.21,10121,119.66,11966,USD,209,5812,M_5812_00021,MID_370001_000021,370001
TX_00000890,0200,42,24.92,2492,28.14,2814,USD,49,5812,M_5812_00021,MID_370001_000021,370001
TX_00000891,0200,49,76.09,7609,87.86,8786,USD,154,5812,M_5812_00021,MID_370001_000021,370001
TX_00000892,0200,67,342.85,34285,402.24,40224,USD,704,5812,M_5812_00021,MID_370001_000021,370001
TX_00000893,0200,29,31.77,3177,35.06,3506,USD,61,5812,M_5812_00021,MID_370001_000021,370001
TX_00000894,0200,56,50.37,5037,32.78,3278,USD,57,5542,M_5542_00053,MID_412800_000053,412800
TX_00000895,0200,47,53.2,5320,53.20178943335474,5320,USD,93,5912,M_5912_00048,MID_412800_000048,412800
TX_00000896,0200,39,62.81,6281,62.810333152600776,6281,USD,110,5311,M_5311_00024,MID_541234_000024,541234
TX_00000897,0200,53,23.48,2348,23.476197196117003,2348,USD,41,5814,M_5814_00066,MID_412800_000066,412800
TX_00000898,0200,29,51.22,5122,51.21800935522163,5122,USD,90,5411,M_5411_00097,MID_412800_000097,412800
TX_00000899,0200,67,27.51,2751,27.512429121039606,2751,USD,48,5411,M_5411_00015,MID_541234_000015,541234
TX_00000900,0200,32,51.39,5139,51.3877164818338,5139,USD,90,5311,M_5311_00052,MID_400012_000052,400012
TX_00000901,0200,25,24.56,2456,24.56331864825177,2456,USD,43,5541,M_5541_00113,MID_400012_000113,400012
TX_00000902,0200,62,84.18,8418,84.18447467500538,8418,USD,147,5411,M_5411_00111,MID_541234_000111,541234
TX_00000903,0200,32,65.96,6596,65.95511195950836,6596,USD,115,4816,M_4816_00100,MID_412800_000100,412800
TX_00000904,0200,48,48.9,4890,53.8,5380,USD,94,5812,M_5812_00046,MID_370001_000046,370001
TX_00000905,0200,25,23.8,2380,23.798836494960813,2380,USD,42,5411,M_5411_00098,MID_412800_000098,412800
TX_00000906,0200,36,161.37,16137,161.37042240012013,16137,USD,282,5311,M_5311_00007,MID_412800_000007,412800
TX_00000907,0200,68,67.49,6749,77.68,7768,USD,136,5812,M_5812_00021,MID_370001_000021,370001
TX_00000908,0200,66,18.42,1842,18.419948860477223,1842,USD,32,5411,M_5411_00015,MID_541234_000015,541234
TX_00000909,0200,46,103.03,10303,119.83,11983,USD,210,5812,M_5812_00021,MID_370001_000021,370001
TX_00000910,0200,44,48.14,4814,48.138996880410026,4814,USD,84,5999,M_5999_00142,MID_400012_000142,400012
TX_00000911,0200,59,23.77,2377,23.769647331491832,2377,USD,42,5999,M_5999_00142,MID_400012_000142,400012
TX_00000912,0200,49,0.74,74,0.88,88,USD,2,5812,M_5812_00021,MID_370001_000021,370001
TX_00000913,0200,69,80.05,8005,80.05378238448479,8005,USD,140,5999,M_5999_00142,MID_400012_000142,400012
TX_00000914,0200,25,40.52,4052,61.05,6105,USD,107,5542,M_5542_00053,MID_412800_000053,412800
TX_00000915,0200,36,607.91,60791,38.1,3810,USD,67,5542,M_5542_00053,MID_412800_000053,412800
TX_00000916,0200,48,136.53,13653,136.53333026263073,13653,USD,239,6513,M_6513_00022,MID_370001_000022,370001
TX_00000917,0200,62,15.42,1542,17.94,1794,USD,31,5812,M_5812_00021,MID_370001_000021,370001
TX_00000918,0200,43,145.08,14508,31.21,3121,USD,55,5542,M_5542_00053,MID_412800_000053,412800
TX_00000919,0200,54,74.19,7419,74.18670900426108,7419,USD,130,5732,M_5732_00045,MID_400012_000045,400012
TX_00000920,0200,65,467.98,46798,50.69,5069,USD,89,5542,M_5542_00053,MID_412800_000053,412800
TX_00000921,0200,37,97.8,9780,31.27,3127,USD,55,5542,M_5542_00053,MID_412800_000053,412800
TX_00000922,0200,46,1367.84,136784,1367.84,136784,USD,2394,5812,M_5812_00021,MID_370001_000021,370001
TX_00000923,0200,68,17.68,1768,45.91,4591,USD,80,5542,M_5542_00053,MID_412800_000053,412800
TX_00000924,0200,42,228.6,22860,228.6036251191598,22860,USD,400,5542,M_5542_00053,MID_412800_000053,412800
TX_00000925,0200,35,48.2,4820,57.02,5702,USD,100,5812,M_5812_00021,MID_370001_000021,370001
TX_00000926,0200,49,40.21,4021,46.42,4642,USD,81,5812,M_5812_00076,MID_370001_000076,370001
TX_00000927,0200,45,164.95,16495,164.94585677109987,16495,USD,289,5541,M_5541_00132,MID_541234_000132,541234
TX_00000928,0200,65,250.0,25000,250.0,25000,USD,438,5999,M_5999_00142,MID_400012_000142,400012
TX_00000929,0200,47,62.6,6260,62.60498160859317,6260,USD,110,5411,M_5411_00050,MID_412800_000050,412800
TX_00000930,0200,26,34.24,3424,34.240428972769124,3424,USD,60,5999,M_5999_00142,MID_400012_000142,400012
TX_00000931,0200,64,20.68,2068,20.67809030758651,2068,USD,36,5999,M_5999_00142,MID_400012_000142,400012
TX_00000932,0200,57,545.19,54519,545.1888693431697,54519,USD,954,5411,M_5411_00050,MID_412800_000050,412800
TX_00000933,0200,45,24.38,2438,24.384953244617396,2438,USD,43,5912,M_5912_00117,MID_412800_000117,412800
TX_00000934,0200,65,128.43,12843,128.4295197373227,12843,USD,225,5411,M_5411_00070,MID_370001_000070,370001
TX_00000935,0200,53,3.49,349,3.49,349,USD,6,5411,M_5411_00135,MID_400012_000135,400012
TX_00000936,0200,36,212.35,21235,212.34587074479165,21235,USD,372,6051,M_6051_00023,MID_370001_000023,370001
TX_00000937,0200,30,72.0,7200,72.0004837939512,7200,USD,126,5411,M_5411_00135,MID_400012_000135,400012
TX_00000938,0200,59,48.36,4836,53.66,5366,USD,94,5812,M_5812_00021,MID_370001_000021,370001
TX_00000939,0200,54,68.54,6854,68.53517176043356,6854,USD,120,6051,M_6051_00023,MID_370001_000023,370001
TX_00000940,0200,56,64.01,6401,64.00915033122662,6401,USD,112,4816,M_4816_00011,MID_400012_000011,400012
TX_00000941,0200,38,27.7,2770,27.704392224486565,2770,USD,48,5411,M_5411_00051,MID_370001_000051,370001
TX_00000942,0200,37,25.73,2573,30.34,3034,USD,53,5812,M_5812_00021,MID_370001_000021,370001
TX_00000943,0200,58,7.11,711,7.113025778009321,711,USD,12,5814,M_5814_00066,MID_412800_000066,412800
TX_00000944,0200,31,7.84,784,7.842820434392226,784,USD,14,5814,M_5814_00066,MID_412800_000066,412800
TX_00000945,0200,37,12.28,1228,12.275457498107292,1228,USD,21,5814,M_5814_00066,MID_412800_000066,412800
TX_00000946,0200,30,17.46,1746,19.77,1977,USD,35,5812,M_5812_00093,MID_412800_000093,412800
TX_00000947,0200,38,170.01,17001,188.28,18828,USD,329,5812,M_5812_00032,MID_370001_000032,370001
TX_00000948,0200,31,20.31,2031,23.37,2337,USD,41,5812,M_5812_00021,MID_370001_000021,370001
TX_00000949,0200,27,20.1,2010,22.53,2253,USD,39,5812,M_5812_00032,MID_370001_000032,370001
TX_00000950,0200,48,111.17,11117,129.98,12998,USD,227,5812,M_5812_00021,MID_370001_000021,370001
TX_00000951,0200,52,17.59,1759,20.48,2048,USD,36,5812,M_5812_00021,MID_370001_000021,370001
TX_00000952,0200,47,50.12,5012,50.1197353580004,5012,USD,88,5411,M_5411_00139,MID_412800_000139,412800
TX_00000953,0200,28,115.73,11573,134.56,13456,USD,235,5812,M_5812_00032,MID_370001_000032,370001
TX_00000954,0200,27,42.37,4237,49.21,4921,USD,86,5812,M_5812_00021,MID_370001_000021,370001
TX_00000955,0200,61,84.33,8433,84.33429534092255,8433,USD,148,5999,M_5999_00142,MID_400012_000142,400012
TX_00000956,0200,70,64.12,6412,71.48,7148,USD,125,5812,M_5812_00021,MID_370001_000021,370001
TX_00000957,0200,50,30.97,3097,30.973123621821916,3097,USD,54,5311,M_5311_00116,MID_412800_000116,412800
TX_00000958,0200,49,33.23,3323,33.226263779123805,3323,USD,58,5311,M_5311_00052,MID_400012_000052,400012
TX_00000959,0200,52,25.25,2525,25.25062113247977,2525,USD,44,5311,M_5311_00052,MID_400012_000052,400012
TX_00000960,0200,36,36.07,3607,36.07492799708042,3607,USD,63,5411,M_5411_00068,MID_412800_000068,412800
TX_00000961,0200,40,9.48,948,9.479124763274905,948,USD,17,5999,M_5999_00142,MID_400012_000142,400012
TX_00000962,0200,34,73.92,7392,73.92071156352299,7392,USD,129,5311,M_5311_00052,MID_400012_000052,400012
TX_00000963,0200,37,177.29,17729,177.29020740710004,17729,USD,310,5999,M_5999_00142,MID_400012_000142,400012
TX_00000964,0200,46,34.97,3497,34.966044227316075,3497,USD,61,5814,M_5814_00066,MID_412800_000066,412800
TX_00000965,0200,49,71.68,7168,71.67969054519658,7168,USD,125,5541,M_5541_00113,MID_400012_000113,400012
TX_00000966,0200,26,14.23,1423,16.73,1673,USD,29,5812,M_5812_00021,MID_370001_000021,370001
TX_00000967,0200,42,28.78,2878,34.37,3437,USD,60,5812,M_5812_00021,MID_370001_000021,370001
TX_00000968,0200,32,815.94,81594,958.52,95852,USD,1677,5812,M_5812_00021,MID_370001_000021,370001
TX_00000969,0200,40,24.13,2413,24.127851799569353,2413,USD,42,5999,M_5999_00142,MID_400012_000142,400012
TX_00000970,0200,26,82.11,8211,82.11399768731053,8211,USD,144,5814,M_5814_00066,MID_412800_000066,412800
TX_00000971,0200,58,428.46,42846,485.01,48501,USD,849,5812,M_5812_00021,MID_370001_000021,370001
TX_00000972,0200,25,1.86,186,2.15,215,USD,4,5812,M_5812_00123,MID_412800_000123,412800
TX_00000973,0200,25,59.04,5904,66.97,6697,USD,117,5812,M_5812_00123,MID_412800_000123,412800
TX_00000974,0200,28,158.34,15834,175.34,17534,USD,307,5812,M_5812_00021,MID_370001_000021,370001
TX_00000975,0200,61,12.92,1292,12.92009194560796,1292,USD,23,5541,M_5541_00113,MID_400012_000113,400012
TX_00000976,0200,49,1253.16,125316,1253.1575432117502,125316,USD,2193,5541,M_5541_00113,MID_400012_000113,400012
TX_00000977,0200,57,46.29,4629,54.07,5407,USD,95,5812,M_5812_00021,MID_370001_000021,370001
TX_00000978,0200,63,84.23,8423,96.69,9669,USD,169,5812,M_5812_00102,MID_541234_000102,541234
TX_00000979,0200,50,15.22,1522,16.9,1690,USD,30,5812,M_5812_00102,MID_541234_000102,541234
TX_00000980,0200,66,68.2,6820,68.20171051562308,6820,USD,119,5999,M_5999_00142,MID_400012_000142,400012
TX_00000981,0200,59,72.66,7266,84.41,8441,USD,148,5812,M_5812_00021,MID_370001_000021,370001
TX_00000982,0200,31,10.3,1030,11.37,1137,USD,20,5812,M_5812_00102,MID_541234_000102,541234
TX_00000983,0200,45,117.77,11777,117.76718793532422,11777,USD,206,5814,M_5814_00089,MID_412800_000089,412800
TX_00000984,0200,38,126.87,12687,148.74,14874,USD,260,5812,M_5812_00102,MID_541234_000102,541234
TX_00000985,0200,32,587.82,58782,587.8179874777903,58782,USD,1029,5732,M_5732_00018,MID_541234_000018,541234
TX_00000986,0200,37,12.07,1207,12.066477454484215,1207,USD,21,5411,M_5411_00068,MID_412800_000068,412800
TX_00000987,0200,27,13.91,1391,28.39,2839,USD,50,5542,M_5542_00121,MID_412800_000121,412800
TX_00000988,0200,34,84.7,8470,42.86,4286,USD,75,5542,M_5542_00121,MID_412800_000121,412800
TX_00000989,0200,50,8.49,849,8.492407454460821,849,USD,15,5814,M_5814_00066,MID_412800_000066,412800
TX_00000990,0200,65,46.84,4684,30.37,3037,USD,53,5542,M_5542_00121,MID_412800_000121,412800
TX_00000991,0200,24,31.71,3171,31.708999746066677,3171,USD,55,5411,M_5411_00038,MID_541234_000038,541234
TX_00000992,0200,54,50.59,5059,50.58523660833516,5059,USD,89,5094,M_5094_00041,MID_370001_000041,370001
TX_00000993,0200,63,32.86,3286,38.93,3893,USD,68,5812,M_5812_00021,MID_370001_000021,370001
TX_00000994,0200,51,102.89,10289,120.55,12055,USD,211,5812,M_5812_00021,MID_370001_000021,370001
TX_00000995,0200,41,35.63,3563,35.62748065285967,3563,USD,62,5311,M_5311_00116,MID_412800_000116,412800
TX_00000996,0200,46,32.94,3294,38.92,3892,USD,68,5812,M_5812_00021,MID_370001_000021,370001
TX_00000997,0200,62,38.29,3829,43.8,4380,USD,77,5812,M_5812_00021,MID_370001_000021,370001
TX_00000998,0200,32,54.54,5454,63.5,6350,USD,111,5812,M_5812_00021,MID_370001_000021,370001
TX_00000999,0200,56,29.09,2909,29.087573953729404,2909,USD,51,5999,M_5999_00136,MID_541234_000136,541234
