transaction_id,card_id,pan_masked,product_id,cohort_id,timestamp_utc,tx_time_seconds,mti,stan,rrn,auth_code,response_code,auth_response_code,pos_entry_mode,pos_condition_code,eci,trans_status_3ds,vaai_score,amount,amount_minor,currency,available_balance,credit_limit,mcc,merchant_id
TX_00000000,CARD_000126,414720******5423,PROD_CLASSIC_REVOLVING,C4_SUBURBAN_FAMILY,2024-01-01T05:51:21.431378+00:00,1704088281.43,0100,000001,170408828101,A30034,00,00,012,59,05,Y,21,144.55,14455,USD,2401.66,2735.010115486153,6513,M_6513_00022
TX_00000001,CARD_000126,414720******5423,PROD_CLASSIC_REVOLVING,C4_SUBURBAN_FAMILY,2024-01-01T05:51:32.584126+00:00,1704088292.58,0100,000002,170408829202,A34729,00,00,102,59,05,Y,13,70.63,7063,USD,2257.11,2735.010115486153,5411,M_5411_00008
TX_00000002,CARD_000401,414720******3131,PROD_ULTRA_PREMIUM_INFINITE,C5_URBAN_TECH_PROFESSIONAL,2024-01-01T07:21:49.383280+00:00,1704093709.38,0100,000003,170409370903,A12219,00,00,071,00,,Y,44,59.21,5921,USD,78765.34,88021.41627958443,5999,M_5999_00142
TX_00000003,CARD_000401,414720******3131,PROD_ULTRA_PREMIUM_INFINITE,C5_URBAN_TECH_PROFESSIONAL,2024-01-01T07:26:13.881049+00:00,1704093973.88,0100,000004,170409397304,A92928,00,00,012,59,05,Y,47,16.28,1628,USD,78706.13,88021.41627958443,5411,M_5411_00058
TX_00000004,CARD_000401,414720******3131,PROD_ULTRA_PREMIUM_INFINITE,C5_URBAN_TECH_PROFESSIONAL,2024-01-01T07:40:20.514126+00:00,1704094820.51,0100,000005,170409482005,A95558,00,00,012,59,05,Y,11,46.63,4663,USD,78689.86,88021.41627958443,5411,M_5411_00027
TX_00000005,CARD_000401,414720******3131,PROD_ULTRA_PREMIUM_INFINITE,C5_URBAN_TECH_PROFESSIONAL,2024-01-01T07:46:49.454935+00:00,1704095209.45,0100,000006,170409520906,A58209,00,00,012,59,05,Y,32,84.09,8409,USD,78643.23,88021.41627958443,4816,M_4816_00011
TX_00000006,CARD_000401,414720******3131,PROD_ULTRA_PREMIUM_INFINITE,C5_URBAN_TECH_PROFESSIONAL,2024-01-01T07:50:12.003504+00:00,1704095412.0,0100,000007,170409541207,A54865,00,00,071,00,,Y,5,52.57,5257,USD,78559.14,88021.41627958443,5732,M_5732_00082
TX_00000007,CARD_000401,414720******3131,PROD_ULTRA_PREMIUM_INFINITE,C5_URBAN_TECH_PROFESSIONAL,2024-01-01T07:54:01.975101+00:00,1704095641.98,0100,000008,170409564108,,65,65,012,59,07,N,16,9.65,965,USD,78506.57,88021.41627958443,6051,M_6051_00023
TX_00000008,CARD_000493,414720******5365,PROD_BNPL_SINGLE_USE_VIRTUAL,C3_YOUNG_ADULT_STUDENT,2024-01-01T08:29:08.446870+00:00,1704097748.45,0100,000009,170409774809,A65571,00,00,071,00,,Y,10,6.75,675,USD,493.94,463.0031379269237,5812,M_5812_00021
TX_00000009,CARD_000493,414720******5365,PROD_BNPL_SINGLE_USE_VIRTUAL,C3_YOUNG_ADULT_STUDENT,2024-01-01T08:38:26.816755+00:00,1704098306.82,0100,000010,170409830610,A65755,00,00,071,00,,Y,16,28.2,2820,USD,487.19,463.0031379269237,5812,M_5812_00021
TX_00000010,CARD_000690,414720******8525,PROD_REWARDS_SIGNATURE,C5_URBAN_TECH_PROFESSIONAL,2024-01-01T08:42:20.520433+00:00,1704098540.52,0100,000011,170409854011,A59901,00,00,071,00,,Y,11,28.97,2897,USD,17125.77,20764.194176497534,5812,M_5812_00021
TX_00000011,CARD_000690,414720******8525,PROD_REWARDS_SIGNATURE,C5_URBAN_TECH_PROFESSIONAL,2024-01-01T08:56:03.570814+00:00,1704099363.57,0100,000012,170409936312,A42065,00,00,102,59,05,Y,29,22.7,2270,USD,17096.79,20764.194176497534,4816,M_4816_00131
TX_00000012,CARD_000493,414720******5365,PROD_BNPL_SINGLE_USE_VIRTUAL,C3_YOUNG_ADULT_STUDENT,2024-01-01T09:01:04.634130+00:00,1704099664.63,0100,000013,170409966413,A83122,00,00,102,59,05,Y,60,16.69,1669,USD,458.98,463.0031379269237,5812,M_5812_00021
TX_00000013,CARD_000493,414720******5365,PROD_BNPL_SINGLE_USE_VIRTUAL,C3_YOUNG_ADULT_STUDENT,2024-01-01T09:21:30.992894+00:00,1704100890.99,0100,000014,170410089014,,51,51,051,00,,Y,7,864.45,86445,USD,442.3,463.0031379269237,5912,M_5912_00029
TX_00000014,CARD_000690,414720******8525,PROD_REWARDS_SIGNATURE,C5_URBAN_TECH_PROFESSIONAL,2024-01-01T09:24:48.072871+00:00,1704101088.07,0100,000015,170410108815,A16637,00,00,012,59,05,Y,14,9.82,982,USD,17074.1,20764.194176497534,5999,M_5999_00142
TX_00000015,CARD_000690,414720******8525,PROD_REWARDS_SIGNATURE,C5_URBAN_TECH_PROFESSIONAL,2024-01-01T09:31:28.468835+00:00,1704101488.47,0100,000016,170410148816,A24669,00,00,071,00,,Y,23,27.66,2766,USD,17064.28,20764.194176497534,5541,M_5541_00113
TX_00000016,CARD_000493,414720******5365,PROD_BNPL_SINGLE_USE_VIRTUAL,C3_YOUNG_ADULT_STUDENT,2024-01-01T09:35:01.543615+00:00,1704101701.54,0100,000017,170410170117,A67245,00,00,102,59,05,Y,13,19.28,1928,USD,442.3,463.0031379269237,5812,M_5812_00021
TX_00000017,CARD_000148,414720******1632,PROD_REWARDS_SIGNATURE,C4_SUBURBAN_FAMILY,2024-01-01T09:35:35.627841+00:00,1704101735.63,0100,000018,170410173518,A88146,00,00,012,59,05,Y,18,1.94,194,USD,13181.45,15118.570049038542,5411,M_5411_00051
TX_00000018,CARD_000690,414720******8525,PROD_REWARDS_SIGNATURE,C5_URBAN_TECH_PROFESSIONAL,2024-01-01T09:38:51.967358+00:00,1704101931.97,0100,000019,170410193119,A29625,00,00,012,59,05,Y,33,32.64,3264,USD,17036.62,20764.194176497534,4816,M_4816_00011
TX_00000019,CARD_000690,414720******8525,PROD_REWARDS_SIGNATURE,C5_URBAN_TECH_PROFESSIONAL,2024-01-01T09:39:38.526824+00:00,1704101978.53,0100,000020,170410197820,A24003,00,00,071,00,,Y,11,40.79,4079,USD,17003.97,20764.194176497534,5541,M_5541_00113
TX_00000020,CARD_000493,414720******5365,PROD_BNPL_SINGLE_USE_VIRTUAL,C3_YOUNG_ADULT_STUDENT,2024-01-01T09:39:58.609668+00:00,1704101998.61,0100,000021,170410199821,A24689,00,00,051,00,,Y,41,22.64,2264,USD,423.02,463.0031379269237,5541,M_5541_00113
TX_00000021,CARD_000493,414720******5365,PROD_BNPL_SINGLE_USE_VIRTUAL,C3_YOUNG_ADULT_STUDENT,2024-01-01T09:43:12.208083+00:00,1704102192.21,0100,000022,170410219222,A70394,00,00,071,00,,Y,38,22.81,2281,USD,400.39,463.0031379269237,5541,M_5541_00113
TX_00000022,CARD_000493,414720******5365,PROD_BNPL_SINGLE_USE_VIRTUAL,C3_YOUNG_ADULT_STUDENT,2024-01-01T09:46:38.728375+00:00,1704102398.73,0100,000023,170410239823,,65,65,012,59,07,N,23,8.37,837,USD,377.58,463.0031379269237,5812,M_5812_00021
TX_00000023,CARD_000690,414720******8525,PROD_REWARDS_SIGNATURE,C5_URBAN_TECH_PROFESSIONAL,2024-01-01T09:53:40.633078+00:00,1704102820.63,0100,000024,170410282024,A32443,00,00,102,59,05,Y,27,33.1,3310,USD,16963.19,20764.194176497534,5812,M_5812_00021
TX_00000024,CARD_000690,414720******8525,PROD_REWARDS_SIGNATURE,C5_URBAN_TECH_PROFESSIONAL,2024-01-01T10:06:23.879026+00:00,1704103583.88,0100,000025,170410358325,A82086,00,00,012,59,05,Y,28,23.64,2364,USD,16930.09,20764.194176497534,5812,M_5812_00102
TX_00000025,CARD_000153,414720******8745,PROD_TOKENIZED_DPAN,C5_URBAN_TECH_PROFESSIONAL,2024-01-01T10:47:00.160251+00:00,1704106020.16,0100,000026,170410602026,A77942,00,00,071,00,,Y,18,88.22,8822,USD,4178.54,5000.0,5814,M_5814_00110
TX_00000026,CARD_000153,414720******8745,PROD_TOKENIZED_DPAN,C5_URBAN_TECH_PROFESSIONAL,2024-01-01T11:08:26.262707+00:00,1704107306.26,0100,000027,170410730627,A50635,00,00,102,59,05,Y,22,71.01,7101,USD,4090.32,5000.0,5541,M_5541_00113
TX_00000027,CARD_000153,414720******8745,PROD_TOKENIZED_DPAN,C5_URBAN_TECH_PROFESSIONAL,2024-01-01T11:23:48.100102+00:00,1704108228.1,0100,000028,170410822828,A10857,00,00,071,00,,Y,16,14.65,1465,USD,4019.3,5000.0,5812,M_5812_00093
TX_00000028,CARD_000933,414720******5673,PROD_GPR_PREPAID,C1_HOURLY_GIG_WORKER,2024-01-01T11:24:47.435433+00:00,1704108287.44,0100,000029,170410828729,A54054,00,00,051,00,,Y,16,17.81,1781,USD,3079.68,5000.0,5541,M_5541_00019
TX_00000029,CARD_000933,414720******5673,PROD_GPR_PREPAID,C1_HOURLY_GIG_WORKER,2024-01-01T11:36:11.832384+00:00,1704108971.83,0100,000030,170410897130,A34658,00,00,051,00,,Y,33,23.27,2327,USD,3061.87,5000.0,5541,M_5541_00019
TX_00000030,CARD_000153,414720******8745,PROD_TOKENIZED_DPAN,C5_URBAN_TECH_PROFESSIONAL,2024-01-01T11:41:36.603675+00:00,1704109296.6,0100,000031,170410929631,A77176,00,00,071,00,,Y,28,22.76,2276,USD,4004.66,5000.0,5812,M_5812_00093
TX_00000031,CARD_000933,414720******5673,PROD_GPR_PREPAID,C1_HOURLY_GIG_WORKER,2024-01-01T12:02:45.535670+00:00,1704110565.54,0100,000032,170411056532,A58245,00,00,071,00,,Y,2,15.45,1545,USD,3038.6,5000.0,5541,M_5541_00019
TX_00000032,CARD_000153,414720******8745,PROD_TOKENIZED_DPAN,C5_URBAN_TECH_PROFESSIONAL,2024-01-01T12:03:17.439795+00:00,1704110597.44,0100,000033,170411059733,A63635,00,00,012,59,05,Y,12,51.83,5183,USD,3981.89,5000.0,5999,M_5999_00142
TX_00000033,CARD_000933,414720******5673,PROD_GPR_PREPAID,C1_HOURLY_GIG_WORKER,2024-01-01T12:11:03.678454+00:00,1704111063.68,0100,000034,170411106334,A94147,00,00,051,00,,Y,15,21.5,2150,USD,3023.15,5000.0,5541,M_5541_00019
TX_00000034,CARD_000933,414720******5673,PROD_GPR_PREPAID,C1_HOURLY_GIG_WORKER,2024-01-01T12:32:49.005333+00:00,1704112369.01,0100,000035,170411236935,A24470,00,00,071,00,,Y,5,7.77,777,USD,3001.65,5000.0,5411,M_5411_00084
TX_00000035,CARD_000933,414720******5673,PROD_GPR_PREPAID,C1_HOURLY_GIG_WORKER,2024-01-01T12:35:15.839038+00:00,1704112515.84,0100,000036,170411251536,A46487,00,00,051,00,,Y,18,68.47,6847,USD,2993.87,5000.0,5411,M_5411_00084
TX_00000036,CARD_000933,414720******5673,PROD_GPR_PREPAID,C1_HOURLY_GIG_WORKER,2024-01-01T12:53:52.925052+00:00,1704113632.93,0100,000037,170411363237,A45228,00,00,051,00,,Y,15,19.92,1992,USD,2925.4,5000.0,5411,M_5411_00084
TX_00000037,CARD_000933,414720******5673,PROD_GPR_PREPAID,C1_HOURLY_GIG_WORKER,2024-01-01T13:04:39.455248+00:00,1704114279.46,0100,000038,170411427938,A23328,00,00,051,00,,Y,20,1.37,137,USD,2905.48,5000.0,5411,M_5411_00084
TX_00000038,CARD_000054,414720******5889,PROD_CHECKING_DEBIT,C2_FIXED_INCOME_SENIOR,2024-01-01T15:08:38.763356+00:00,1704121718.76,0100,000039,170412171839,A17052,00,00,051,00,,Y,19,30.28,3028,USD,3564.41,5569.844838954592,5411,M_5411_00015
TX_00000039,CARD_000054,414720******5889,PROD_CHECKING_DEBIT,C2_FIXED_INCOME_SENIOR,2024-01-01T15:30:40.630043+00:00,1704123040.63,0100,000040,170412304040,A85464,00,00,071,00,,Y,6,23.82,2382,USD,3534.12,5569.844838954592,5411,M_5411_00015
TX_00000040,CARD_000054,414720******5889,PROD_CHECKING_DEBIT,C2_FIXED_INCOME_SENIOR,2024-01-01T15:50:18.529334+00:00,1704124218.53,0100,000041,170412421841,A55901,00,00,051,00,,Y,8,47.3,4730,USD,3510.3,5569.844838954592,5411,M_5411_00015
TX_00000041,CARD_000054,414720******5889,PROD_CHECKING_DEBIT,C2_FIXED_INCOME_SENIOR,2024-01-01T15:53:52.624594+00:00,1704124432.62,0100,000042,170412443242,A66755,00,00,051,00,,Y,4,21.89,2189,USD,3463.0,5569.844838954592,5411,M_5411_00015
TX_00000042,CARD_000054,414720******5889,PROD_CHECKING_DEBIT,C2_FIXED_INCOME_SENIOR,2024-01-01T15:57:12.990487+00:00,1704124632.99,0100,000043,170412463243,A46303,00,00,051,00,,Y,9,23.39,2339,USD,3441.11,5569.844838954592,5411,M_5411_00015
TX_00000043,CARD_000054,414720******5889,PROD_CHECKING_DEBIT,C2_FIXED_INCOME_SENIOR,2024-01-01T16:04:00.348935+00:00,1704125040.35,0100,000044,170412504044,A92712,00,00,051,00,,Y,26,65.09,6509,USD,3417.73,5569.844838954592,5411,M_5411_00015
TX_00000044,CARD_000054,414720******5889,PROD_CHECKING_DEBIT,C2_FIXED_INCOME_SENIOR,2024-01-01T16:06:53.463400+00:00,1704125213.46,0100,000045,170412521345,A60870,00,00,051,00,,Y,14,24.77,2477,USD,3352.63,5569.844838954592,5411,M_5411_00015
TX_00000045,CARD_000054,414720******5889,PROD_CHECKING_DEBIT,C2_FIXED_INCOME_SENIOR,2024-01-01T16:25:21.553168+00:00,1704126321.55,0100,000046,170412632146,A94079,00,00,012,59,05,Y,3,16.9,1690,USD,3327.87,5569.844838954592,5912,M_5912_00048
TX_00000046,CARD_000054,414720******5889,PROD_CHECKING_DEBIT,C2_FIXED_INCOME_SENIOR,2024-01-01T16:46:16.921598+00:00,1704127576.92,0100,000047,170412757647,A23801,00,00,051,00,,Y,16,38.96,3896,USD,3310.97,5569.844838954592,5411,M_5411_00015
TX_00000047,CARD_000175,414720******1083,PROD_REWARDS_SIGNATURE,C4_SUBURBAN_FAMILY,2024-01-01T16:50:48.093266+00:00,1704127848.09,0100,000048,170412784848,A52765,00,00,012,59,05,Y,12,21.68,2168,USD,9318.62,10764.874231749513,4816,M_4816_00011
TX_00000048,CARD_000175,414720******1083,PROD_REWARDS_SIGNATURE,C4_SUBURBAN_FAMILY,2024-01-01T16:52:34.293013+00:00,1704127954.29,0100,000049,170412795449,A89230,00,00,012,59,05,Y,4,23.21,2321,USD,9296.94,10764.874231749513,5812,M_5812_00145
TX_00000049,CARD_000367,414720******7132,PROD_CLASSIC_REVOLVING,C4_SUBURBAN_FAMILY,2024-01-01T16:53:05.779163+00:00,1704127985.78,0100,000050,170412798550,A54999,00,00,051,00,,Y,11,59.11,5911,USD,1843.61,2199.2139946843217,5814,M_5814_00066
TX_00000050,CARD_000175,414720******1083,PROD_REWARDS_SIGNATURE,C4_SUBURBAN_FAMILY,2024-01-01T16:56:13.297253+00:00,1704128173.3,0100,000051,170412817351,A31057,00,00,071,00,,Y,16,15.01,1501,USD,9273.73,10764.874231749513,5912,M_5912_00101
TX_00000051,CARD_000367,414720******7132,PROD_CLASSIC_REVOLVING,C4_SUBURBAN_FAMILY,2024-01-01T16:59:25.192294+00:00,1704128365.19,0100,000052,170412836552,A78188,00,00,071,00,,Y,13,98.2,9820,USD,1784.5,2199.2139946843217,5814,M_5814_00066
TX_00000052,CARD_000175,414720******1083,PROD_REWARDS_SIGNATURE,C4_SUBURBAN_FAMILY,2024-01-01T17:02:26.712698+00:00,1704128546.71,0100,000053,170412854653,A46354,00,00,051,00,,Y,4,106.78,10678,USD,9258.72,10764.874231749513,5912,M_5912_00101
TX_00000053,CARD_000054,414720******5889,PROD_CHECKING_DEBIT,C2_FIXED_INCOME_SENIOR,2024-01-01T17:05:34.726301+00:00,1704128734.73,0100,000054,170412873454,A97801,00,00,051,00,,Y,46,11.01,1101,USD,3272.01,5569.844838954592,5411,M_5411_00015
TX_00000054,CARD_000367,414720******7132,PROD_CLASSIC_REVOLVING,C4_SUBURBAN_FAMILY,2024-01-01T17:09:26.777573+00:00,1704128966.78,0100,000055,170412896655,A34335,00,00,071,00,,Y,45,50.79,5079,USD,1686.3,2199.2139946843217,5814,M_5814_00066
TX_00000055,CARD_000054,414720******5889,PROD_CHECKING_DEBIT,C2_FIXED_INCOME_SENIOR,2024-01-01T17:14:25.070003+00:00,1704129265.07,0100,000056,170412926556,A69490,00,00,051,00,,Y,31,17.57,1757,USD,3261.0,5569.844838954592,5411,M_5411_00015
TX_00000056,CARD_000175,414720******1083,PROD_REWARDS_SIGNATURE,C4_SUBURBAN_FAMILY,2024-01-01T17:15:51.086443+00:00,1704129351.09,0100,000057,170412935157,A59679,00,00,071,00,,Y,8,47.08,4708,USD,9151.93,10764.874231749513,5912,M_5912_00101
TX_00000057,CARD_000367,414720******7132,PROD_CLASSIC_REVOLVING,C4_SUBURBAN_FAMILY,2024-01-01T17:22:24.196568+00:00,1704129744.2,0100,000058,170412974458,A25087,00,00,071,00,,Y,37,65.97,6597,USD,1635.51,2199.2139946843217,5814,M_5814_00066
TX_00000058,CARD_000367,414720******7132,PROD_CLASSIC_REVOLVING,C4_SUBURBAN_FAMILY,2024-01-01T17:39:00.252978+00:00,1704130740.25,0100,000059,170413074059,A84101,00,00,102,59,05,Y,10,37.46,3746,USD,1569.54,2199.2139946843217,5411,M_5411_00028
TX_00000059,CARD_000367,414720******7132,PROD_CLASSIC_REVOLVING,C4_SUBURBAN_FAMILY,2024-01-01T17:49:30.769941+00:00,1704131370.77,0100,000060,170413137060,A93761,00,00,071,00,,Y,2,12.52,1252,USD,1532.08,2199.2139946843217,5814,M_5814_00066
TX_00000060,CARD_000083,414720******5824,PROD_BNPL_SINGLE_USE_VIRTUAL,C3_YOUNG_ADULT_STUDENT,2024-01-01T17:52:20.388549+00:00,1704131540.39,0100,000061,170413154061,A35617,00,00,071,00,,Y,13,18.81,1881,USD,957.69,956.8577473036273,5812,M_5812_00021
TX_00000061,CARD_000367,414720******7132,PROD_CLASSIC_REVOLVING,C4_SUBURBAN_FAMILY,2024-01-01T18:05:42.217241+00:00,1704132342.22,0100,000062,170413234262,A26581,00,00,071,00,,Y,27,34.16,3416,USD,1519.56,2199.2139946843217,5812,M_5812_00107
TX_00000062,CARD_000367,414720******7132,PROD_CLASSIC_REVOLVING,C4_SUBURBAN_FAMILY,2024-01-01T18:08:31.585792+00:00,1704132511.59,0100,000063,170413251163,A65193,00,00,051,00,,Y,1,23.59,2359,USD,1485.4,2199.2139946843217,5812,M_5812_00107
TX_00000063,CARD_000367,414720******7132,PROD_CLASSIC_REVOLVING,C4_SUBURBAN_FAMILY,2024-01-01T18:21:21.003735+00:00,1704133281.0,0100,000064,170413328164,A58027,00,00,012,59,05,Y,8,38.74,3874,USD,1461.8,2199.2139946843217,5411,M_5411_00028
TX_00000064,CARD_000367,414720******7132,PROD_CLASSIC_REVOLVING,C4_SUBURBAN_FAMILY,2024-01-01T18:35:12.661361+00:00,1704134112.66,0100,000065,170413411265,A30708,00,00,071,00,,Y,17,28.22,2822,USD,1423.06,2199.2139946843217,5812,M_5812_00107
TX_00000065,CARD_000367,414720******7132,PROD_CLASSIC_REVOLVING,C4_SUBURBAN_FAMILY,2024-01-01T19:01:35.309795+00:00,1704135695.31,0100,000066,170413569566,A28607,00,00,012,59,05,Y,18,30.89,3089,USD,1394.84,2199.2139946843217,5812,M_5812_00112
TX_00000066,CARD_000367,414720******7132,PROD_CLASSIC_REVOLVING,C4_SUBURBAN_FAMILY,2024-01-01T19:17:06.362461+00:00,1704136626.36,0100,000067,170413662667,A50812,00,00,051,00,,Y,19,44.13,4413,USD,1363.95,2199.2139946843217,5542,M_5542_00053
TX_00000067,CARD_000367,414720******7132,PROD_CLASSIC_REVOLVING,C4_SUBURBAN_FAMILY,2024-01-01T19:24:21.249931+00:00,1704137061.25,0100,000068,170413706168,A80352,00,00,071,00,,Y,11,42.26,4226,USD,1319.81,2199.2139946843217,5542,M_5542_00053
TX_00000068,CARD_000367,414720******7132,PROD_CLASSIC_REVOLVING,C4_SUBURBAN_FAMILY,2024-01-01T19:29:17.784589+00:00,1704137357.78,0100,000069,170413735769,,63,63,102,59,07,N,15,352.55,35255,USD,1277.56,2199.2139946843217,5912,M_5912_00048
TX_00000069,CARD_000367,414720******7132,PROD_CLASSIC_REVOLVING,C4_SUBURBAN_FAMILY,2024-01-01T19:32:20.114951+00:00,1704137540.11,0100,000070,170413754070,A77649,00,00,102,59,05,Y,3,139.86,13986,USD,1277.56,2199.2139946843217,5812,M_5812_00021
TX_00000070,CARD_000367,414720******7132,PROD_CLASSIC_REVOLVING,C4_SUBURBAN_FAMILY,2024-01-01T19:36:39.060254+00:00,1704137799.06,0100,000071,170413779971,A12008,00,00,051,00,,Y,22,51.76,5176,USD,1137.69,2199.2139946843217,5542,M_5542_00053
TX_00000071,CARD_000367,414720******7132,PROD_CLASSIC_REVOLVING,C4_SUBURBAN_FAMILY,2024-01-01T19:53:38.106887+00:00,1704138818.11,0100,000072,170413881872,A92340,00,00,012,59,05,Y,10,224.24,22424,USD,1085.93,2199.2139946843217,5812,M_5812_00021
TX_00000072,CARD_000588,414720******3672,PROD_CHECKING_DEBIT,C2_FIXED_INCOME_SENIOR,2024-01-01T20:04:07.076683+00:00,1704139447.08,0100,000073,170413944773,A29172,00,00,071,00,,Y,60,84.33,8433,USD,3573.37,8524.838381189104,5812,M_5812_00021
TX_00000073,CARD_000588,414720******3672,PROD_CHECKING_DEBIT,C2_FIXED_INCOME_SENIOR,2024-01-01T20:08:01.673679+00:00,1704139681.67,0100,000074,170413968174,A83944,00,00,051,00,,Y,19,31.81,3181,USD,3489.04,8524.838381189104,5812,M_5812_00021
TX_00000074,CARD_000367,414720******7132,PROD_CLASSIC_REVOLVING,C4_SUBURBAN_FAMILY,2024-01-01T20:12:05.523731+00:00,1704139925.52,0100,000075,170413992575,A99518,00,00,012,59,05,Y,11,118.17,11817,USD,861.69,2199.2139946843217,5812,M_5812_00021
TX_00000075,CARD_000588,414720******3672,PROD_CHECKING_DEBIT,C2_FIXED_INCOME_SENIOR,2024-01-01T20:12:41.328808+00:00,1704139961.33,0100,000076,170413996176,A22117,00,00,051,00,,Y,64,10.19,1019,USD,3457.22,8524.838381189104,5812,M_5812_00021
TX_00000076,CARD_000588,414720******3672,PROD_CHECKING_DEBIT,C2_FIXED_INCOME_SENIOR,2024-01-01T20:28:57.824608+00:00,1704140937.82,0100,000077,170414093777,A40872,00,00,051,00,,Y,20,75.84,7584,USD,3447.03,8524.838381189104,5812,M_5812_00021
TX_00000077,CARD_000367,414720******7132,PROD_CLASSIC_REVOLVING,C4_SUBURBAN_FAMILY,2024-01-01T20:30:25.250615+00:00,1704141025.25,0100,000078,170414102578,A27755,00,00,012,59,05,Y,40,6.74,674,USD,743.52,2199.2139946843217,5812,M_5812_00021
TX_00000078,CARD_000588,414720******3672,PROD_CHECKING_DEBIT,C2_FIXED_INCOME_SENIOR,2024-01-01T20:56:41.939998+00:00,1704142601.94,0100,000079,170414260179,A62540,00,00,051,00,,Y,19,37.18,3718,USD,3371.19,8524.838381189104,5812,M_5812_00021
TX_00000079,CARD_000004,414720******6690,PROD_ULTRA_PREMIUM_INFINITE,C5_URBAN_TECH_PROFESSIONAL,2024-01-01T21:11:18.079948+00:00,1704143478.08,0100,000080,170414347880,A41450,00,00,102,59,05,Y,17,33.94,3394,USD,167442.28,192916.5618105323,5812,M_5812_00021
TX_00000080,CARD_000098,414720******6309,PROD_ULTRA_PREMIUM_INFINITE,C5_URBAN_TECH_PROFESSIONAL,2024-01-01T21:14:02.084140+00:00,1704143642.08,0100,000081,170414364281,A23393,00,00,102,59,05,Y,30,40.75,4075,USD,38906.12,47643.75511639421,5999,M_5999_00142
TX_00000081,CARD_000098,414720******6309,PROD_ULTRA_PREMIUM_INFINITE,C5_URBAN_TECH_PROFESSIONAL,2024-01-01T21:16:57.157474+00:00,1704143817.16,0100,000082,170414381782,A45730,00,00,102,59,05,Y,44,19.46,1946,USD,38865.36,47643.75511639421,5411,M_5411_00015
TX_00000082,CARD_000069,414720******6025,PROD_REWARDS_SIGNATURE,C6_SMALL_BUSINESS_OWNER,2024-01-01T22:28:03.316294+00:00,1704148083.32,0100,000083,170414808383,A19249,00,00,012,59,05,Y,20,32.79,3279,USD,9926.09,10873.006272156948,5411,M_5411_00015
TX_00000083,CARD_000069,414720******6025,PROD_REWARDS_SIGNATURE,C6_SMALL_BUSINESS_OWNER,2024-01-01T22:30:41.340372+00:00,1704148241.34,0100,000084,170414824184,A16485,00,00,051,00,,Y,10,111.57,11157,USD,9893.3,10873.006272156948,5311,M_5311_00116
TX_00000084,CARD_000742,414720******4056,PROD_TOKENIZED_DPAN,C5_URBAN_TECH_PROFESSIONAL,2024-01-01T22:32:41.232047+00:00,1704148361.23,0100,000085,170414836185,A98579,00,00,071,00,,Y,27,30.43,3043,USD,4353.96,5000.0,5814,M_5814_00092
TX_00000085,CARD_000710,414720******6444,PROD_REWARDS_SIGNATURE,C4_SUBURBAN_FAMILY,2024-01-02T05:58:15.205843+00:00,1704175095.21,0100,000086,170417509586,A97158,00,00,102,59,05,Y,29,91.98,9198,USD,18661.1,20000.277470831115,5812,M_5812_00021
TX_00000086,CARD_000204,414720******5852,PROD_COMMERCIAL_FLEET,C6_SMALL_BUSINESS_OWNER,2024-01-02T06:13:54.401789+00:00,1704176034.4,0100,000087,170417603487,A27625,00,00,102,59,05,Y,25,59.01,5901,USD,4674.29,5000.0,5812,M_5812_00021
TX_00000087,CARD_000714,414720******3635,PROD_REWARDS_SIGNATURE,C6_SMALL_BUSINESS_OWNER,2024-01-02T09:55:12.344843+00:00,1704189312.34,0100,000088,170418931288,A98024,00,00,071,00,,Y,5,3.59,359,USD,14316.9,15676.535577250212,5411,M_5411_00051
TX_00000088,CARD_000440,414720******2790,PROD_CLASSIC_REVOLVING,C4_SUBURBAN_FAMILY,2024-01-02T10:21:56.127141+00:00,1704190916.13,0100,000089,170419091689,A51816,00,00,012,59,05,Y,0,9.69,969,USD,3667.13,3893.0335404508537,5411,M_5411_00058
TX_00000089,CARD_000714,414720******3635,PROD_REWARDS_SIGNATURE,C6_SMALL_BUSINESS_OWNER,2024-01-02T10:22:17.382328+00:00,1704190937.38,0100,000090,170419093790,A17545,00,00,012,59,05,Y,17,8.46,846,USD,14313.31,15676.535577250212,5411,M_5411_00051
TX_00000090,CARD_000440,414720******2790,PROD_CLASSIC_REVOLVING,C4_SUBURBAN_FAMILY,2024-01-02T10:27:12.636923+00:00,1704191232.64,0100,000091,170419123291,A58928,00,00,102,59,05,Y,9,12.38,1238,USD,3657.44,3893.0335404508537,5812,M_5812_00021
TX_00000091,CARD_000714,414720******3635,PROD_REWARDS_SIGNATURE,C6_SMALL_BUSINESS_OWNER,2024-01-02T10:32:03.569583+00:00,1704191523.57,0100,000092,170419152392,A66630,00,00,071,00,,Y,28,271.7,27170,USD,14304.85,15676.535577250212,5411,M_5411_00051
TX_00000092,CARD_000714,414720******3635,PROD_REWARDS_SIGNATURE,C6_SMALL_BUSINESS_OWNER,2024-01-02T10:35:14.722545+00:00,1704191714.72,0100,000093,170419171493,A64551,00,00,102,59,05,Y,13,434.25,43425,USD,14033.15,15676.535577250212,5411,M_5411_00015
TX_00000093,CARD_000714,414720******3635,PROD_REWARDS_SIGNATURE,C6_SMALL_BUSINESS_OWNER,2024-01-02T10:39:09.038620+00:00,1704191949.04,0100,000094,170419194994,A24486,00,00,051,00,,Y,4,574.55,57455,USD,13598.91,15676.535577250212,5411,M_5411_00051
TX_00000094,CARD_000714,414720******3635,PROD_REWARDS_SIGNATURE,C6_SMALL_BUSINESS_OWNER,2024-01-02T10:42:18.394655+00:00,1704192138.39,0100,000095,170419213895,A21169,00,00,051,00,,Y,14,364.1,36410,USD,13024.35,15676.535577250212,5411,M_5411_00051
TX_00000095,CARD_000714,414720******3635,PROD_REWARDS_SIGNATURE,C6_SMALL_BUSINESS_OWNER,2024-01-02T10:44:29.181167+00:00,1704192269.18,0100,000096,170419226996,A13238,00,00,051,00,,Y,17,190.39,19039,USD,12660.25,15676.535577250212,5411,M_5411_00051
TX_00000096,CARD_000714,414720******3635,PROD_REWARDS_SIGNATURE,C6_SMALL_BUSINESS_OWNER,2024-01-02T10:47:12.798693+00:00,1704192432.8,0100,000097,170419243297,A88558,00,00,051,00,,Y,6,634.41,63441,USD,12469.86,15676.535577250212,5411,M_5411_00051
TX_00000097,CARD_000806,414720******9968,PROD_CHECKING_DEBIT,C2_FIXED_INCOME_SENIOR,2024-01-02T12:41:22.399751+00:00,1704199282.4,0100,000098,170419928298,A69279,00,00,071,00,,Y,10,1.54,154,USD,2058.59,4334.283786925131,5812,M_5812_00093
TX_00000098,CARD_000806,414720******9968,PROD_CHECKING_DEBIT,C2_FIXED_INCOME_SENIOR,2024-01-02T12:46:42.249771+00:00,1704199602.25,0100,000099,170419960299,A41623,00,00,071,00,,Y,11,6.88,688,USD,2057.05,4334.283786925131,5812,M_5812_00093
TX_00000099,CARD_000806,414720******9968,PROD_CHECKING_DEBIT,C2_FIXED_INCOME_SENIOR,2024-01-02T12:49:37.099552+00:00,1704199777.1,0100,000100,170419977700,A87568,00,00,051,00,,Y,0,33.92,3392,USD,2050.17,4334.283786925131,5812,M_5812_00093
TX_00000100,CARD_000806,414720******9968,PROD_CHECKING_DEBIT,C2_FIXED_INCOME_SENIOR,2024-01-02T12:58:21.995428+00:00,1704200302.0,0100,000101,170420030101,A18102,00,00,012,59,05,Y,28,33.05,3305,USD,2016.25,4334.283786925131,5411,M_5411_00135
TX_00000101,CARD_000806,414720******9968,PROD_CHECKING_DEBIT,C2_FIXED_INCOME_SENIOR,2024-01-02T13:08:50.683039+00:00,1704200930.68,0100,000102,170420093002,A72627,00,00,102,59,05,Y,16,48.25,4825,USD,1983.2,4334.283786925131,5814,M_5814_00069
TX_00000102,CARD_000806,414720******9968,PROD_CHECKING_DEBIT,C2_FIXED_INCOME_SENIOR,2024-01-02T13:09:23.109921+00:00,1704200963.11,0100,000103,170420096303,A89814,00,00,051,00,,Y,20,20.11,2011,USD,1934.95,4334.283786925131,5812,M_5812_00107
TX_00000103,CARD_000116,414720******1241,PROD_CHECKING_DEBIT,C2_FIXED_INCOME_SENIOR,2024-01-02T13:53:55.229457+00:00,1704203635.23,0100,000104,170420363504,A95772,00,00,051,00,,Y,34,19.2,1920,USD,3531.28,6094.350741912653,5411,M_5411_00015
TX_00000104,CARD_000116,414720******1241,PROD_CHECKING_DEBIT,C2_FIXED_INCOME_SENIOR,2024-01-02T13:58:34.958465+00:00,1704203914.96,0100,000105,170420391405,A63705,00,00,051,00,,Y,7,54.73,5473,USD,3512.08,6094.350741912653,5411,M_5411_00015
TX_00000105,CARD_000116,414720******1241,PROD_CHECKING_DEBIT,C2_FIXED_INCOME_SENIOR,2024-01-02T14:03:00.319544+00:00,1704204180.32,0100,000106,170420418006,A80934,00,00,051,00,,Y,9,20.77,2077,USD,3457.34,6094.350741912653,5411,M_5411_00015
TX_00000106,CARD_000116,414720******1241,PROD_CHECKING_DEBIT,C2_FIXED_INCOME_SENIOR,2024-01-02T14:07:23.101431+00:00,1704204443.1,0100,000107,170420444307,A19481,00,00,012,59,05,Y,14,20.82,2082,USD,3436.57,6094.350741912653,5912,M_5912_00048
TX_00000107,CARD_000116,414720******1241,PROD_CHECKING_DEBIT,C2_FIXED_INCOME_SENIOR,2024-01-02T14:11:35.572679+00:00,1704204695.57,0100,000108,170420469508,A63964,00,00,102,59,05,Y,16,55.16,5516,USD,3415.75,6094.350741912653,5999,M_5999_00142
TX_00000108,CARD_000116,414720******1241,PROD_CHECKING_DEBIT,C2_FIXED_INCOME_SENIOR,2024-01-02T14:14:53.992615+00:00,1704204893.99,0100,000109,170420489309,A96719,00,00,051,00,,Y,15,29.31,2931,USD,3360.59,6094.350741912653,5411,M_5411_00015
TX_00000109,CARD_000116,414720******1241,PROD_CHECKING_DEBIT,C2_FIXED_INCOME_SENIOR,2024-01-02T14:21:19.109543+00:00,1704205279.11,0100,000110,170420527910,A50320,00,00,051,00,,Y,3,17.79,1779,USD,3331.28,6094.350741912653,5411,M_5411_00015
TX_00000110,CARD_000116,414720******1241,PROD_CHECKING_DEBIT,C2_FIXED_INCOME_SENIOR,2024-01-02T14:45:46.318469+00:00,1704206746.32,0100,000111,170420674611,A31602,00,00,051,00,,Y,7,9.75,975,USD,3313.49,6094.350741912653,5411,M_5411_00015
TX_00000111,CARD_000116,414720******1241,PROD_CHECKING_DEBIT,C2_FIXED_INCOME_SENIOR,2024-01-02T14:55:07.450239+00:00,1704207307.45,0100,000112,170420730712,A75082,00,00,051,00,,Y,5,17.54,1754,USD,3303.74,6094.350741912653,5411,M_5411_00015
TX_00000112,CARD_000116,414720******1241,PROD_CHECKING_DEBIT,C2_FIXED_INCOME_SENIOR,2024-01-02T15:07:00.347514+00:00,1704208020.35,0100,000113,170420802013,A93664,00,00,051,00,,Y,18,31.61,3161,USD,3286.2,6094.350741912653,5411,M_5411_00015
TX_00000113,CARD_000116,414720******1241,PROD_CHECKING_DEBIT,C2_FIXED_INCOME_SENIOR,2024-01-02T15:09:49.817757+00:00,1704208189.82,0100,000114,170420818914,A61015,00,00,071,00,,Y,17,15.8,1580,USD,3254.58,6094.350741912653,5411,M_5411_00015
TX_00000114,CARD_000116,414720******1241,PROD_CHECKING_DEBIT,C2_FIXED_INCOME_SENIOR,2024-01-02T15:16:23.169473+00:00,1704208583.17,0100,000115,170420858315,A48567,00,00,051,00,,Y,14,219.64,21964,USD,3238.78,6094.350741912653,5411,M_5411_00015
TX_00000115,CARD_000677,414720******7134,PROD_REWARDS_SIGNATURE,C4_SUBURBAN_FAMILY,2024-01-02T15:18:45.796917+00:00,1704208725.8,0100,000116,170420872516,A56175,00,00,071,00,,Y,16,138.2,13820,USD,5046.58,6024.398004393777,5311,M_5311_00138
TX_00000116,CARD_000677,414720******7134,PROD_REWARDS_SIGNATURE,C4_SUBURBAN_FAMILY,2024-01-02T15:20:54.276159+00:00,1704208854.28,0100,000117,170420885417,A52849,00,00,012,59,05,Y,23,56.37,5637,USD,4908.38,6024.398004393777,5812,M_5812_00102
TX_00000117,CARD_000019,414720******7488,PROD_CLASSIC_REVOLVING,C4_SUBURBAN_FAMILY,2024-01-02T16:05:04.032110+00:00,1704211504.03,0100,000118,170421150418,A12431,00,00,071,00,,Y,16,250.0,25000,USD,1388.36,1594.2147961760888,5542,M_5542_00077
TX_00000118,CARD_000019,414720******7488,PROD_CLASSIC_REVOLVING,C4_SUBURBAN_FAMILY,2024-01-02T16:08:59.345482+00:00,1704211739.35,0100,000119,170421173919,A46357,00,00,102,59,05,Y,17,105.01,10501,USD,1138.36,1594.2147961760888,5812,M_5812_00145
TX_00000119,CARD_000019,414720******7488,PROD_CLASSIC_REVOLVING,C4_SUBURBAN_FAMILY,2024-01-02T16:11:20.065417+00:00,1704211880.07,0100,000120,170421188020,A75331,00,00,071,00,,Y,11,175.48,17548,USD,1033.35,1594.2147961760888,5542,M_5542_00077
TX_00000120,CARD_000019,414720******7488,PROD_CLASSIC_REVOLVING,C4_SUBURBAN_FAMILY,2024-01-02T16:21:07.607655+00:00,1704212467.61,0100,000121,170421246721,A90517,00,00,012,59,05,Y,4,20.84,2084,USD,857.87,1594.2147961760888,5999,M_5999_00142
TX_00000121,CARD_000019,414720******7488,PROD_CLASSIC_REVOLVING,C4_SUBURBAN_FAMILY,2024-01-02T16:46:03.742859+00:00,1704213963.74,0100,000122,170421396322,A36378,00,00,051,00,,Y,22,84.82,8482,USD,837.03,1594.2147961760888,5812,M_5812_00047
TX_00000122,CARD_000019,414720******7488,PROD_CLASSIC_REVOLVING,C4_SUBURBAN_FAMILY,2024-01-02T16:50:03.332722+00:00,1704214203.33,0100,000123,170421420323,A39314,00,00,102,59,05,Y,31,37.79,3779,USD,752.21,1594.2147961760888,5812,M_5812_00021
TX_00000123,CARD_000019,414720******7488,PROD_CLASSIC_REVOLVING,C4_SUBURBAN_FAMILY,2024-01-02T16:55:07.398100+00:00,1704214507.4,0100,000124,170421450724,A18978,00,00,051,00,,Y,17,25.94,2594,USD,714.42,1594.2147961760888,5812,M_5812_00047
TX_00000124,CARD_000019,414720******7488,PROD_CLASSIC_REVOLVING,C4_SUBURBAN_FAMILY,2024-01-02T17:06:03.022899+00:00,1704215163.02,0100,000125,170421516325,,51,51,051,00,,Y,39,747.58,74758,USD,688.48,1594.2147961760888,5812,M_5812_00047
TX_00000125,CARD_000641,414720******4149,PROD_CLASSIC_REVOLVING,C4_SUBURBAN_FAMILY,2024-01-02T17:18:29.531531+00:00,1704215909.53,0100,000126,170421590926,A91681,00,00,071,00,,Y,37,45.0,4500,USD,3219.1,3556.999378743001,5912,M_5912_00086
TX_00000126,CARD_000420,414720******9685,PROD_CLASSIC_REVOLVING,C2_FIXED_INCOME_SENIOR,2024-01-02T18:30:33.368803+00:00,1704220233.37,0100,000127,170422023327,A24104,00,00,071,00,,Y,16,68.02,6802,USD,1773.71,2107.489425385749,5812,M_5812_00047
TX_00000127,CARD_000420,414720******9685,PROD_CLASSIC_REVOLVING,C2_FIXED_INCOME_SENIOR,2024-01-02T18:35:14.585651+00:00,1704220514.59,0100,000128,170422051428,A81697,00,00,012,59,05,Y,11,36.71,3671,USD,1705.69,2107.489425385749,5812,M_5812_00021
TX_00000128,CARD_000115,414720******8433,PROD_REWARDS_SIGNATURE,C6_SMALL_BUSINESS_OWNER,2024-01-03T05:55:04.664064+00:00,1704261304.66,0100,000129,170426130429,A74797,00,00,051,00,,Y,19,36.54,3654,USD,10516.74,11212.857883393719,5999,M_5999_00142
TX_00000129,CARD_000115,414720******8433,PROD_REWARDS_SIGNATURE,C6_SMALL_BUSINESS_OWNER,2024-01-03T06:02:02.884306+00:00,1704261722.88,0100,000130,170426172230,A47093,00,00,051,00,,Y,21,487.9,48790,USD,10480.2,11212.857883393719,5999,M_5999_00142
TX_00000130,CARD_000020,414720******3345,PROD_COMMERCIAL_FLEET,C6_SMALL_BUSINESS_OWNER,2024-01-03T06:06:02.058009+00:00,1704261962.06,0100,000131,170426196231,A11000,00,00,071,00,,Y,29,74.55,7455,USD,4211.45,5000.0,5541,M_5541_00119
TX_00000131,CARD_000020,414720******3345,PROD_COMMERCIAL_FLEET,C6_SMALL_BUSINESS_OWNER,2024-01-03T06:08:25.334891+00:00,1704262105.33,0100,000132,170426210532,A11029,00,00,012,59,05,Y,16,473.4,47340,USD,4136.9,5000.0,5814,M_5814_00065
TX_00000132,CARD_000716,414720******2288,PROD_REWARDS_SIGNATURE,C5_URBAN_TECH_PROFESSIONAL,2024-01-03T07:34:16.010762+00:00,1704267256.01,0100,000133,170426725633,A49044,00,00,071,00,,Y,20,24.32,2432,USD,7452.0,8784.920026873644,5812,M_5812_00021
TX_00000133,CARD_000716,414720******2288,PROD_REWARDS_SIGNATURE,C5_URBAN_TECH_PROFESSIONAL,2024-01-03T07:37:14.760596+00:00,1704267434.76,0100,000134,170426743434,A70514,00,00,071,00,,Y,1,27.48,2748,USD,7427.67,8784.920026873644,5812,M_5812_00021
TX_00000134,CARD_000004,414720******6690,PROD_ULTRA_PREMIUM_INFINITE,C5_URBAN_TECH_PROFESSIONAL,2024-01-03T08:36:26.951681+00:00,1704270986.95,0100,000135,170427098635,A93650,00,00,102,59,05,Y,26,53.34,5334,USD,167408.34,192916.5618105323,5814,M_5814_00066
TX_00000135,CARD_000004,414720******6690,PROD_ULTRA_PREMIUM_INFINITE,C5_URBAN_TECH_PROFESSIONAL,2024-01-03T08:37:59.220234+00:00,1704271079.22,0100,000136,170427107936,A32498,00,00,102,59,05,Y,15,8.22,822,USD,167355.0,192916.5618105323,5812,M_5812_00021
TX_00000136,CARD_000503,414720******1261,PROD_TOKENIZED_DPAN,C4_SUBURBAN_FAMILY,2024-01-03T08:45:20.467267+00:00,1704271520.47,0100,000137,170427152037,A23242,00,00,051,00,,Y,0,47.56,4756,USD,4143.46,5000.0,5912,M_5912_00117
TX_00000137,CARD_000503,414720******1261,PROD_TOKENIZED_DPAN,C4_SUBURBAN_FAMILY,2024-01-03T08:53:37.707952+00:00,1704272017.71,0100,000138,170427201738,A91499,00,00,051,00,,Y,2,25.99,2599,USD,4095.9,5000.0,5912,M_5912_00117
TX_00000138,CARD_000503,414720******1261,PROD_TOKENIZED_DPAN,C4_SUBURBAN_FAMILY,2024-01-03T09:23:20.543085+00:00,1704273800.54,0100,000139,170427380039,A94242,00,00,051,00,,Y,30,1.14,114,USD,4069.91,5000.0,5411,M_5411_00017
TX_00000139,CARD_000265,414720******4920,PROD_REWARDS_SIGNATURE,C5_URBAN_TECH_PROFESSIONAL,2024-01-03T10:42:21.745612+00:00,1704278541.75,0100,000140,170427854140,A19277,00,00,012,59,05,Y,53,15.74,1574,USD,10198.06,11073.643683026723,5812,M_5812_00021
TX_00000140,CARD_000875,414720******6853,PROD_COMMERCIAL_FLEET,C6_SMALL_BUSINESS_OWNER,2024-01-03T11:50:39.126825+00:00,1704282639.13,0100,000141,170428263941,A89304,00,00,012,59,05,Y,15,646.07,64607,USD,4403.2,5000.0,5812,M_5812_00021
TX_00000141,CARD_000102,414720******7125,PROD_ULTRA_PREMIUM_INFINITE,C7_LUXURY_AFFLUENT,2024-01-03T16:02:59.718841+00:00,1704297779.72,0100,000142,170429777942,A18658,00,00,051,00,,Y,8,209.42,20942,USD,75603.5,92536.09282209352,5812,M_5812_00021
TX_00000142,CARD_000102,414720******7125,PROD_ULTRA_PREMIUM_INFINITE,C7_LUXURY_AFFLUENT,2024-01-03T16:12:50.100819+00:00,1704298370.1,0100,000143,170429837043,A80923,00,00,071,00,,Y,9,1.82,182,USD,75394.07,92536.09282209352,5812,M_5812_00021
TX_00000143,CARD_000102,414720******7125,PROD_ULTRA_PREMIUM_INFINITE,C7_LUXURY_AFFLUENT,2024-01-03T16:15:19.467363+00:00,1704298519.47,0100,000144,170429851944,A57490,00,00,012,59,05,Y,23,23.66,2366,USD,75392.25,92536.09282209352,5311,M_5311_00104
TX_00000144,CARD_000173,414720******4332,PROD_REWARDS_SIGNATURE,C4_SUBURBAN_FAMILY,2024-01-03T16:15:44.450158+00:00,1704298544.45,0100,000145,170429854445,A51787,00,00,051,00,,Y,19,118.99,11899,USD,12733.16,15390.71446399786,5812,M_5812_00081
TX_00000145,CARD_000102,414720******7125,PROD_ULTRA_PREMIUM_INFINITE,C7_LUXURY_AFFLUENT,2024-01-03T16:19:14.556177+00:00,1704298754.56,0100,000146,170429875446,A27852,00,00,051,00,,Y,16,60.85,6085,USD,75368.6,92536.09282209352,5812,M_5812_00021
TX_00000146,CARD_000102,414720******7125,PROD_ULTRA_PREMIUM_INFINITE,C7_LUXURY_AFFLUENT,2024-01-03T16:23:57.739466+00:00,1704299037.74,0100,000147,170429903747,A59384,00,00,071,00,,Y,4,285.39,28539,USD,75307.75,92536.09282209352,5812,M_5812_00021
TX_00000147,CARD_000102,414720******7125,PROD_ULTRA_PREMIUM_INFINITE,C7_LUXURY_AFFLUENT,2024-01-03T16:30:04.678775+00:00,1704299404.68,0100,000148,170429940448,A85445,00,00,051,00,,Y,11,40.24,4024,USD,75022.36,92536.09282209352,5812,M_5812_00021
TX_00000148,CARD_000102,414720******7125,PROD_ULTRA_PREMIUM_INFINITE,C7_LUXURY_AFFLUENT,2024-01-03T16:34:11.044870+00:00,1704299651.04,0100,000149,170429965149,A87473,00,00,012,59,05,Y,2,17.71,1771,USD,74982.12,92536.09282209352,5812,M_5812_00021
TX_00000149,CARD_000102,414720******7125,PROD_ULTRA_PREMIUM_INFINITE,C7_LUXURY_AFFLUENT,2024-01-03T16:42:52.543558+00:00,1704300172.54,0100,000150,170430017250,A53441,00,00,071,00,,Y,26,119.37,11937,USD,74964.41,92536.09282209352,5812,M_5812_00021
TX_00000150,CARD_000102,414720******7125,PROD_ULTRA_PREMIUM_INFINITE,C7_LUXURY_AFFLUENT,2024-01-03T16:46:31.648321+00:00,1704300391.65,0100,000151,170430039151,A24606,00,00,012,59,05,Y,35,321.65,32165,USD,74845.04,92536.09282209352,5311,M_5311_00138
TX_00000151,CARD_000102,414720******7125,PROD_ULTRA_PREMIUM_INFINITE,C7_LUXURY_AFFLUENT,2024-01-03T16:49:50.319126+00:00,1704300590.32,0100,000152,170430059052,A58946,00,00,012,59,05,Y,14,55.91,5591,USD,74523.39,92536.09282209352,5411,M_5411_00017
TX_00000152,CARD_000193,414720******6631,PROD_CLASSIC_REVOLVING,C4_SUBURBAN_FAMILY,2024-01-03T17:46:33.070761+00:00,1704303993.07,0100,000153,170430399353,A78780,00,00,102,59,05,C,7,225.77,22577,USD,1939.14,2087.142562828779,5541,M_5541_00132
TX_00000153,CARD_000433,414720******6793,PROD_COMMERCIAL_FLEET,C6_SMALL_BUSINESS_OWNER,2024-01-03T17:51:28.058739+00:00,1704304288.06,0100,000154,170430428854,A54276,00,00,051,00,,Y,28,90.59,9059,USD,4514.35,5000.0,5411,M_5411_00027
TX_00000154,CARD_000193,414720******6631,PROD_CLASSIC_REVOLVING,C4_SUBURBAN_FAMILY,2024-01-03T17:53:38.737592+00:00,1704304418.74,0100,000155,170430441855,A68589,00,00,012,59,05,Y,49,19.97,1997,USD,1713.37,2087.142562828779,5812,M_5812_00021
TX_00000155,CARD_000433,414720******6793,PROD_COMMERCIAL_FLEET,C6_SMALL_BUSINESS_OWNER,2024-01-03T18:07:25.152887+00:00,1704305245.15,0100,000156,170430524556,A30286,00,00,012,59,05,Y,5,62.26,6226,USD,4423.76,5000.0,5814,M_5814_00140
TX_00000156,CARD_000433,414720******6793,PROD_COMMERCIAL_FLEET,C6_SMALL_BUSINESS_OWNER,2024-01-03T18:33:22.835598+00:00,1704306802.84,0100,000157,170430680257,A76117,00,00,051,00,,Y,20,70.8,7080,USD,4361.5,5000.0,5411,M_5411_00027
TX_00000157,CARD_000433,414720******6793,PROD_COMMERCIAL_FLEET,C6_SMALL_BUSINESS_OWNER,2024-01-03T18:44:57.072630+00:00,1704307497.07,0100,000158,170430749758,A68477,00,00,012,59,05,Y,21,57.69,5769,USD,4290.71,5000.0,5999,M_5999_00031
TX_00000158,CARD_000433,414720******6793,PROD_COMMERCIAL_FLEET,C6_SMALL_BUSINESS_OWNER,2024-01-03T18:51:07.145229+00:00,1704307867.15,0100,000159,170430786759,A27559,00,00,012,59,05,Y,31,67.93,6793,USD,4233.01,5000.0,5812,M_5812_00046
TX_00000159,CARD_000433,414720******6793,PROD_COMMERCIAL_FLEET,C6_SMALL_BUSINESS_OWNER,2024-01-03T18:51:40.185281+00:00,1704307900.19,0100,000160,170430790060,A78889,00,00,102,59,05,Y,17,62.85,6285,USD,4165.09,5000.0,5812,M_5812_00021
TX_00000160,CARD_000433,414720******6793,PROD_COMMERCIAL_FLEET,C6_SMALL_BUSINESS_OWNER,2024-01-03T18:52:21.308178+00:00,1704307941.31,0100,000161,170430794161,A17539,00,00,051,00,,Y,33,35.81,3581,USD,4102.24,5000.0,5411,M_5411_00073
TX_00000161,CARD_000938,414720******9748,PROD_REWARDS_SIGNATURE,C5_URBAN_TECH_PROFESSIONAL,2024-01-03T19:15:14.659784+00:00,1704309314.66,0100,000162,170430931462,A29156,00,00,012,59,05,Y,12,19.97,1997,USD,15535.34,17522.656567467166,5814,M_5814_00110
TX_00000162,CARD_000938,414720******9748,PROD_REWARDS_SIGNATURE,C5_URBAN_TECH_PROFESSIONAL,2024-01-03T19:20:02.257227+00:00,1704309602.26,0100,000163,170430960263,A68774,00,00,012,59,05,Y,14,25.93,2593,USD,15515.37,17522.656567467166,5812,M_5812_00102
TX_00000163,CARD_000433,414720******6793,PROD_COMMERCIAL_FLEET,C6_SMALL_BUSINESS_OWNER,2024-01-03T19:22:21.308178+00:00,1704309741.31,0100,000164,170430974164,A86622,00,00,012,59,05,Y,15,127.02,12702,USD,4066.42,5000.0,5812,M_5812_00021
TX_00000164,CARD_000938,414720******9748,PROD_REWARDS_SIGNATURE,C5_URBAN_TECH_PROFESSIONAL,2024-01-03T19:27:22.919477+00:00,1704310042.92,0100,000165,170431004265,A90235,00,00,071,00,,Y,8,53.31,5331,USD,15489.44,17522.656567467166,5812,M_5812_00081
TX_00000165,CARD_000938,414720******9748,PROD_REWARDS_SIGNATURE,C5_URBAN_TECH_PROFESSIONAL,2024-01-03T19:47:27.261900+00:00,1704311247.26,0100,000166,170431124766,A52562,00,00,102,59,05,Y,55,12.92,1292,USD,15436.14,17522.656567467166,5812,M_5812_00021
TX_00000166,CARD_000938,414720******9748,PROD_REWARDS_SIGNATURE,C5_URBAN_TECH_PROFESSIONAL,2024-01-03T19:48:02.590662+00:00,1704311282.59,0100,000167,170431128267,A25728,00,00,102,59,05,Y,33,129.15,12915,USD,15423.22,17522.656567467166,5411,M_5411_00015
TX_00000167,CARD_000938,414720******9748,PROD_REWARDS_SIGNATURE,C5_URBAN_TECH_PROFESSIONAL,2024-01-03T19:49:32.606983+00:00,1704311372.61,0100,000168,170431137268,A26254,00,00,051,00,,Y,26,861.1,86110,USD,15294.07,17522.656567467166,5812,M_5812_00032
TX_00000168,CARD_000433,414720******6793,PROD_COMMERCIAL_FLEET,C6_SMALL_BUSINESS_OWNER,2024-01-03T19:52:21.308178+00:00,1704311541.31,0100,000169,170431154169,A22007,00,00,071,00,,Y,11,59.84,5984,USD,3939.41,5000.0,5999,M_5999_00142
TX_00000169,CARD_000938,414720******9748,PROD_REWARDS_SIGNATURE,C5_URBAN_TECH_PROFESSIONAL,2024-01-03T19:54:56.094896+00:00,1704311696.09,0100,000170,170431169670,A48073,00,00,051,00,,Y,20,803.85,80385,USD,14432.97,17522.656567467166,5812,M_5812_00032
TX_00000170,CARD_000748,414720******1263,PROD_ULTRA_PREMIUM_INFINITE,C5_URBAN_TECH_PROFESSIONAL,2024-01-03T20:50:40.060939+00:00,1704315040.06,0100,000171,170431504071,A84275,00,00,012,59,05,Y,7,62.53,6253,USD,86381.4,98010.63746388926,5311,M_5311_00116
TX_00000171,CARD_000748,414720******1263,PROD_ULTRA_PREMIUM_INFINITE,C5_URBAN_TECH_PROFESSIONAL,2024-01-03T20:56:01.990474+00:00,1704315361.99,0100,000172,170431536172,A64281,00,00,071,00,,Y,18,57.9,5790,USD,86318.86,98010.63746388926,5411,M_5411_00127
TX_00000172,CARD_000950,414720******6526,PROD_REWARDS_SIGNATURE,C4_SUBURBAN_FAMILY,2024-01-03T22:46:34.639353+00:00,1704321994.64,0100,000173,170432199473,A80757,00,00,071,00,,Y,39,56.04,5604,USD,6437.76,7855.360429728365,5541,M_5541_00095
TX_00000173,CARD_000950,414720******6526,PROD_REWARDS_SIGNATURE,C4_SUBURBAN_FAMILY,2024-01-03T22:48:56.242406+00:00,1704322136.24,0100,000174,170432213674,A26035,00,00,012,59,05,Y,26,13.45,1345,USD,6381.72,7855.360429728365,5411,M_5411_00051
TX_00000174,CARD_000950,414720******6526,PROD_REWARDS_SIGNATURE,C4_SUBURBAN_FAMILY,2024-01-03T22:54:55.303397+00:00,1704322495.3,0100,000175,170432249575,A90177,00,00,071,00,,Y,2,102.76,10276,USD,6368.27,7855.360429728365,5541,M_5541_00095
TX_00000175,CARD_000008,414720******2631,PROD_CLASSIC_REVOLVING,C4_SUBURBAN_FAMILY,2024-01-03T22:57:10.397145+00:00,1704322630.4,0100,000176,170432263076,A28292,00,00,102,59,05,Y,3,117.69,11769,USD,2693.18,3196.7051056631635,5814,M_5814_00066
TX_00000176,CARD_000799,414720******8436,PROD_COMMERCIAL_FLEET,C6_SMALL_BUSINESS_OWNER,2024-01-04T06:34:12.580097+00:00,1704350052.58,0100,000177,170435005277,A38033,00,00,102,59,05,Y,11,14.14,1414,USD,5000.0,5000.0,5814,M_5814_00066
TX_00000177,CARD_000348,414720******9393,PROD_CHECKING_DEBIT,C2_FIXED_INCOME_SENIOR,2024-01-04T07:42:01.501768+00:00,1704354121.5,0100,000178,170435412178,A31119,00,00,051,00,,Y,36,25.42,2542,USD,2589.63,3436.626167693874,5912,M_5912_00091
TX_00000178,CARD_000348,414720******9393,PROD_CHECKING_DEBIT,C2_FIXED_INCOME_SENIOR,2024-01-04T07:46:09.069456+00:00,1704354369.07,0100,000179,170435436979,A34179,00,00,051,00,,Y,2,13.22,1322,USD,2564.22,3436.626167693874,5912,M_5912_00091
TX_00000179,CARD_000348,414720******9393,PROD_CHECKING_DEBIT,C2_FIXED_INCOME_SENIOR,2024-01-04T07:50:37.801470+00:00,1704354637.8,0100,000180,170435463780,A84618,00,00,051,00,,Y,15,12.22,1222,USD,2550.99,3436.626167693874,5912,M_5912_00091
TX_00000180,CARD_000415,414720******2571,PROD_ULTRA_PREMIUM_INFINITE,C7_LUXURY_AFFLUENT,2024-01-04T08:37:06.151319+00:00,1704357426.15,0100,000181,170435742681,A87364,00,00,012,59,05,Y,4,321.11,32111,USD,103736.86,117138.55116594111,5311,M_5311_00052
TX_00000181,CARD_000199,414720******8388,PROD_TOKENIZED_DPAN,C3_YOUNG_ADULT_STUDENT,2024-01-04T09:42:43.627898+00:00,1704361363.63,0100,000182,170436136382,A39603,00,00,071,00,,Y,17,14.13,1413,USD,4133.83,5000.0,5812,M_5812_00021
TX_00000182,CARD_000199,414720******8388,PROD_TOKENIZED_DPAN,C3_YOUNG_ADULT_STUDENT,2024-01-04T09:45:33.387603+00:00,1704361533.39,0100,000183,170436153383,A66058,00,00,102,59,05,Y,15,10.24,1024,USD,4119.7,5000.0,5812,M_5812_00123
TX_00000183,CARD_000199,414720******8388,PROD_TOKENIZED_DPAN,C3_YOUNG_ADULT_STUDENT,2024-01-04T09:50:56.469934+00:00,1704361856.47,0100,000184,170436185684,A27887,00,00,051,00,,Y,11,13.72,1372,USD,4109.47,5000.0,5812,M_5812_00021
TX_00000184,CARD_000199,414720******8388,PROD_TOKENIZED_DPAN,C3_YOUNG_ADULT_STUDENT,2024-01-04T10:10:07.547551+00:00,1704363007.55,0100,000185,170436300785,A38666,00,00,051,00,,Y,58,32.8,3280,USD,4095.75,5000.0,5812,M_5812_00021
TX_00000185,CARD_000199,414720******8388,PROD_TOKENIZED_DPAN,C3_YOUNG_ADULT_STUDENT,2024-01-04T10:23:50.520909+00:00,1704363830.52,0100,000186,170436383086,A13218,00,00,102,59,05,Y,8,25.46,2546,USD,4062.95,5000.0,5999,M_5999_00142
TX_00000186,CARD_000199,414720******8388,PROD_TOKENIZED_DPAN,C3_YOUNG_ADULT_STUDENT,2024-01-04T10:24:13.083084+00:00,1704363853.08,0100,000187,170436385387,A82870,00,00,051,00,,Y,11,11.79,1179,USD,4037.49,5000.0,5812,M_5812_00021
TX_00000187,CARD_000199,414720******8388,PROD_TOKENIZED_DPAN,C3_YOUNG_ADULT_STUDENT,2024-01-04T10:35:48.571346+00:00,1704364548.57,0100,000188,170436454888,A37941,00,00,012,59,05,Y,5,8.26,826,USD,4025.71,5000.0,5812,M_5812_00021
TX_00000188,CARD_000392,414720******1091,PROD_TOKENIZED_DPAN,C4_SUBURBAN_FAMILY,2024-01-04T10:59:20.306883+00:00,1704365960.31,0100,000189,170436596089,A59574,00,00,051,00,,Y,6,1000.34,100034,USD,4632.69,5000.0,5812,M_5812_00093
TX_00000189,CARD_000199,414720******8388,PROD_TOKENIZED_DPAN,C3_YOUNG_ADULT_STUDENT,2024-01-04T11:00:59.196252+00:00,1704366059.2,0100,000190,170436605990,A35209,00,00,071,00,,Y,9,9.84,984,USD,4017.45,5000.0,5812,M_5812_00021
TX_00000190,CARD_000392,414720******1091,PROD_TOKENIZED_DPAN,C4_SUBURBAN_FAMILY,2024-01-04T11:02:12.249974+00:00,1704366132.25,0100,000191,170436613291,A11884,00,00,051,00,,Y,39,851.25,85125,USD,3632.36,5000.0,5812,M_5812_00093
TX_00000191,CARD_000392,414720******1091,PROD_TOKENIZED_DPAN,C4_SUBURBAN_FAMILY,2024-01-04T11:07:50.412711+00:00,1704366470.41,0100,000192,170436647092,A14849,00,00,051,00,,Y,30,1269.1,126910,USD,2781.1,5000.0,5812,M_5812_00093
TX_00000192,CARD_000199,414720******8388,PROD_TOKENIZED_DPAN,C3_YOUNG_ADULT_STUDENT,2024-01-04T11:17:53.812928+00:00,1704367073.81,0100,000193,170436707393,A68979,00,00,051,00,,Y,24,18.65,1865,USD,4007.6,5000.0,5812,M_5812_00021
TX_00000193,CARD_000864,414720******1378,PROD_ULTRA_PREMIUM_INFINITE,C5_URBAN_TECH_PROFESSIONAL,2024-01-04T11:42:13.873305+00:00,1704368533.87,0100,000194,170436853394,A44736,00,00,071,00,,Y,22,54.63,5463,USD,64868.26,72216.42788539352,5814,M_5814_00066
TX_00000194,CARD_000864,414720******1378,PROD_ULTRA_PREMIUM_INFINITE,C5_URBAN_TECH_PROFESSIONAL,2024-01-04T11:55:09.111289+00:00,1704369309.11,0100,000195,170436930995,A63184,00,00,012,59,05,Y,28,42.13,4213,USD,64813.63,72216.42788539352,5814,M_5814_00009
TX_00000195,CARD_000864,414720******1378,PROD_ULTRA_PREMIUM_INFINITE,C5_URBAN_TECH_PROFESSIONAL,2024-01-04T12:13:01.193677+00:00,1704370381.19,0100,000196,170437038196,A93635,00,00,102,59,05,Y,19,43.93,4393,USD,64771.5,72216.42788539352,5311,M_5311_00020
TX_00000196,CARD_000864,414720******1378,PROD_ULTRA_PREMIUM_INFINITE,C5_URBAN_TECH_PROFESSIONAL,2024-01-04T12:21:10.839056+00:00,1704370870.84,0100,000197,170437087097,,82,82,102,59,05,Y,5,32.01,3201,USD,64727.56,72216.42788539352,4816,M_4816_00109
TX_00000197,CARD_000159,414720******2287,PROD_REWARDS_SIGNATURE,C6_SMALL_BUSINESS_OWNER,2024-01-04T13:09:10.405140+00:00,1704373750.41,0100,000198,170437375098,A27478,00,00,071,00,,Y,27,27.64,2764,USD,12843.95,15950.684725030163,5411,M_5411_00058
TX_00000198,CARD_000159,414720******2287,PROD_REWARDS_SIGNATURE,C6_SMALL_BUSINESS_OWNER,2024-01-04T13:33:03.608419+00:00,1704375183.61,0100,000199,170437518399,A82060,00,00,012,59,05,Y,25,48.9,4890,USD,12816.31,15950.684725030163,5411,M_5411_00068
TX_00000199,CARD_000159,414720******2287,PROD_REWARDS_SIGNATURE,C6_SMALL_BUSINESS_OWNER,2024-01-04T13:49:30.172121+00:00,1704376170.17,0100,000200,170437617000,A23224,00,00,051,00,,Y,20,15.51,1551,USD,12767.41,15950.684725030163,5912,M_5912_00091
TX_00000200,CARD_000159,414720******2287,PROD_REWARDS_SIGNATURE,C6_SMALL_BUSINESS_OWNER,2024-01-04T13:58:09.711147+00:00,1704376689.71,0100,000201,170437668901,A19839,00,00,102,59,05,Y,38,86.74,8674,USD,12751.9,15950.684725030163,5812,M_5812_00032
TX_00000201,CARD_000159,414720******2287,PROD_REWARDS_SIGNATURE,C6_SMALL_BUSINESS_OWNER,2024-01-04T14:13:41.283696+00:00,1704377621.28,0100,000202,170437762102,A50466,00,00,051,00,,Y,13,39.36,3936,USD,12665.16,15950.684725030163,5814,M_5814_00110
TX_00000202,CARD_000797,414720******1076,PROD_REWARDS_SIGNATURE,C6_SMALL_BUSINESS_OWNER,2024-01-04T16:05:17.121250+00:00,1704384317.12,0100,000203,170438431703,,59,59,012,59,07,N,85,11.61,1161,USD,6416.66,7901.987439921505,5812,M_5812_00021
TX_00000203,CARD_000636,414720******4072,PROD_CLASSIC_REVOLVING,C2_FIXED_INCOME_SENIOR,2024-01-04T17:02:29.588430+00:00,1704387749.59,0100,000204,170438774904,A74449,00,00,051,00,,Y,0,36.36,3636,USD,2739.0,2996.848571945059,5912,M_5912_00117
TX_00000204,CARD_000636,414720******4072,PROD_CLASSIC_REVOLVING,C2_FIXED_INCOME_SENIOR,2024-01-04T17:32:29.588430+00:00,1704389549.59,0100,000205,170438954905,A16887,00,00,051,00,,Y,19,17.65,1765,USD,2702.65,2996.848571945059,5812,M_5812_00123
TX_00000205,CARD_000168,414720******6294,PROD_TOKENIZED_DPAN,C5_URBAN_TECH_PROFESSIONAL,2024-01-04T17:48:58.572369+00:00,1704390538.57,0100,000206,170439053806,A43835,00,00,012,59,05,Y,22,201.44,20144,USD,4363.8,5000.0,5812,M_5812_00102
TX_00000206,CARD_000168,414720******6294,PROD_TOKENIZED_DPAN,C5_URBAN_TECH_PROFESSIONAL,2024-01-04T17:51:04.606524+00:00,1704390664.61,0100,000207,170439066407,A23407,00,00,071,00,,Y,11,43.21,4321,USD,4162.36,5000.0,5999,M_5999_00103
TX_00000207,CARD_000636,414720******4072,PROD_CLASSIC_REVOLVING,C2_FIXED_INCOME_SENIOR,2024-01-04T17:52:06.408544+00:00,1704390726.41,0100,000208,170439072608,A54709,00,00,071,00,,Y,31,24.27,2427,USD,2685.0,2996.848571945059,5812,M_5812_00123
TX_00000208,CARD_000636,414720******4072,PROD_CLASSIC_REVOLVING,C2_FIXED_INCOME_SENIOR,2024-01-04T17:54:56.503715+00:00,1704390896.5,0100,000209,170439089609,A46948,00,00,051,00,,Y,17,4.3,430,USD,2660.73,2996.848571945059,5812,M_5812_00123
TX_00000209,CARD_000168,414720******6294,PROD_TOKENIZED_DPAN,C5_URBAN_TECH_PROFESSIONAL,2024-01-04T17:56:09.794674+00:00,1704390969.79,0100,000210,170439096910,A24062,00,00,102,59,05,Y,38,50.85,5085,USD,4119.15,5000.0,5812,M_5812_00021
TX_00000210,CARD_000168,414720******6294,PROD_TOKENIZED_DPAN,C5_URBAN_TECH_PROFESSIONAL,2024-01-04T18:09:32.446856+00:00,1704391772.45,0100,000211,170439177211,A25193,00,00,012,59,05,Y,55,29.55,2955,USD,4068.3,5000.0,5814,M_5814_00140
TX_00000211,CARD_000636,414720******4072,PROD_CLASSIC_REVOLVING,C2_FIXED_INCOME_SENIOR,2024-01-04T18:10:53.523381+00:00,1704391853.52,0100,000212,170439185312,A71312,00,00,012,59,05,Y,12,35.19,3519,USD,2656.43,2996.848571945059,5311,M_5311_00063
TX_00000212,CARD_000168,414720******6294,PROD_TOKENIZED_DPAN,C5_URBAN_TECH_PROFESSIONAL,2024-01-04T18:15:23.003986+00:00,1704392123.0,0100,000213,170439212313,,65,65,102,59,07,N,17,8.91,891,USD,4038.75,5000.0,5732,M_5732_00013
TX_00000213,CARD_000636,414720******4072,PROD_CLASSIC_REVOLVING,C2_FIXED_INCOME_SENIOR,2024-01-04T18:25:43.667894+00:00,1704392743.67,0100,000214,170439274314,A37178,00,00,071,00,,Y,32,39.01,3901,USD,2621.24,2996.848571945059,5311,M_5311_00055
TX_00000214,CARD_000636,414720******4072,PROD_CLASSIC_REVOLVING,C2_FIXED_INCOME_SENIOR,2024-01-04T18:39:56.006343+00:00,1704393596.01,0100,000215,170439359615,A96647,00,00,012,59,05,Y,5,32.72,3272,USD,2582.24,2996.848571945059,5732,M_5732_00082
TX_00000215,CARD_000636,414720******4072,PROD_CLASSIC_REVOLVING,C2_FIXED_INCOME_SENIOR,2024-01-04T18:41:22.196881+00:00,1704393682.2,0100,000216,170439368216,A64864,00,00,051,00,,Y,10,49.17,4917,USD,2549.52,2996.848571945059,5311,M_5311_00055
TX_00000216,CARD_000063,414720******4053,PROD_REWARDS_SIGNATURE,C5_URBAN_TECH_PROFESSIONAL,2024-01-04T18:54:02.251262+00:00,1704394442.25,0100,000217,170439444217,A59768,00,00,102,59,05,C,5,114.14,11414,USD,9869.91,11607.386235690896,4816,M_4816_00011
TX_00000217,CARD_000063,414720******4053,PROD_REWARDS_SIGNATURE,C5_URBAN_TECH_PROFESSIONAL,2024-01-04T19:01:06.307623+00:00,1704394866.31,0100,000218,170439486618,A20677,00,00,051,00,,Y,14,97.98,9798,USD,9755.77,11607.386235690896,5912,M_5912_00117
TX_00000218,CARD_000063,414720******4053,PROD_REWARDS_SIGNATURE,C5_URBAN_TECH_PROFESSIONAL,2024-01-04T19:10:46.928146+00:00,1704395446.93,0100,000219,170439544619,A75243,00,00,102,59,05,Y,30,43.18,4318,USD,9657.79,11607.386235690896,4816,M_4816_00100
TX_00000219,CARD_000063,414720******4053,PROD_REWARDS_SIGNATURE,C5_URBAN_TECH_PROFESSIONAL,2024-01-04T19:13:10.328714+00:00,1704395590.33,0100,000220,170439559020,A60894,00,00,102,59,05,Y,7,39.09,3909,USD,9614.6,11607.386235690896,5812,M_5812_00021
TX_00000220,CARD_000063,414720******4053,PROD_REWARDS_SIGNATURE,C5_URBAN_TECH_PROFESSIONAL,2024-01-04T19:17:28.998793+00:00,1704395849.0,0100,000221,170439584821,A22478,00,00,071,00,,Y,9,106.58,10658,USD,9575.51,11607.386235690896,5912,M_5912_00117
TX_00000221,CARD_000469,414720******5437,PROD_REWARDS_SIGNATURE,C4_SUBURBAN_FAMILY,2024-01-04T19:20:35.542023+00:00,1704396035.54,0100,000222,170439603522,A64302,00,00,071,00,,Y,6,21.17,2117,USD,10130.79,12546.00000674664,5999,M_5999_00142
TX_00000222,CARD_000469,414720******5437,PROD_REWARDS_SIGNATURE,C4_SUBURBAN_FAMILY,2024-01-04T19:27:41.471625+00:00,1704396461.47,0100,000223,170439646123,A59799,00,00,051,00,,Y,19,119.99,11999,USD,10109.62,12546.00000674664,5999,M_5999_00142
TX_00000223,CARD_000469,414720******5437,PROD_REWARDS_SIGNATURE,C4_SUBURBAN_FAMILY,2024-01-04T19:32:26.654134+00:00,1704396746.65,0100,000224,170439674624,A14475,00,00,051,00,,Y,35,352.72,35272,USD,9989.63,12546.00000674664,5999,M_5999_00142
TX_00000224,CARD_000469,414720******5437,PROD_REWARDS_SIGNATURE,C4_SUBURBAN_FAMILY,2024-01-04T19:37:21.506967+00:00,1704397041.51,0100,000225,170439704125,A76295,00,00,071,00,,Y,19,61.82,6182,USD,9636.91,12546.00000674664,5999,M_5999_00142
TX_00000225,CARD_000063,414720******4053,PROD_REWARDS_SIGNATURE,C5_URBAN_TECH_PROFESSIONAL,2024-01-04T19:40:49.325931+00:00,1704397249.33,0100,000226,170439724926,A22377,00,00,051,00,,Y,8,86.55,8655,USD,9468.93,11607.386235690896,5812,M_5812_00112
TX_00000226,CARD_000469,414720******5437,PROD_REWARDS_SIGNATURE,C4_SUBURBAN_FAMILY,2024-01-04T19:53:19.176099+00:00,1704397999.18,0100,000227,170439799927,A49016,00,00,051,00,,Y,10,66.45,6645,USD,9575.09,12546.00000674664,5411,M_5411_00085
TX_00000227,CARD_000063,414720******4053,PROD_REWARDS_SIGNATURE,C5_URBAN_TECH_PROFESSIONAL,2024-01-04T19:54:09.113582+00:00,1704398049.11,0100,000228,170439804928,A54726,00,00,071,00,,Y,48,35.56,3556,USD,9382.39,11607.386235690896,5912,M_5912_00117
TX_00000228,CARD_000469,414720******5437,PROD_REWARDS_SIGNATURE,C4_SUBURBAN_FAMILY,2024-01-04T20:03:09.253270+00:00,1704398589.25,0100,000229,170439858929,A15153,00,00,051,00,,Y,28,22.42,2242,USD,9508.64,12546.00000674664,5411,M_5411_00085
TX_00000229,CARD_000911,414720******9552,PROD_CHECKING_DEBIT,C2_FIXED_INCOME_SENIOR,2024-01-04T20:11:37.002343+00:00,1704399097.0,0100,000230,170439909730,A61109,00,00,051,00,,Y,5,21.51,2151,USD,1960.22,4709.36747556312,5411,M_5411_00149
TX_00000230,CARD_000469,414720******5437,PROD_REWARDS_SIGNATURE,C4_SUBURBAN_FAMILY,2024-01-04T20:12:30.437118+00:00,1704399150.44,0100,000231,170439915031,A39870,00,00,102,59,05,Y,17,16.62,1662,USD,9486.22,12546.00000674664,5812,M_5812_00021
TX_00000231,CARD_000063,414720******4053,PROD_REWARDS_SIGNATURE,C5_URBAN_TECH_PROFESSIONAL,2024-01-04T20:15:32.332051+00:00,1704399332.33,0100,000232,170439933232,A63824,00,00,102,59,05,Y,15,21.71,2171,USD,9346.83,11607.386235690896,5411,M_5411_00015
TX_00000232,CARD_000911,414720******9552,PROD_CHECKING_DEBIT,C2_FIXED_INCOME_SENIOR,2024-01-04T20:24:05.213898+00:00,1704399845.21,0100,000233,170439984533,A48413,00,00,012,59,05,Y,4,99.18,9918,USD,1938.71,4709.36747556312,5311,M_5311_00104
TX_00000233,CARD_000911,414720******9552,PROD_CHECKING_DEBIT,C2_FIXED_INCOME_SENIOR,2024-01-04T20:35:17.996785+00:00,1704400518.0,0100,000234,170440051734,A76561,00,00,102,59,05,Y,3,47.54,4754,USD,1839.54,4709.36747556312,5812,M_5812_00021
TX_00000234,CARD_000857,414720******9103,PROD_COMMERCIAL_FLEET,C6_SMALL_BUSINESS_OWNER,2024-01-04T20:59:51.301792+00:00,1704401991.3,0100,000235,170440199135,A78496,00,00,012,59,05,Y,20,55.64,5564,USD,4132.52,5000.0,5812,M_5812_00021
TX_00000235,CARD_000262,414720******4056,PROD_REWARDS_SIGNATURE,C6_SMALL_BUSINESS_OWNER,2024-01-04T21:20:26.784300+00:00,1704403226.78,0100,000236,170440322636,A73905,00,00,012,59,05,Y,33,133.48,13348,USD,6861.82,7642.758551082172,5912,M_5912_00101
TX_00000236,CARD_000262,414720******4056,PROD_REWARDS_SIGNATURE,C6_SMALL_BUSINESS_OWNER,2024-01-04T21:20:52.017046+00:00,1704403252.02,0100,000237,170440325237,A25801,00,00,051,00,,Y,34,0.68,68,USD,6728.34,7642.758551082172,5542,M_5542_00053
TX_00000237,CARD_000262,414720******4056,PROD_REWARDS_SIGNATURE,C6_SMALL_BUSINESS_OWNER,2024-01-04T21:24:34.818462+00:00,1704403474.82,0100,000238,170440347438,A58194,00,00,012,59,05,Y,32,33.29,3329,USD,6727.66,7642.758551082172,5999,M_5999_00142
TX_00000238,CARD_000024,414720******2692,PROD_CHECKING_DEBIT,C3_YOUNG_ADULT_STUDENT,2024-01-04T21:24:36.727595+00:00,1704403476.73,0100,000239,170440347639,A52626,00,00,071,00,,Y,2,14.42,1442,USD,2274.33,3493.825930301824,5814,M_5814_00066
TX_00000239,CARD_000262,414720******4056,PROD_REWARDS_SIGNATURE,C6_SMALL_BUSINESS_OWNER,2024-01-04T21:24:57.755321+00:00,1704403497.76,0100,000240,170440349740,,82,82,012,59,05,Y,13,90.43,9043,USD,6694.38,7642.758551082172,5814,M_5814_00089
TX_00000240,CARD_000262,414720******4056,PROD_REWARDS_SIGNATURE,C6_SMALL_BUSINESS_OWNER,2024-01-04T21:36:13.559523+00:00,1704404173.56,0100,000241,170440417341,A45172,00,00,012,59,05,Y,11,130.56,13056,USD,6694.38,7642.758551082172,5411,M_5411_00049
TX_00000241,CARD_000980,414720******6084,PROD_ULTRA_PREMIUM_INFINITE,C7_LUXURY_AFFLUENT,2024-01-04T22:51:54.375172+00:00,1704408714.38,0100,000242,170440871442,A11245,00,00,071,00,,Y,15,1070.7,107070,USD,36813.35,39084.164310402695,5411,M_5411_00098
TX_00000242,CARD_000720,414720******2388,PROD_CLASSIC_REVOLVING,C4_SUBURBAN_FAMILY,2024-01-05T08:28:38.163447+00:00,1704443318.16,0100,000243,170444331843,A98595,00,00,071,00,,Y,8,18.21,1821,USD,1438.43,1647.520023544162,5541,M_5541_00129
TX_00000243,CARD_000905,414720******6173,PROD_REWARDS_SIGNATURE,C4_SUBURBAN_FAMILY,2024-01-05T08:31:25.943989+00:00,1704443485.94,0100,000244,170444348544,A77962,00,00,102,59,05,Y,24,5.98,598,USD,10169.26,11126.272648647628,5311,M_5311_00055
TX_00000244,CARD_000905,414720******6173,PROD_REWARDS_SIGNATURE,C4_SUBURBAN_FAMILY,2024-01-05T08:36:25.251229+00:00,1704443785.25,0100,000245,170444378545,A22692,00,00,051,00,,Y,21,127.77,12777,USD,10163.28,11126.272648647628,5999,M_5999_00142
TX_00000245,CARD_000905,414720******6173,PROD_REWARDS_SIGNATURE,C4_SUBURBAN_FAMILY,2024-01-05T08:41:19.125352+00:00,1704444079.13,0100,000246,170444407946,,63,63,102,59,07,N,12,165.75,16575,USD,10035.51,11126.272648647628,5411,M_5411_00015
TX_00000246,CARD_000222,414720******8136,PROD_ULTRA_PREMIUM_INFINITE,C5_URBAN_TECH_PROFESSIONAL,2024-01-05T08:48:56.285462+00:00,1704444536.29,0100,000247,170444453647,A42563,00,00,012,59,05,Y,3,29.91,2991,USD,118383.9,144260.09009535576,5814,M_5814_00066
TX_00000247,CARD_000828,414720******4348,PROD_ULTRA_PREMIUM_INFINITE,C7_LUXURY_AFFLUENT,2024-01-05T09:16:06.169332+00:00,1704446166.17,0100,000248,170444616648,A27118,00,00,051,00,,Y,19,53.47,5347,USD,102809.15,125273.71777927001,5944,M_5944_00072
TX_00000248,CARD_000828,414720******4348,PROD_ULTRA_PREMIUM_INFINITE,C7_LUXURY_AFFLUENT,2024-01-05T09:19:46.457892+00:00,1704446386.46,0100,000249,170444638649,A30382,00,00,102,59,05,Y,21,826.42,82642,USD,102755.68,125273.71777927001,5311,M_5311_00138
TX_00000249,CARD_000797,414720******1076,PROD_REWARDS_SIGNATURE,C6_SMALL_BUSINESS_OWNER,2024-01-05T11:51:45.823554+00:00,1704455505.82,0100,000250,170445550550,A93850,00,00,051,00,,Y,65,189.79,18979,USD,6416.66,7901.987439921505,5542,M_5542_00012
TX_00000250,CARD_000496,414720******9940,PROD_CLASSIC_REVOLVING,C2_FIXED_INCOME_SENIOR,2024-01-05T11:55:48.693767+00:00,1704455748.69,0100,000251,170445574851,,82,82,102,59,05,Y,18,20.69,2069,USD,1557.02,1832.7501654890325,5411,M_5411_00051
TX_00000251,CARD_000797,414720******1076,PROD_REWARDS_SIGNATURE,C6_SMALL_BUSINESS_OWNER,2024-01-05T12:17:21.155166+00:00,1704457041.16,0100,000252,170445704152,A49057,00,00,012,59,05,Y,32,23.72,2372,USD,6226.87,7901.987439921505,5999,M_5999_00142
TX_00000252,CARD_000797,414720******1076,PROD_REWARDS_SIGNATURE,C6_SMALL_BUSINESS_OWNER,2024-01-05T12:30:55.614233+00:00,1704457855.61,0100,000253,170445785553,A41467,00,00,071,00,,Y,30,79.75,7975,USD,6203.15,7901.987439921505,5812,M_5812_00102
TX_00000253,CARD_000797,414720******1076,PROD_REWARDS_SIGNATURE,C6_SMALL_BUSINESS_OWNER,2024-01-05T12:57:30.530296+00:00,1704459450.53,0100,000254,170445945054,A92642,00,00,071,00,,Y,41,44.41,4441,USD,6123.4,7901.987439921505,5814,M_5814_00148
TX_00000254,CARD_000988,414720******6600,PROD_CHECKING_DEBIT,C3_YOUNG_ADULT_STUDENT,2024-01-05T13:08:31.075093+00:00,1704460111.08,0100,000255,170446011155,A69703,00,00,051,00,,Y,2,23.83,2383,USD,5426.6,5534.5102259289815,5912,M_5912_00048
TX_00000255,CARD_000108,414720******7128,PROD_CHECKING_DEBIT,C2_FIXED_INCOME_SENIOR,2024-01-05T14:37:44.354742+00:00,1704465464.35,0100,000256,170446546456,A87748,00,00,051,00,,Y,13,53.73,5373,USD,6917.45,11673.813718143549,5311,M_5311_00104
TX_00000256,CARD_000424,414720******8856,PROD_CLASSIC_REVOLVING,C4_SUBURBAN_FAMILY,2024-01-05T17:18:08.338371+00:00,1704475088.34,0100,000257,170447508857,A30355,00,00,071,00,,Y,20,46.54,4654,USD,3441.48,4028.3655483813145,5812,M_5812_00021
TX_00000257,CARD_000424,414720******8856,PROD_CLASSIC_REVOLVING,C4_SUBURBAN_FAMILY,2024-01-05T17:25:21.284935+00:00,1704475521.28,0100,000258,170447552158,A78474,00,00,071,00,,Y,6,51.99,5199,USD,3394.94,4028.3655483813145,5812,M_5812_00021
TX_00000258,CARD_000424,414720******8856,PROD_CLASSIC_REVOLVING,C4_SUBURBAN_FAMILY,2024-01-05T17:52:25.545381+00:00,1704477145.55,0100,000259,170447714559,A53092,00,00,012,59,05,Y,36,41.64,4164,USD,3342.96,4028.3655483813145,5999,M_5999_00142
TX_00000259,CARD_000868,414720******3352,PROD_ULTRA_PREMIUM_INFINITE,C5_URBAN_TECH_PROFESSIONAL,2024-01-05T17:59:33.137316+00:00,1704477573.14,0100,000260,170447757360,A22456,00,00,012,59,05,Y,11,29.54,2954,USD,212162.06,235816.10891816023,4816,M_4816_00011
TX_00000260,CARD_000424,414720******8856,PROD_CLASSIC_REVOLVING,C4_SUBURBAN_FAMILY,2024-01-05T18:19:36.363570+00:00,1704478776.36,0100,000261,170447877661,A59391,00,00,071,00,,Y,15,84.61,8461,USD,3301.32,4028.3655483813145,5541,M_5541_00120
TX_00000261,CARD_000424,414720******8856,PROD_CLASSIC_REVOLVING,C4_SUBURBAN_FAMILY,2024-01-05T18:46:50.060804+00:00,1704480410.06,0100,000262,170448041062,A82428,00,00,071,00,,Y,28,100.07,10007,USD,3216.71,4028.3655483813145,5541,M_5541_00120
TX_00000262,CARD_000234,414720******5922,PROD_REWARDS_SIGNATURE,C4_SUBURBAN_FAMILY,2024-01-05T18:52:06.631483+00:00,1704480726.63,0100,000263,170448072663,A54970,00,00,051,00,,Y,26,34.2,3420,USD,15691.34,15691.33736119156,5912,M_5912_00086
TX_00000263,CARD_000234,414720******5922,PROD_REWARDS_SIGNATURE,C4_SUBURBAN_FAMILY,2024-01-05T18:55:09.523775+00:00,1704480909.52,0100,000264,170448090964,A40472,00,00,071,00,,Y,53,63.46,6346,USD,15657.14,15691.33736119156,5912,M_5912_00086
TX_00000264,CARD_000234,414720******5922,PROD_REWARDS_SIGNATURE,C4_SUBURBAN_FAMILY,2024-01-05T19:01:57.625103+00:00,1704481317.63,0100,000265,170448131765,A39004,00,00,051,00,,Y,12,59.25,5925,USD,15593.68,15691.33736119156,5912,M_5912_00086
TX_00000265,CARD_000424,414720******8856,PROD_CLASSIC_REVOLVING,C4_SUBURBAN_FAMILY,2024-01-05T19:05:21.367617+00:00,1704481521.37,0100,000266,170448152166,A45164,00,00,071,00,,Y,29,407.8,40780,USD,3116.64,4028.3655483813145,5541,M_5541_00120
TX_00000266,CARD_000159,414720******2287,PROD_REWARDS_SIGNATURE,C6_SMALL_BUSINESS_OWNER,2024-01-05T19:08:50.787719+00:00,1704481730.79,0100,000267,170448173067,A96418,00,00,012,59,05,Y,22,244.97,24497,USD,12625.8,15950.684725030163,4816,M_4816_00100
TX_00000267,CARD_000424,414720******8856,PROD_CLASSIC_REVOLVING,C4_SUBURBAN_FAMILY,2024-01-05T19:18:32.292834+00:00,1704482312.29,0100,000268,170448231268,A62287,00,00,012,59,05,Y,50,18.68,1868,USD,2708.84,4028.3655483813145,5411,M_5411_00058
TX_00000268,CARD_000356,414720******4911,PROD_GPR_PREPAID,C1_HOURLY_GIG_WORKER,2024-01-05T19:22:23.068445+00:00,1704482543.07,0100,000269,170448254369,A82287,00,00,051,00,,Y,5,516.1,51610,USD,2681.55,5000.0,5999,M_5999_00142
TX_00000269,CARD_000424,414720******8856,PROD_CLASSIC_REVOLVING,C4_SUBURBAN_FAMILY,2024-01-05T19:24:41.887302+00:00,1704482681.89,0100,000270,170448268170,A67679,00,00,071,00,,Y,16,21.11,2111,USD,2690.17,4028.3655483813145,5411,M_5411_00088
TX_00000270,CARD_000424,414720******8856,PROD_CLASSIC_REVOLVING,C4_SUBURBAN_FAMILY,2024-01-05T19:49:22.332046+00:00,1704484162.33,0100,000271,170448416271,A51782,00,00,051,00,,Y,52,21.35,2135,USD,2669.05,4028.3655483813145,5411,M_5411_00088
TX_00000271,CARD_000695,414720******5763,PROD_TOKENIZED_DPAN,C4_SUBURBAN_FAMILY,2024-01-05T19:53:00.179980+00:00,1704484380.18,0100,000272,170448438072,A44783,00,00,102,59,05,Y,59,53.35,5335,USD,4623.45,5000.0,5814,M_5814_00089
TX_00000272,CARD_000424,414720******8856,PROD_CLASSIC_REVOLVING,C4_SUBURBAN_FAMILY,2024-01-05T20:03:12.359707+00:00,1704484992.36,0100,000273,170448499273,A63261,00,00,012,59,05,Y,17,35.9,3590,USD,2647.71,4028.3655483813145,5812,M_5812_00021
TX_00000273,CARD_000424,414720******8856,PROD_CLASSIC_REVOLVING,C4_SUBURBAN_FAMILY,2024-01-05T20:26:07.925004+00:00,1704486367.93,0100,000274,170448636774,A58701,00,00,071,00,,Y,28,22.13,2213,USD,2611.8,4028.3655483813145,5411,M_5411_00088
TX_00000274,CARD_000424,414720******8856,PROD_CLASSIC_REVOLVING,C4_SUBURBAN_FAMILY,2024-01-05T20:41:28.033559+00:00,1704487288.03,0100,000275,170448728875,A65112,00,00,071,00,,Y,11,67.08,6708,USD,2589.67,4028.3655483813145,5411,M_5411_00088
TX_00000275,CARD_000424,414720******8856,PROD_CLASSIC_REVOLVING,C4_SUBURBAN_FAMILY,2024-01-05T21:00:33.330697+00:00,1704488433.33,0100,000276,170448843376,A89816,00,00,012,59,05,Y,72,27.34,2734,USD,2522.59,4028.3655483813145,5812,M_5812_00021
TX_00000276,CARD_000875,414720******6853,PROD_COMMERCIAL_FLEET,C6_SMALL_BUSINESS_OWNER,2024-01-05T21:04:34.703235+00:00,1704488674.7,0100,000277,170448867477,A60995,00,00,012,59,05,Y,3,62.71,6271,USD,3752.97,5000.0,5411,M_5411_00015
TX_00000277,CARD_000424,414720******8856,PROD_CLASSIC_REVOLVING,C4_SUBURBAN_FAMILY,2024-01-05T21:13:05.508995+00:00,1704489185.51,0100,000278,170448918578,A22950,00,00,102,59,05,Y,10,140.93,14093,USD,2495.25,4028.3655483813145,5912,M_5912_00101
TX_00000278,CARD_000527,414720******7644,PROD_CLASSIC_REVOLVING,C2_FIXED_INCOME_SENIOR,2024-01-05T21:23:21.035547+00:00,1704489801.04,0100,000279,170448980179,A63412,00,00,051,00,,Y,6,34.67,3467,USD,3038.19,3797.6426888690858,5814,M_5814_00141
TX_00000279,CARD_000424,414720******8856,PROD_CLASSIC_REVOLVING,C4_SUBURBAN_FAMILY,2024-01-05T21:25:01.332398+00:00,1704489901.33,0100,000280,170448990180,A49511,00,00,071,00,,Y,27,77.96,7796,USD,2354.32,4028.3655483813145,5411,M_5411_00098
TX_00000280,CARD_000527,414720******7644,PROD_CLASSIC_REVOLVING,C2_FIXED_INCOME_SENIOR,2024-01-05T21:30:58.731401+00:00,1704490258.73,0100,000281,170449025881,A54694,00,00,051,00,,Y,33,109.62,10962,USD,3003.53,3797.6426888690858,5814,M_5814_00141
TX_00000281,CARD_000321,414720******6466,PROD_CLASSIC_REVOLVING,C2_FIXED_INCOME_SENIOR,2024-01-05T21:53:42.825119+00:00,1704491622.83,0100,000282,170449162282,A37724,00,00,051,00,,Y,12,439.6,43960,USD,1563.58,1820.8028866917016,5812,M_5812_00021
TX_00000282,CARD_000112,414720******3706,PROD_CLASSIC_REVOLVING,C2_FIXED_INCOME_SENIOR,2024-01-06T02:34:19.581375+00:00,1704508459.58,0100,000283,170450845983,A21496,00,00,012,59,05,Y,63,11.72,1172,USD,1070.34,1070.339896275956,5812,M_5812_00021
TX_00000283,CARD_000122,414720******3438,PROD_CLASSIC_REVOLVING,C4_SUBURBAN_FAMILY,2024-01-06T08:09:28.537334+00:00,1704528568.54,0100,000284,170452856884,A35296,00,00,012,59,05,Y,18,54.95,5495,USD,2662.72,2739.41493268728,5812,M_5812_00021
TX_00000284,CARD_000339,414720******8076,PROD_REWARDS_SIGNATURE,C4_SUBURBAN_FAMILY,2024-01-06T11:34:19.417561+00:00,1704540859.42,0100,000285,170454085985,A57053,00,00,012,59,05,Y,13,38.92,3892,USD,7513.42,8072.377246625483,4816,M_4816_00109
TX_00000285,CARD_000707,414720******9798,PROD_ULTRA_PREMIUM_INFINITE,C7_LUXURY_AFFLUENT,2024-01-06T12:24:31.974292+00:00,1704543871.97,0100,000286,170454387186,A19297,00,00,051,00,,Y,15,42.59,4259,USD,123236.18,148280.82674410002,5732,M_5732_00082
TX_00000286,CARD_000678,414720******2272,PROD_CLASSIC_REVOLVING,C2_FIXED_INCOME_SENIOR,2024-01-06T12:42:49.046686+00:00,1704544969.05,0100,000287,170454496987,A52224,00,00,051,00,,Y,18,81.59,8159,USD,4149.15,4379.845748964008,5812,M_5812_00021
TX_00000287,CARD_000707,414720******9798,PROD_ULTRA_PREMIUM_INFINITE,C7_LUXURY_AFFLUENT,2024-01-06T12:49:21.893702+00:00,1704545361.89,0100,000288,170454536188,A20503,00,00,012,59,05,C,29,237.09,23709,USD,123193.58,148280.82674410002,5814,M_5814_00089
TX_00000288,CARD_000114,414720******6406,PROD_ULTRA_PREMIUM_INFINITE,C7_LUXURY_AFFLUENT,2024-01-06T13:08:17.981437+00:00,1704546497.98,0100,000289,170454649789,A83056,00,00,012,59,05,Y,23,119.84,11984,USD,120039.24,127163.88451381779,5944,M_5944_00002
TX_00000289,CARD_000707,414720******9798,PROD_ULTRA_PREMIUM_INFINITE,C7_LUXURY_AFFLUENT,2024-01-06T13:11:34.559766+00:00,1704546694.56,0100,000290,170454669490,A61256,00,00,051,00,,Y,21,429.69,42969,USD,122956.5,148280.82674410002,5912,M_5912_00091
TX_00000290,CARD_000707,414720******9798,PROD_ULTRA_PREMIUM_INFINITE,C7_LUXURY_AFFLUENT,2024-01-06T13:30:15.272834+00:00,1704547815.27,0100,000291,170454781591,A70940,00,00,012,59,05,Y,32,20.42,2042,USD,122526.81,148280.82674410002,5812,M_5812_00021
TX_00000291,CARD_000707,414720******9798,PROD_ULTRA_PREMIUM_INFINITE,C7_LUXURY_AFFLUENT,2024-01-06T13:56:30.587810+00:00,1704549390.59,0100,000292,170454939092,A94667,00,00,071,00,,Y,44,77.96,7796,USD,122506.39,148280.82674410002,5311,M_5311_00104
TX_00000292,CARD_000707,414720******9798,PROD_ULTRA_PREMIUM_INFINITE,C7_LUXURY_AFFLUENT,2024-01-06T14:01:03.389794+00:00,1704549663.39,0100,000293,170454966393,A77069,00,00,051,00,,Y,34,288.59,28859,USD,122428.44,148280.82674410002,5311,M_5311_00104
TX_00000293,CARD_000669,414720******1165,PROD_CHECKING_DEBIT,C1_HOURLY_GIG_WORKER,2024-01-06T14:12:05.218026+00:00,1704550325.22,0100,000294,170455032594,A31921,00,00,051,00,,Y,8,6.86,686,USD,5370.99,6561.773651192443,5411,M_5411_00015
TX_00000294,CARD_000707,414720******9798,PROD_ULTRA_PREMIUM_INFINITE,C7_LUXURY_AFFLUENT,2024-01-06T14:27:09.954325+00:00,1704551229.95,0100,000295,170455122995,A10328,00,00,051,00,,Y,4,442.55,44255,USD,122139.84,148280.82674410002,5411,M_5411_00097
TX_00000295,CARD_000707,414720******9798,PROD_ULTRA_PREMIUM_INFINITE,C7_LUXURY_AFFLUENT,2024-01-06T14:29:41.515862+00:00,1704551381.52,0100,000296,170455138196,A94993,00,00,051,00,,Y,36,472.07,47207,USD,121697.29,148280.82674410002,5411,M_5411_00097
TX_00000296,CARD_000707,414720******9798,PROD_ULTRA_PREMIUM_INFINITE,C7_LUXURY_AFFLUENT,2024-01-06T14:35:49.401910+00:00,1704551749.4,0100,000297,170455174997,A91060,00,00,051,00,,Y,30,182.65,18265,USD,121225.23,148280.82674410002,5411,M_5411_00097
TX_00000297,CARD_000108,414720******7128,PROD_CHECKING_DEBIT,C2_FIXED_INCOME_SENIOR,2024-01-06T16:35:18.907000+00:00,1704558918.91,0100,000298,170455891898,A21659,00,00,051,00,,Y,1,14.93,1493,USD,6863.72,11673.813718143549,5311,M_5311_00020
TX_00000298,CARD_000603,414720******4535,PROD_CLASSIC_REVOLVING,C2_FIXED_INCOME_SENIOR,2024-01-06T17:06:52.941673+00:00,1704560812.94,0100,000299,170456081299,A73569,00,00,012,59,05,Y,14,49.64,4964,USD,4210.2,4405.672631784977,5411,M_5411_00058
TX_00000299,CARD_000251,414720******1334,PROD_REWARDS_SIGNATURE,C4_SUBURBAN_FAMILY,2024-01-06T18:59:22.098179+00:00,1704567562.1,0100,000300,170456756200,A34407,00,00,051,00,,Y,28,13.61,1361,USD,14437.83,14437.828043735823,5812,M_5812_00102
TX_00000300,CARD_000698,414720******7751,PROD_CLASSIC_REVOLVING,C4_SUBURBAN_FAMILY,2024-01-06T19:02:47.300025+00:00,1704567767.3,0100,000301,170456776701,A62499,00,00,071,00,,Y,16,128.14,12814,USD,2437.3,2754.986312146947,5999,M_5999_00142
TX_00000301,CARD_000251,414720******1334,PROD_REWARDS_SIGNATURE,C4_SUBURBAN_FAMILY,2024-01-06T19:08:19.854908+00:00,1704568099.85,0100,000302,170456809902,A11466,00,00,051,00,,Y,13,93.73,9373,USD,14424.22,14437.828043735823,5812,M_5812_00102
TX_00000302,CARD_000698,414720******7751,PROD_CLASSIC_REVOLVING,C4_SUBURBAN_FAMILY,2024-01-06T19:21:48.701477+00:00,1704568908.7,0100,000303,170456890803,A53894,00,00,012,59,05,Y,54,69.98,6998,USD,2309.15,2754.986312146947,5411,M_5411_00058
TX_00000303,CARD_000251,414720******1334,PROD_REWARDS_SIGNATURE,C4_SUBURBAN_FAMILY,2024-01-06T19:23:09.980959+00:00,1704568989.98,0100,000304,170456898904,A29199,00,00,051,00,,Y,6,4.3,430,USD,14330.49,14437.828043735823,5812,M_5812_00102
TX_00000304,CARD_000251,414720******1334,PROD_REWARDS_SIGNATURE,C4_SUBURBAN_FAMILY,2024-01-06T19:25:28.484472+00:00,1704569128.48,0100,000305,170456912805,A10521,00,00,012,59,05,Y,13,29.76,2976,USD,14326.19,14437.828043735823,5912,M_5912_00048
TX_00000305,CARD_000698,414720******7751,PROD_CLASSIC_REVOLVING,C4_SUBURBAN_FAMILY,2024-01-06T19:40:38.611422+00:00,1704570038.61,0100,000306,170457003806,A75663,00,00,102,59,05,Y,6,51.51,5151,USD,2239.17,2754.986312146947,5812,M_5812_00081
TX_00000306,CARD_000698,414720******7751,PROD_CLASSIC_REVOLVING,C4_SUBURBAN_FAMILY,2024-01-06T19:48:18.356771+00:00,1704570498.36,0100,000307,170457049807,A65931,00,00,051,00,,Y,44,46.27,4627,USD,2187.66,2754.986312146947,5411,M_5411_00068
TX_00000307,CARD_000698,414720******7751,PROD_CLASSIC_REVOLVING,C4_SUBURBAN_FAMILY,2024-01-06T19:51:40.652113+00:00,1704570700.65,0100,000308,170457070008,A47823,00,00,071,00,,Y,31,166.38,16638,USD,2141.39,2754.986312146947,5411,M_5411_00068
TX_00000308,CARD_000653,414720******7049,PROD_REWARDS_SIGNATURE,C5_URBAN_TECH_PROFESSIONAL,2024-01-06T22:15:01.641314+00:00,1704579301.64,0100,000309,170457930109,A65697,00,00,071,00,,Y,5,28.05,2805,USD,14602.33,17519.957031539278,5812,M_5812_00145
TX_00000309,CARD_000029,414720******3691,PROD_CHECKING_DEBIT,C2_FIXED_INCOME_SENIOR,2024-01-07T00:19:53.941465+00:00,1704586793.94,0100,000310,170458679310,A57585,00,00,051,00,,Y,43,33.64,3364,USD,2725.74,1479.7885600844972,5814,M_5814_00066
TX_00000310,CARD_000310,414720******6630,PROD_TOKENIZED_DPAN,C4_SUBURBAN_FAMILY,2024-01-07T04:27:02.727960+00:00,1704601622.73,0100,000311,170460162211,A10232,00,00,102,59,05,Y,20,78.85,7885,USD,4713.63,5000.0,5311,M_5311_00116
TX_00000311,CARD_000310,414720******6630,PROD_TOKENIZED_DPAN,C4_SUBURBAN_FAMILY,2024-01-07T04:32:49.920718+00:00,1704601969.92,0100,000312,170460196912,A32275,00,00,012,59,05,Y,37,91.69,9169,USD,4634.78,5000.0,4816,M_4816_00011
TX_00000312,CARD_000310,414720******6630,PROD_TOKENIZED_DPAN,C4_SUBURBAN_FAMILY,2024-01-07T04:35:03.246328+00:00,1704602103.25,0100,000313,170460210313,A23265,00,00,051,00,,Y,30,442.81,44281,USD,4543.1,5000.0,5542,M_5542_00053
TX_00000313,CARD_000511,414720******6268,PROD_CLASSIC_REVOLVING,C2_FIXED_INCOME_SENIOR,2024-01-07T04:44:58.178812+00:00,1704602698.18,0100,000314,170460269814,A21583,00,00,051,00,,Y,27,9.06,906,USD,2138.3,2497.7040524819786,5999,M_5999_00142
TX_00000314,CARD_000008,414720******2631,PROD_CLASSIC_REVOLVING,C4_SUBURBAN_FAMILY,2024-01-07T11:13:18.550619+00:00,1704625998.55,0100,000315,170462599815,A94584,00,00,102,59,05,Y,9,31.24,3124,USD,2575.5,3196.7051056631635,5311,M_5311_00079
TX_00000315,CARD_000710,414720******6444,PROD_REWARDS_SIGNATURE,C4_SUBURBAN_FAMILY,2024-01-07T11:50:33.023383+00:00,1704628233.02,0100,000316,170462823316,A42828,00,00,051,00,,Y,44,30.66,3066,USD,18556.13,20000.277470831115,5999,M_5999_00142
TX_00000316,CARD_000710,414720******6444,PROD_REWARDS_SIGNATURE,C4_SUBURBAN_FAMILY,2024-01-07T11:54:29.391268+00:00,1704628469.39,0100,000317,170462846917,A74875,00,00,012,59,05,Y,17,26.86,2686,USD,18525.47,20000.277470831115,5999,M_5999_00142
TX_00000317,CARD_000710,414720******6444,PROD_REWARDS_SIGNATURE,C4_SUBURBAN_FAMILY,2024-01-07T11:56:12.045901+00:00,1704628572.05,0100,000318,170462857218,A49495,00,00,051,00,,Y,9,17.45,1745,USD,18498.61,20000.277470831115,5999,M_5999_00142
TX_00000318,CARD_000710,414720******6444,PROD_REWARDS_SIGNATURE,C4_SUBURBAN_FAMILY,2024-01-07T11:59:41.136933+00:00,1704628781.14,0100,000319,170462878119,A48426,00,00,102,59,05,Y,24,52.3,5230,USD,18481.16,20000.277470831115,5814,M_5814_00141
TX_00000319,CARD_000710,414720******6444,PROD_REWARDS_SIGNATURE,C4_SUBURBAN_FAMILY,2024-01-07T11:59:59.013747+00:00,1704628799.01,0100,000320,170462879920,A68858,00,00,012,59,05,Y,8,130.15,13015,USD,18428.86,20000.277470831115,5812,M_5812_00021
TX_00000320,CARD_000710,414720******6444,PROD_REWARDS_SIGNATURE,C4_SUBURBAN_FAMILY,2024-01-07T12:02:09.344801+00:00,1704628929.34,0100,000321,170462892921,A65927,00,00,102,59,05,Y,8,26.83,2683,USD,18298.71,20000.277470831115,5814,M_5814_00066
TX_00000321,CARD_000710,414720******6444,PROD_REWARDS_SIGNATURE,C4_SUBURBAN_FAMILY,2024-01-07T12:02:50.045010+00:00,1704628970.05,0100,000322,170462897022,,65,65,102,59,07,N,32,7.87,787,USD,18271.88,20000.277470831115,5814,M_5814_00066
TX_00000322,CARD_000014,414720******8256,PROD_TOKENIZED_DPAN,C5_URBAN_TECH_PROFESSIONAL,2024-01-07T12:27:14.884715+00:00,1704630434.88,0100,000323,170463043423,A57558,00,00,102,59,05,Y,10,23.6,2360,USD,4037.58,5000.0,5814,M_5814_00066
TX_00000323,CARD_000014,414720******8256,PROD_TOKENIZED_DPAN,C5_URBAN_TECH_PROFESSIONAL,2024-01-07T12:28:44.096930+00:00,1704630524.1,0100,000324,170463052424,A89794,00,00,102,59,05,Y,36,23.42,2342,USD,4013.97,5000.0,5411,M_5411_00015
TX_00000324,CARD_000014,414720******8256,PROD_TOKENIZED_DPAN,C5_URBAN_TECH_PROFESSIONAL,2024-01-07T12:31:52.576518+00:00,1704630712.58,0100,000325,170463071225,A28776,00,00,102,59,05,Y,17,61.56,6156,USD,3990.55,5000.0,5411,M_5411_00015
TX_00000325,CARD_000014,414720******8256,PROD_TOKENIZED_DPAN,C5_URBAN_TECH_PROFESSIONAL,2024-01-07T12:37:51.636068+00:00,1704631071.64,0100,000326,170463107126,A45220,00,00,012,59,05,Y,0,21.62,2162,USD,3928.99,5000.0,5411,M_5411_00111
TX_00000326,CARD_000014,414720******8256,PROD_TOKENIZED_DPAN,C5_URBAN_TECH_PROFESSIONAL,2024-01-07T12:39:57.658132+00:00,1704631197.66,0100,000327,170463119727,A20094,00,00,102,59,05,Y,16,65.22,6522,USD,3907.38,5000.0,5999,M_5999_00142
TX_00000327,CARD_000014,414720******8256,PROD_TOKENIZED_DPAN,C5_URBAN_TECH_PROFESSIONAL,2024-01-07T12:42:00.082022+00:00,1704631320.08,0100,000328,170463132028,A62153,00,00,012,59,05,Y,22,114.98,11498,USD,3842.16,5000.0,5411,M_5411_00139
TX_00000328,CARD_000014,414720******8256,PROD_TOKENIZED_DPAN,C5_URBAN_TECH_PROFESSIONAL,2024-01-07T13:00:00.001837+00:00,1704632400.0,0100,000329,170463240029,A98098,00,00,012,59,05,Y,20,20.16,2016,USD,3727.17,5000.0,5814,M_5814_00148
TX_00000329,CARD_000014,414720******8256,PROD_TOKENIZED_DPAN,C5_URBAN_TECH_PROFESSIONAL,2024-01-07T13:07:04.524770+00:00,1704632824.52,0100,000330,170463282430,A77485,00,00,102,59,05,Y,18,30.2,3020,USD,3707.01,5000.0,5912,M_5912_00105
TX_00000330,CARD_000014,414720******8256,PROD_TOKENIZED_DPAN,C5_URBAN_TECH_PROFESSIONAL,2024-01-07T13:09:57.170452+00:00,1704632997.17,0100,000331,170463299731,A80799,00,00,012,59,05,Y,25,98.84,9884,USD,3676.81,5000.0,5411,M_5411_00073
TX_00000331,CARD_000014,414720******8256,PROD_TOKENIZED_DPAN,C5_URBAN_TECH_PROFESSIONAL,2024-01-07T13:10:52.925687+00:00,1704633052.93,0100,000332,170463305232,A64348,00,00,102,59,05,Y,32,33.71,3371,USD,3577.97,5000.0,5541,M_5541_00113
TX_00000332,CARD_000117,414720******7673,PROD_COMMERCIAL_FLEET,C6_SMALL_BUSINESS_OWNER,2024-01-07T17:17:07.856963+00:00,1704647827.86,0100,000333,170464782733,A19569,00,00,012,59,05,Y,15,41.54,4154,USD,4402.47,5000.0,5311,M_5311_00052
TX_00000333,CARD_000124,414720******7388,PROD_TOKENIZED_DPAN,C4_SUBURBAN_FAMILY,2024-01-07T17:22:34.668902+00:00,1704648154.67,0100,000334,170464815434,A10510,00,00,051,00,,Y,33,63.14,6314,USD,4338.23,5000.0,5411,M_5411_00059
TX_00000334,CARD_000124,414720******7388,PROD_TOKENIZED_DPAN,C4_SUBURBAN_FAMILY,2024-01-07T17:25:42.737029+00:00,1704648342.74,0100,000335,170464834235,A30304,00,00,051,00,,Y,1,11.57,1157,USD,4275.09,5000.0,5411,M_5411_00059
TX_00000335,CARD_000124,414720******7388,PROD_TOKENIZED_DPAN,C4_SUBURBAN_FAMILY,2024-01-07T17:30:03.922918+00:00,1704648603.92,0100,000336,170464860336,A45178,00,00,051,00,,Y,21,22.25,2225,USD,4263.52,5000.0,5411,M_5411_00059
TX_00000336,CARD_000124,414720******7388,PROD_TOKENIZED_DPAN,C4_SUBURBAN_FAMILY,2024-01-07T17:34:38.200037+00:00,1704648878.2,0100,000337,170464887837,A47398,00,00,071,00,,Y,61,21.86,2186,USD,4241.28,5000.0,5411,M_5411_00059
TX_00000337,CARD_000124,414720******7388,PROD_TOKENIZED_DPAN,C4_SUBURBAN_FAMILY,2024-01-07T17:39:27.522191+00:00,1704649167.52,0100,000338,170464916738,A65980,00,00,051,00,,Y,11,60.35,6035,USD,4219.42,5000.0,5411,M_5411_00059
TX_00000338,CARD_000124,414720******7388,PROD_TOKENIZED_DPAN,C4_SUBURBAN_FAMILY,2024-01-07T17:42:26.884420+00:00,1704649346.88,0100,000339,170464934639,A91911,00,00,012,59,05,Y,4,66.55,6655,USD,4159.06,5000.0,6051,M_6051_00023
TX_00000339,CARD_000124,414720******7388,PROD_TOKENIZED_DPAN,C4_SUBURBAN_FAMILY,2024-01-07T17:43:20.378998+00:00,1704649400.38,0100,000340,170464940040,A87880,00,00,102,59,05,Y,18,22.57,2257,USD,4092.51,5000.0,5814,M_5814_00089
TX_00000340,CARD_000379,414720******7409,PROD_CLASSIC_REVOLVING,C2_FIXED_INCOME_SENIOR,2024-01-07T17:47:56.661687+00:00,1704649676.66,0100,000341,170464967641,A48904,00,00,012,59,05,Y,15,59.79,5979,USD,2036.51,2158.0119716326967,5411,M_5411_00015
TX_00000341,CARD_000977,414720******1417,PROD_REWARDS_SIGNATURE,C4_SUBURBAN_FAMILY,2024-01-07T18:18:42.815701+00:00,1704651522.82,0100,000342,170465152242,A30639,00,00,071,00,,Y,10,70.86,7086,USD,9878.38,10916.524935246445,5541,M_5541_00113
TX_00000342,CARD_000977,414720******1417,PROD_REWARDS_SIGNATURE,C4_SUBURBAN_FAMILY,2024-01-07T18:22:33.900186+00:00,1704651753.9,0100,000343,170465175343,A68038,00,00,071,00,,Y,24,76.73,7673,USD,9807.52,10916.524935246445,5541,M_5541_00113
TX_00000343,CARD_000718,414720******8615,PROD_CLASSIC_REVOLVING,C4_SUBURBAN_FAMILY,2024-01-07T18:38:45.390981+00:00,1704652725.39,0100,000344,170465272544,A51334,00,00,051,00,,Y,23,586.88,58688,USD,2227.03,2368.309796720726,5812,M_5812_00047
TX_00000344,CARD_000977,414720******1417,PROD_REWARDS_SIGNATURE,C4_SUBURBAN_FAMILY,2024-01-07T18:46:13.996444+00:00,1704653174.0,0100,000345,170465317345,A90310,00,00,051,00,,Y,21,19.48,1948,USD,9730.79,10916.524935246445,5541,M_5541_00113
TX_00000345,CARD_000977,414720******1417,PROD_REWARDS_SIGNATURE,C4_SUBURBAN_FAMILY,2024-01-07T19:13:40.984583+00:00,1704654820.98,0100,000346,170465482046,A14656,00,00,071,00,,Y,34,40.07,4007,USD,9711.31,10916.524935246445,5541,M_5541_00113
TX_00000346,CARD_000231,414720******5876,PROD_CHECKING_DEBIT,C2_FIXED_INCOME_SENIOR,2024-01-07T19:26:20.240889+00:00,1704655580.24,0100,000347,170465558047,A75208,00,00,051,00,,Y,8,55.84,5584,USD,5390.33,7223.200403827607,5411,M_5411_00025
TX_00000347,CARD_000449,414720******3199,PROD_TOKENIZED_DPAN,C3_YOUNG_ADULT_STUDENT,2024-01-07T19:51:57.063886+00:00,1704657117.06,0100,000348,170465711748,A54666,00,00,012,59,05,Y,64,11.93,1193,USD,5000.0,5000.0,5812,M_5812_00021
TX_00000348,CARD_000231,414720******5876,PROD_CHECKING_DEBIT,C2_FIXED_INCOME_SENIOR,2024-01-07T19:56:20.240889+00:00,1704657380.24,0100,000349,170465738049,A41734,00,00,051,00,,Y,9,32.67,3267,USD,5334.49,7223.200403827607,5411,M_5411_00025
TX_00000349,CARD_000231,414720******5876,PROD_CHECKING_DEBIT,C2_FIXED_INCOME_SENIOR,2024-01-07T20:09:23.961443+00:00,1704658163.96,0100,000350,170465816350,A11319,00,00,051,00,,Y,31,1366.57,136657,USD,5301.82,7223.200403827607,5411,M_5411_00025
TX_00000350,CARD_000050,414720******6780,PROD_TOKENIZED_DPAN,C4_SUBURBAN_FAMILY,2024-01-08T06:36:50.339710+00:00,1704695810.34,0100,000351,170469581051,A51766,00,00,051,00,,Y,18,88.54,8854,USD,4677.44,5000.0,5812,M_5812_00021
TX_00000351,CARD_000050,414720******6780,PROD_TOKENIZED_DPAN,C4_SUBURBAN_FAMILY,2024-01-08T06:39:21.023258+00:00,1704695961.02,0100,000352,170469596152,A50903,00,00,071,00,,Y,24,10.73,1073,USD,4588.9,5000.0,5812,M_5812_00021
TX_00000352,CARD_000050,414720******6780,PROD_TOKENIZED_DPAN,C4_SUBURBAN_FAMILY,2024-01-08T07:22:21.425122+00:00,1704698541.43,0100,000353,170469854153,A31400,00,00,051,00,,Y,40,25.2,2520,USD,4578.17,5000.0,5812,M_5812_00021
TX_00000353,CARD_000226,414720******3094,PROD_CLASSIC_REVOLVING,C4_SUBURBAN_FAMILY,2024-01-08T07:48:23.280418+00:00,1704700103.28,0100,000354,170470010354,A53281,00,00,051,00,,Y,7,20.37,2037,USD,2665.57,2809.9205173452447,5814,M_5814_00001
TX_00000354,CARD_000226,414720******3094,PROD_CLASSIC_REVOLVING,C4_SUBURBAN_FAMILY,2024-01-08T07:51:54.856076+00:00,1704700314.86,0100,000355,170470031455,A77128,00,00,051,00,,Y,16,46.02,4602,USD,2645.21,2809.9205173452447,5814,M_5814_00001
TX_00000355,CARD_000620,414720******7600,PROD_BNPL_SINGLE_USE_VIRTUAL,C3_YOUNG_ADULT_STUDENT,2024-01-08T07:53:40.825691+00:00,1704700420.83,0100,000356,170470042056,A64734,00,00,102,59,05,Y,37,19.13,1913,USD,329.85,338.2348065741205,6051,M_6051_00023
TX_00000356,CARD_000226,414720******3094,PROD_CLASSIC_REVOLVING,C4_SUBURBAN_FAMILY,2024-01-08T07:55:06.408689+00:00,1704700506.41,0100,000357,170470050657,A97748,00,00,012,59,05,Y,1,21.06,2106,USD,2599.19,2809.9205173452447,5311,M_5311_00116
TX_00000357,CARD_000226,414720******3094,PROD_CLASSIC_REVOLVING,C4_SUBURBAN_FAMILY,2024-01-08T07:55:59.814481+00:00,1704700559.81,0100,000358,170470055958,A25434,00,00,012,59,05,Y,10,54.53,5453,USD,2578.13,2809.9205173452447,5311,M_5311_00138
TX_00000358,CARD_000226,414720******3094,PROD_CLASSIC_REVOLVING,C4_SUBURBAN_FAMILY,2024-01-08T07:59:40.343639+00:00,1704700780.34,0100,000359,170470078059,A14029,00,00,071,00,,Y,7,15.94,1594,USD,2523.59,2809.9205173452447,5814,M_5814_00001
TX_00000359,CARD_000226,414720******3094,PROD_CLASSIC_REVOLVING,C4_SUBURBAN_FAMILY,2024-01-08T08:02:15.471841+00:00,1704700935.47,0100,000360,170470093560,A29061,00,00,012,59,05,Y,27,34.3,3430,USD,2507.65,2809.9205173452447,5812,M_5812_00021
TX_00000360,CARD_000226,414720******3094,PROD_CLASSIC_REVOLVING,C4_SUBURBAN_FAMILY,2024-01-08T08:04:43.519739+00:00,1704701083.52,0100,000361,170470108361,A92767,00,00,051,00,,Y,7,201.66,20166,USD,2473.35,2809.9205173452447,5814,M_5814_00001
TX_00000361,CARD_000419,414720******9110,PROD_CLASSIC_REVOLVING,C2_FIXED_INCOME_SENIOR,2024-01-08T08:48:03.308987+00:00,1704703683.31,0100,000362,170470368362,A42212,00,00,071,00,,Y,9,94.61,9461,USD,3169.25,3954.9128575888803,5812,M_5812_00081
TX_00000362,CARD_000419,414720******9110,PROD_CLASSIC_REVOLVING,C2_FIXED_INCOME_SENIOR,2024-01-08T09:04:35.608392+00:00,1704704675.61,0100,000363,170470467563,A70068,00,00,071,00,,Y,22,18.0,1800,USD,3074.64,3954.9128575888803,5812,M_5812_00081
TX_00000363,CARD_000419,414720******9110,PROD_CLASSIC_REVOLVING,C2_FIXED_INCOME_SENIOR,2024-01-08T09:14:27.514519+00:00,1704705267.51,0100,000364,170470526764,A58590,00,00,051,00,,Y,15,19.83,1983,USD,3056.64,3954.9128575888803,5812,M_5812_00081
TX_00000364,CARD_000373,414720******3726,PROD_TOKENIZED_DPAN,C3_YOUNG_ADULT_STUDENT,2024-01-08T09:34:44.097420+00:00,1704706484.1,0100,000365,170470648465,A93715,00,00,102,59,05,Y,39,15.56,1556,USD,4782.82,5000.0,5732,M_5732_00013
TX_00000365,CARD_000373,414720******3726,PROD_TOKENIZED_DPAN,C3_YOUNG_ADULT_STUDENT,2024-01-08T09:39:47.151357+00:00,1704706787.15,0100,000366,170470678766,A34132,00,00,051,00,,Y,27,13.02,1302,USD,4767.26,5000.0,5814,M_5814_00066
TX_00000366,CARD_000373,414720******3726,PROD_TOKENIZED_DPAN,C3_YOUNG_ADULT_STUDENT,2024-01-08T09:42:53.024862+00:00,1704706973.02,0100,000367,170470697367,A81668,00,00,071,00,,Y,17,7.57,757,USD,4754.23,5000.0,5814,M_5814_00066
TX_00000367,CARD_000716,414720******2288,PROD_REWARDS_SIGNATURE,C5_URBAN_TECH_PROFESSIONAL,2024-01-08T09:48:17.761282+00:00,1704707297.76,0100,000368,170470729768,A12679,00,00,012,59,05,Y,10,29.44,2944,USD,8726.3,8784.920026873644,5814,M_5814_00148
TX_00000368,CARD_000716,414720******2288,PROD_REWARDS_SIGNATURE,C5_URBAN_TECH_PROFESSIONAL,2024-01-08T09:49:39.827758+00:00,1704707379.83,0100,000369,170470737969,A45813,00,00,102,59,05,Y,17,40.56,4056,USD,8696.86,8784.920026873644,4816,M_4816_00011
TX_00000369,CARD_000373,414720******3726,PROD_TOKENIZED_DPAN,C3_YOUNG_ADULT_STUDENT,2024-01-08T09:58:30.293090+00:00,1704707910.29,0100,000370,170470791070,A24996,00,00,051,00,,Y,18,12.59,1259,USD,4746.66,5000.0,5814,M_5814_00066
TX_00000370,CARD_000716,414720******2288,PROD_REWARDS_SIGNATURE,C5_URBAN_TECH_PROFESSIONAL,2024-01-08T10:08:12.389166+00:00,1704708492.39,0100,000371,170470849271,A76856,00,00,102,59,05,Y,23,106.34,10634,USD,8656.3,8784.920026873644,5732,M_5732_00045
TX_00000371,CARD_000401,414720******3131,PROD_ULTRA_PREMIUM_INFINITE,C5_URBAN_TECH_PROFESSIONAL,2024-01-08T10:15:33.815700+00:00,1704708933.82,0100,000372,170470893372,A57189,00,00,102,59,05,Y,21,19.17,1917,USD,78506.57,88021.41627958443,5812,M_5812_00081
TX_00000372,CARD_000785,414720******8130,PROD_ULTRA_PREMIUM_INFINITE,C7_LUXURY_AFFLUENT,2024-01-08T10:19:25.179540+00:00,1704709165.18,0100,000373,170470916573,A64997,00,00,071,00,,Y,30,171.9,17190,USD,50134.55,59921.925462261774,5812,M_5812_00112
TX_00000373,CARD_000373,414720******3726,PROD_TOKENIZED_DPAN,C3_YOUNG_ADULT_STUDENT,2024-01-08T10:28:30.293090+00:00,1704709710.29,0100,000374,170470971074,A39903,00,00,071,00,,Y,29,15.32,1532,USD,4734.07,5000.0,5999,M_5999_00142
TX_00000374,CARD_000373,414720******3726,PROD_TOKENIZED_DPAN,C3_YOUNG_ADULT_STUDENT,2024-01-08T10:43:09.263234+00:00,1704710589.26,0100,000375,170471058975,A33544,00,00,071,00,,Y,0,19.45,1945,USD,4718.75,5000.0,5999,M_5999_00142
TX_00000375,CARD_000971,414720******9590,PROD_TOKENIZED_DPAN,C4_SUBURBAN_FAMILY,2024-01-08T10:44:39.505116+00:00,1704710679.51,0100,000376,170471067976,A56913,00,00,071,00,,Y,8,90.54,9054,USD,5000.0,5000.0,5411,M_5411_00015
TX_00000376,CARD_000971,414720******9590,PROD_TOKENIZED_DPAN,C4_SUBURBAN_FAMILY,2024-01-08T10:59:38.751737+00:00,1704711578.75,0100,000377,170471157877,A89295,00,00,012,59,05,Y,54,76.18,7618,USD,4909.46,5000.0,5812,M_5812_00021
TX_00000377,CARD_000373,414720******3726,PROD_TOKENIZED_DPAN,C3_YOUNG_ADULT_STUDENT,2024-01-08T11:05:45.606366+00:00,1704711945.61,0100,000378,170471194578,A92436,00,00,051,00,,Y,59,11.61,1161,USD,4699.3,5000.0,5541,M_5541_00113
TX_00000378,CARD_000373,414720******3726,PROD_TOKENIZED_DPAN,C3_YOUNG_ADULT_STUDENT,2024-01-08T11:10:19.089128+00:00,1704712219.09,0100,000379,170471221979,A55066,00,00,012,59,05,Y,40,10.36,1036,USD,4687.69,5000.0,5814,M_5814_00066
TX_00000379,CARD_000971,414720******9590,PROD_TOKENIZED_DPAN,C4_SUBURBAN_FAMILY,2024-01-08T11:13:09.420546+00:00,1704712389.42,0100,000380,170471238980,A70392,00,00,012,59,05,Y,14,33.79,3379,USD,4833.28,5000.0,5812,M_5812_00102
TX_00000380,CARD_000373,414720******3726,PROD_TOKENIZED_DPAN,C3_YOUNG_ADULT_STUDENT,2024-01-08T11:15:43.084025+00:00,1704712543.08,0100,000381,170471254381,A82593,00,00,071,00,,Y,5,11.2,1120,USD,4677.33,5000.0,5541,M_5541_00113
TX_00000381,CARD_000373,414720******3726,PROD_TOKENIZED_DPAN,C3_YOUNG_ADULT_STUDENT,2024-01-08T11:20:34.863314+00:00,1704712834.86,0100,000382,170471283482,A47123,00,00,102,59,05,Y,26,15.59,1559,USD,4666.12,5000.0,5814,M_5814_00092
TX_00000382,CARD_000971,414720******9590,PROD_TOKENIZED_DPAN,C4_SUBURBAN_FAMILY,2024-01-08T11:24:34.892044+00:00,1704713074.89,0100,000383,170471307483,A73195,00,00,012,59,05,Y,12,70.07,7007,USD,4799.5,5000.0,5411,M_5411_00015
TX_00000383,CARD_000373,414720******3726,PROD_TOKENIZED_DPAN,C3_YOUNG_ADULT_STUDENT,2024-01-08T11:28:09.046166+00:00,1704713289.05,0100,000384,170471328984,A90759,00,00,051,00,,Y,9,593.65,59365,USD,4650.54,5000.0,5541,M_5541_00113
TX_00000384,CARD_000978,414720******3311,PROD_REWARDS_SIGNATURE,C6_SMALL_BUSINESS_OWNER,2024-01-08T14:05:09.159371+00:00,1704722709.16,0100,000385,170472270985,A92953,00,00,051,00,,Y,25,196.13,19613,USD,19021.15,19021.148433873856,5812,M_5812_00133
TX_00000385,CARD_000533,414720******6623,PROD_ULTRA_PREMIUM_INFINITE,C7_LUXURY_AFFLUENT,2024-01-08T15:50:05.439235+00:00,1704729005.44,0100,000386,170472900586,A11490,00,00,051,00,,Y,35,1125.83,112583,USD,88863.3,104295.82036837735,5812,M_5812_00047
TX_00000386,CARD_000533,414720******6623,PROD_ULTRA_PREMIUM_INFINITE,C7_LUXURY_AFFLUENT,2024-01-08T15:54:47.994632+00:00,1704729287.99,0100,000387,170472928787,A59035,00,00,051,00,,Y,45,599.0,59900,USD,87737.47,104295.82036837735,5812,M_5812_00047
TX_00000387,CARD_000533,414720******6623,PROD_ULTRA_PREMIUM_INFINITE,C7_LUXURY_AFFLUENT,2024-01-08T15:57:20.132358+00:00,1704729440.13,0100,000388,170472944088,A46602,00,00,051,00,,Y,38,408.24,40824,USD,87138.48,104295.82036837735,5812,M_5812_00047
TX_00000388,CARD_000533,414720******6623,PROD_ULTRA_PREMIUM_INFINITE,C7_LUXURY_AFFLUENT,2024-01-08T16:00:02.433687+00:00,1704729602.43,0100,000389,170472960289,A99437,00,00,051,00,,Y,3,1009.46,100946,USD,86730.24,104295.82036837735,5812,M_5812_00047
TX_00000389,CARD_000289,414720******7048,PROD_REWARDS_SIGNATURE,C5_URBAN_TECH_PROFESSIONAL,2024-01-08T17:28:23.011060+00:00,1704734903.01,0100,000390,170473490390,A52616,00,00,012,59,05,Y,2,57.04,5704,USD,11037.21,11037.207905515832,5814,M_5814_00066
TX_00000390,CARD_000056,414720******6017,PROD_CHECKING_DEBIT,C1_HOURLY_GIG_WORKER,2024-01-08T17:49:04.477157+00:00,1704736144.48,0100,000391,170473614491,A62119,00,00,012,59,05,Y,56,1.28,128,USD,6682.13,8350.124400557728,5814,M_5814_00066
TX_00000391,CARD_000664,414720******5999,PROD_REWARDS_SIGNATURE,C6_SMALL_BUSINESS_OWNER,2024-01-08T18:00:45.446211+00:00,1704736845.45,0100,000392,170473684592,A90817,00,00,012,59,05,Y,5,36.36,3636,USD,16344.35,18980.654733569336,5411,M_5411_00051
TX_00000392,CARD_000077,414720******5133,PROD_BNPL_SINGLE_USE_VIRTUAL,C3_YOUNG_ADULT_STUDENT,2024-01-08T19:13:59.758542+00:00,1704741239.76,0100,000393,170474123993,A67644,00,00,012,59,05,Y,36,23.57,2357,USD,961.66,988.3374541502205,5814,M_5814_00092
TX_00000393,CARD_000409,414720******7551,PROD_CLASSIC_REVOLVING,C2_FIXED_INCOME_SENIOR,2024-01-08T19:18:46.491345+00:00,1704741526.49,0100,000394,170474152694,A14867,00,00,051,00,,Y,26,48.26,4826,USD,2833.71,3325.06300516118,5411,M_5411_00083
TX_00000394,CARD_000077,414720******5133,PROD_BNPL_SINGLE_USE_VIRTUAL,C3_YOUNG_ADULT_STUDENT,2024-01-08T19:18:48.329658+00:00,1704741528.33,0100,000395,170474152895,A37493,00,00,102,59,05,Y,6,8.32,832,USD,938.09,988.3374541502205,5814,M_5814_00148
TX_00000395,CARD_000077,414720******5133,PROD_BNPL_SINGLE_USE_VIRTUAL,C3_YOUNG_ADULT_STUDENT,2024-01-08T19:21:43.187135+00:00,1704741703.19,0100,000396,170474170396,A29642,00,00,102,59,05,Y,9,12.95,1295,USD,929.77,988.3374541502205,5411,M_5411_00149
TX_00000396,CARD_000409,414720******7551,PROD_CLASSIC_REVOLVING,C2_FIXED_INCOME_SENIOR,2024-01-08T19:23:44.936917+00:00,1704741824.94,0100,000397,170474182497,A14003,00,00,012,59,05,Y,34,35.21,3521,USD,2785.45,3325.06300516118,5311,M_5311_00104
TX_00000397,CARD_000146,414720******4059,PROD_ULTRA_PREMIUM_INFINITE,C5_URBAN_TECH_PROFESSIONAL,2024-01-08T22:46:34.965318+00:00,1704753994.97,0100,000398,170475399498,A20701,00,00,102,59,05,Y,11,37.29,3729,USD,125685.72,135915.03366466315,5411,M_5411_00015
TX_00000398,CARD_000534,414720******1087,PROD_ULTRA_PREMIUM_INFINITE,C7_LUXURY_AFFLUENT,2024-01-09T07:04:04.069883+00:00,1704783844.07,0100,000399,170478384499,A85744,00,00,012,59,05,Y,14,53.36,5336,USD,24901.56,24901.55826486038,5812,M_5812_00102
TX_00000399,CARD_000534,414720******1087,PROD_ULTRA_PREMIUM_INFINITE,C7_LUXURY_AFFLUENT,2024-01-09T07:37:29.233429+00:00,1704785849.23,0100,000400,170478584900,A50079,00,00,071,00,,Y,17,296.07,29607,USD,24848.19,24901.55826486038,5311,M_5311_00138
TX_00000400,CARD_000567,414720******7271,PROD_TOKENIZED_DPAN,C5_URBAN_TECH_PROFESSIONAL,2024-01-09T08:38:26.502713+00:00,1704789506.5,0100,000401,170478950601,A83820,00,00,102,59,05,Y,26,24.13,2413,USD,4235.43,5000.0,5311,M_5311_00055
TX_00000401,CARD_000429,414720******1599,PROD_CLASSIC_REVOLVING,C2_FIXED_INCOME_SENIOR,2024-01-09T09:30:41.212241+00:00,1704792641.21,0100,000402,170479264102,A58973,00,00,051,00,,Y,54,72.58,7258,USD,1755.56,1894.4804252094955,5411,M_5411_00073
TX_00000402,CARD_000429,414720******1599,PROD_CLASSIC_REVOLVING,C2_FIXED_INCOME_SENIOR,2024-01-09T09:33:38.580115+00:00,1704792818.58,0100,000403,170479281803,A88384,00,00,051,00,,Y,16,24.33,2433,USD,1682.98,1894.4804252094955,5411,M_5411_00073
TX_00000403,CARD_000106,414720******4515,PROD_CHECKING_DEBIT,C3_YOUNG_ADULT_STUDENT,2024-01-09T11:11:27.270775+00:00,1704798687.27,0100,000404,170479868704,A36726,00,00,051,00,,Y,12,9.33,933,USD,5708.94,6028.604932270271,5542,M_5542_00053
TX_00000404,CARD_000106,414720******4515,PROD_CHECKING_DEBIT,C3_YOUNG_ADULT_STUDENT,2024-01-09T11:28:28.138524+00:00,1704799708.14,0100,000405,170479970805,A84100,00,00,071,00,,Y,17,28.27,2827,USD,5699.61,6028.604932270271,5542,M_5542_00053
TX_00000405,CARD_000106,414720******4515,PROD_CHECKING_DEBIT,C3_YOUNG_ADULT_STUDENT,2024-01-09T11:48:56.226458+00:00,1704800936.23,0100,000406,170480093606,A42701,00,00,071,00,,Y,14,8.04,804,USD,5671.33,6028.604932270271,5542,M_5542_00053
TX_00000406,CARD_000106,414720******4515,PROD_CHECKING_DEBIT,C3_YOUNG_ADULT_STUDENT,2024-01-09T12:03:08.106058+00:00,1704801788.11,0100,000407,170480178807,A97232,00,00,102,59,05,Y,1,27.51,2751,USD,5663.29,6028.604932270271,5812,M_5812_00021
TX_00000407,CARD_000106,414720******4515,PROD_CHECKING_DEBIT,C3_YOUNG_ADULT_STUDENT,2024-01-09T12:03:55.893028+00:00,1704801835.89,0100,000408,170480183508,A28316,00,00,071,00,,Y,9,6.16,616,USD,5635.78,6028.604932270271,5542,M_5542_00053
TX_00000408,CARD_000106,414720******4515,PROD_CHECKING_DEBIT,C3_YOUNG_ADULT_STUDENT,2024-01-09T12:08:46.507324+00:00,1704802126.51,0100,000409,170480212609,A36971,00,00,012,59,05,Y,6,14.68,1468,USD,5629.61,6028.604932270271,5411,M_5411_00114
TX_00000409,CARD_000811,414720******9024,PROD_COMMERCIAL_FLEET,C6_SMALL_BUSINESS_OWNER,2024-01-09T13:52:14.828355+00:00,1704808334.83,0100,000410,170480833410,A54961,00,00,051,00,,Y,14,726.4,72640,USD,4184.39,5000.0,5814,M_5814_00144
TX_00000410,CARD_000811,414720******9024,PROD_COMMERCIAL_FLEET,C6_SMALL_BUSINESS_OWNER,2024-01-09T14:13:27.260248+00:00,1704809607.26,0100,000411,170480960711,A27440,00,00,051,00,,Y,26,23.51,2351,USD,3457.99,5000.0,5814,M_5814_00144
TX_00000411,CARD_000811,414720******9024,PROD_COMMERCIAL_FLEET,C6_SMALL_BUSINESS_OWNER,2024-01-09T14:24:38.371132+00:00,1704810278.37,0100,000412,170481027812,A11928,00,00,012,59,05,Y,4,94.98,9498,USD,3434.48,5000.0,5812,M_5812_00033
TX_00000412,CARD_000066,414720******5508,PROD_REWARDS_SIGNATURE,C4_SUBURBAN_FAMILY,2024-01-09T14:32:57.662338+00:00,1704810777.66,0100,000413,170481077713,A11137,00,00,071,00,,Y,21,98.83,9883,USD,13512.45,13512.446420371374,5542,M_5542_00053
TX_00000413,CARD_000066,414720******5508,PROD_REWARDS_SIGNATURE,C4_SUBURBAN_FAMILY,2024-01-09T15:11:51.572624+00:00,1704813111.57,0100,000414,170481311114,A58750,00,00,051,00,,Y,19,43.45,4345,USD,13413.61,13512.446420371374,5542,M_5542_00039
TX_00000414,CARD_000789,414720******6149,PROD_SUBPRIME_SECURED,C1_HOURLY_GIG_WORKER,2024-01-09T15:28:55.758228+00:00,1704814135.76,0100,000415,170481413515,A26499,00,00,071,00,,Y,9,52.92,5292,USD,756.08,809.3779609985919,5814,M_5814_00066
TX_00000415,CARD_000789,414720******6149,PROD_SUBPRIME_SECURED,C1_HOURLY_GIG_WORKER,2024-01-09T15:31:52.786105+00:00,1704814312.79,0100,000416,170481431216,A66527,00,00,051,00,,Y,3,32.61,3261,USD,703.16,809.3779609985919,5814,M_5814_00066
TX_00000416,CARD_000893,414720******2646,PROD_TOKENIZED_DPAN,C3_YOUNG_ADULT_STUDENT,2024-01-09T15:54:34.779037+00:00,1704815674.78,0100,000417,170481567417,A24109,00,00,071,00,,Y,34,8.2,820,USD,4629.95,5000.0,5812,M_5812_00076
TX_00000417,CARD_000376,414720******9952,PROD_TOKENIZED_DPAN,C5_URBAN_TECH_PROFESSIONAL,2024-01-09T18:18:37.248767+00:00,1704824317.25,0100,000418,170482431718,A87190,00,00,102,59,05,Y,46,41.11,4111,USD,5000.0,5000.0,5812,M_5812_00102
TX_00000418,CARD_000376,414720******9952,PROD_TOKENIZED_DPAN,C5_URBAN_TECH_PROFESSIONAL,2024-01-09T18:31:49.082030+00:00,1704825109.08,0100,000419,170482510919,A70905,00,00,051,00,,Y,9,131.17,13117,USD,4958.89,5000.0,5311,M_5311_00116
TX_00000419,CARD_000371,414720******8198,PROD_REWARDS_SIGNATURE,C4_SUBURBAN_FAMILY,2024-01-09T18:51:29.772666+00:00,1704826289.77,0100,000420,170482628920,A89045,00,00,071,00,,Y,17,250.0,25000,USD,12713.29,12713.287106474532,5732,M_5732_00082
TX_00000420,CARD_000371,414720******8198,PROD_REWARDS_SIGNATURE,C4_SUBURBAN_FAMILY,2024-01-09T18:55:12.372432+00:00,1704826512.37,0100,000421,170482651221,A17531,00,00,012,59,05,Y,12,64.67,6467,USD,12463.29,12713.287106474532,5411,M_5411_00015
TX_00000421,CARD_000371,414720******8198,PROD_REWARDS_SIGNATURE,C4_SUBURBAN_FAMILY,2024-01-09T18:55:53.047479+00:00,1704826553.05,0100,000422,170482655322,A48258,00,00,051,00,,Y,44,57.51,5751,USD,12398.61,12713.287106474532,5732,M_5732_00082
TX_00000422,CARD_000371,414720******8198,PROD_REWARDS_SIGNATURE,C4_SUBURBAN_FAMILY,2024-01-09T19:00:26.592322+00:00,1704826826.59,0100,000423,170482682623,A42079,00,00,071,00,,Y,21,50.14,5014,USD,12341.1,12713.287106474532,5732,M_5732_00082
TX_00000423,CARD_000371,414720******8198,PROD_REWARDS_SIGNATURE,C4_SUBURBAN_FAMILY,2024-01-09T19:06:16.081828+00:00,1704827176.08,0100,000424,170482717624,A91686,00,00,102,59,05,Y,14,44.16,4416,USD,12290.96,12713.287106474532,5411,M_5411_00015
TX_00000424,CARD_000141,414720******4029,PROD_REWARDS_SIGNATURE,C5_URBAN_TECH_PROFESSIONAL,2024-01-09T19:19:50.820124+00:00,1704827990.82,0100,000425,170482799025,A20180,00,00,071,00,,Y,42,45.3,4530,USD,13575.71,16042.7991275119,5814,M_5814_00066
TX_00000425,CARD_000141,414720******4029,PROD_REWARDS_SIGNATURE,C5_URBAN_TECH_PROFESSIONAL,2024-01-09T19:31:22.165206+00:00,1704828682.17,0100,000426,170482868226,A51224,00,00,071,00,,Y,10,65.09,6509,USD,13530.4,16042.7991275119,5814,M_5814_00066
TX_00000426,CARD_000141,414720******4029,PROD_REWARDS_SIGNATURE,C5_URBAN_TECH_PROFESSIONAL,2024-01-09T19:43:04.939018+00:00,1704829384.94,0100,000427,170482938427,A94320,00,00,102,59,05,Y,37,67.86,6786,USD,13465.32,16042.7991275119,5411,M_5411_00015
TX_00000427,CARD_000141,414720******4029,PROD_REWARDS_SIGNATURE,C5_URBAN_TECH_PROFESSIONAL,2024-01-09T19:52:03.008073+00:00,1704829923.01,0100,000428,170482992328,A82289,00,00,102,59,05,Y,2,35.08,3508,USD,13397.46,16042.7991275119,5411,M_5411_00015
TX_00000428,CARD_000141,414720******4029,PROD_REWARDS_SIGNATURE,C5_URBAN_TECH_PROFESSIONAL,2024-01-09T19:53:17.892985+00:00,1704829997.89,0100,000429,170482999729,A94371,00,00,102,59,05,Y,6,66.85,6685,USD,13362.38,16042.7991275119,5411,M_5411_00004
TX_00000429,CARD_000141,414720******4029,PROD_REWARDS_SIGNATURE,C5_URBAN_TECH_PROFESSIONAL,2024-01-09T19:54:47.172264+00:00,1704830087.17,0100,000430,170483008730,A98080,00,00,051,00,,Y,3,38.71,3871,USD,13295.53,16042.7991275119,5814,M_5814_00066
TX_00000430,CARD_000141,414720******4029,PROD_REWARDS_SIGNATURE,C5_URBAN_TECH_PROFESSIONAL,2024-01-09T20:00:23.299898+00:00,1704830423.3,0100,000431,170483042331,A22111,00,00,102,59,05,Y,22,35.76,3576,USD,13256.82,16042.7991275119,5411,M_5411_00038
TX_00000431,CARD_000930,414720******8969,PROD_TOKENIZED_DPAN,C4_SUBURBAN_FAMILY,2024-01-09T21:42:33.055639+00:00,1704836553.06,0100,000432,170483655332,A56339,00,00,102,59,05,Y,11,65.47,6547,USD,4105.14,5000.0,5541,M_5541_00113
TX_00000432,CARD_000495,414720******1135,PROD_REWARDS_SIGNATURE,C4_SUBURBAN_FAMILY,2024-01-09T21:42:49.206860+00:00,1704836569.21,0100,000433,170483656933,A51311,00,00,012,59,05,Y,36,28.39,2839,USD,21373.15,21373.14570535867,4816,M_4816_00011
TX_00000433,CARD_000495,414720******1135,PROD_REWARDS_SIGNATURE,C4_SUBURBAN_FAMILY,2024-01-09T21:44:03.887589+00:00,1704836643.89,0100,000434,170483664334,A66584,00,00,051,00,,Y,4,29.53,2953,USD,21344.76,21373.14570535867,5541,M_5541_00095
TX_00000434,CARD_000254,414720******5088,PROD_CLASSIC_REVOLVING,C2_FIXED_INCOME_SENIOR,2024-01-09T21:51:05.931406+00:00,1704837065.93,0100,000435,170483706535,A92807,00,00,051,00,,Y,22,48.89,4889,USD,1933.04,2410.2422812726318,5912,M_5912_00105
TX_00000435,CARD_000426,414720******6754,PROD_CHECKING_DEBIT,C3_YOUNG_ADULT_STUDENT,2024-01-09T21:51:58.889526+00:00,1704837118.89,0100,000436,170483711836,A16120,00,00,102,59,05,Y,30,6.76,676,USD,4578.21,5767.508845554215,5812,M_5812_00021
TX_00000436,CARD_000608,414720******3794,PROD_TOKENIZED_DPAN,C5_URBAN_TECH_PROFESSIONAL,2024-01-10T08:28:20.189198+00:00,1704875300.19,0100,000437,170487530037,A54543,00,00,102,59,05,Y,5,24.95,2495,USD,5000.0,5000.0,5814,M_5814_00065
TX_00000437,CARD_000171,414720******8720,PROD_REWARDS_SIGNATURE,C5_URBAN_TECH_PROFESSIONAL,2024-01-10T11:19:30.539117+00:00,1704885570.54,0100,000438,170488557038,A49993,00,00,012,59,05,Y,25,80.01,8001,USD,11814.38,11814.379495192228,5999,M_5999_00142
TX_00000438,CARD_000171,414720******8720,PROD_REWARDS_SIGNATURE,C5_URBAN_TECH_PROFESSIONAL,2024-01-10T11:21:23.078521+00:00,1704885683.08,0100,000439,170488568339,A51071,00,00,012,59,05,Y,4,13.7,1370,USD,11734.37,11814.379495192228,5814,M_5814_00125
TX_00000439,CARD_000171,414720******8720,PROD_REWARDS_SIGNATURE,C5_URBAN_TECH_PROFESSIONAL,2024-01-10T11:21:38.523786+00:00,1704885698.52,0100,000440,170488569840,A51033,00,00,102,59,05,Y,0,49.67,4967,USD,11720.67,11814.379495192228,5814,M_5814_00066
TX_00000440,CARD_000171,414720******8720,PROD_REWARDS_SIGNATURE,C5_URBAN_TECH_PROFESSIONAL,2024-01-10T11:35:02.380111+00:00,1704886502.38,0100,000441,170488650241,A79321,00,00,102,59,05,Y,46,48.77,4877,USD,11671.0,11814.379495192228,5812,M_5812_00123
TX_00000441,CARD_000171,414720******8720,PROD_REWARDS_SIGNATURE,C5_URBAN_TECH_PROFESSIONAL,2024-01-10T11:35:36.598614+00:00,1704886536.6,0100,000442,170488653642,A12855,00,00,071,00,,Y,65,81.15,8115,USD,11622.22,11814.379495192228,5411,M_5411_00015
TX_00000442,CARD_000171,414720******8720,PROD_REWARDS_SIGNATURE,C5_URBAN_TECH_PROFESSIONAL,2024-01-10T12:01:12.991995+00:00,1704888072.99,0100,000443,170488807243,A63043,00,00,102,59,05,Y,20,52.16,5216,USD,11541.07,11814.379495192228,5411,M_5411_00028
TX_00000443,CARD_000171,414720******8720,PROD_REWARDS_SIGNATURE,C5_URBAN_TECH_PROFESSIONAL,2024-01-10T12:17:31.697862+00:00,1704889051.7,0100,000444,170488905144,A36648,00,00,102,59,05,Y,24,24.13,2413,USD,11488.91,11814.379495192228,5812,M_5812_00046
TX_00000444,CARD_000171,414720******8720,PROD_REWARDS_SIGNATURE,C5_URBAN_TECH_PROFESSIONAL,2024-01-10T12:21:26.381291+00:00,1704889286.38,0100,000445,170488928645,A93291,00,00,102,59,05,Y,17,44.53,4453,USD,11464.77,11814.379495192228,5812,M_5812_00021
TX_00000445,CARD_000037,414720******6168,PROD_CHECKING_DEBIT,C1_HOURLY_GIG_WORKER,2024-01-10T12:26:59.217011+00:00,1704889619.22,0100,000446,170488961946,A62453,00,00,012,59,05,Y,54,7.79,779,USD,8390.24,10234.050360718727,5812,M_5812_00102
TX_00000446,CARD_000442,414720******2700,PROD_CHECKING_DEBIT,C2_FIXED_INCOME_SENIOR,2024-01-10T12:28:23.978057+00:00,1704889703.98,0100,000447,170488970347,A12892,00,00,051,00,,Y,45,44.63,4463,USD,3968.35,4193.357224555924,5912,M_5912_00091
TX_00000447,CARD_000171,414720******8720,PROD_REWARDS_SIGNATURE,C5_URBAN_TECH_PROFESSIONAL,2024-01-10T12:32:54.741180+00:00,1704889974.74,0100,000448,170488997448,A86426,00,00,102,59,05,Y,47,35.05,3505,USD,11420.25,11814.379495192228,4816,M_4816_00011
TX_00000448,CARD_000171,414720******8720,PROD_REWARDS_SIGNATURE,C5_URBAN_TECH_PROFESSIONAL,2024-01-10T12:43:25.512218+00:00,1704890605.51,0100,000449,170489060549,A45164,00,00,102,59,05,Y,6,191.82,19182,USD,11385.2,11814.379495192228,5311,M_5311_00052
TX_00000449,CARD_000171,414720******8720,PROD_REWARDS_SIGNATURE,C5_URBAN_TECH_PROFESSIONAL,2024-01-10T12:45:34.773671+00:00,1704890734.77,0100,000450,170489073450,A12843,00,00,071,00,,Y,4,32.43,3243,USD,11193.37,11814.379495192228,5411,M_5411_00051
TX_00000450,CARD_000171,414720******8720,PROD_REWARDS_SIGNATURE,C5_URBAN_TECH_PROFESSIONAL,2024-01-10T13:06:22.296183+00:00,1704891982.3,0100,000451,170489198251,A78805,00,00,012,59,05,Y,24,56.99,5699,USD,11160.95,11814.379495192228,5812,M_5812_00021
TX_00000451,CARD_000171,414720******8720,PROD_REWARDS_SIGNATURE,C5_URBAN_TECH_PROFESSIONAL,2024-01-10T13:36:22.296183+00:00,1704893782.3,0100,000452,170489378252,A83786,00,00,102,59,05,Y,19,6.23,623,USD,11103.95,11814.379495192228,5812,M_5812_00021
TX_00000452,CARD_000387,414720******9723,PROD_CHECKING_DEBIT,C1_HOURLY_GIG_WORKER,2024-01-10T14:16:07.381076+00:00,1704896167.38,0100,000453,170489616753,A26080,00,00,102,59,05,Y,16,15.07,1507,USD,5232.83,5553.656534903093,5732,M_5732_00045
TX_00000453,CARD_000221,414720******6216,PROD_CHECKING_DEBIT,C3_YOUNG_ADULT_STUDENT,2024-01-10T16:22:09.933030+00:00,1704903729.93,0100,000454,170490372954,A68774,00,00,071,00,,Y,28,22.34,2234,USD,6896.05,12210.534982030698,5812,M_5812_00021
TX_00000454,CARD_000059,414720******1916,PROD_CHECKING_DEBIT,C3_YOUNG_ADULT_STUDENT,2024-01-10T17:31:04.035741+00:00,1704907864.04,0100,000455,170490786455,A76738,00,00,102,59,05,Y,2,20.51,2051,USD,3644.67,8382.94565564815,5411,M_5411_00015
TX_00000455,CARD_000059,414720******1916,PROD_CHECKING_DEBIT,C3_YOUNG_ADULT_STUDENT,2024-01-10T17:31:58.152088+00:00,1704907918.15,0100,000456,170490791856,A42449,00,00,102,59,05,Y,25,16.22,1622,USD,3624.16,8382.94565564815,5812,M_5812_00021
TX_00000456,CARD_000059,414720******1916,PROD_CHECKING_DEBIT,C3_YOUNG_ADULT_STUDENT,2024-01-10T17:34:31.314219+00:00,1704908071.31,0100,000457,170490807157,A53679,00,00,071,00,,Y,11,7.57,757,USD,3607.94,8382.94565564815,5812,M_5812_00021
TX_00000457,CARD_000805,414720******1666,PROD_CLASSIC_REVOLVING,C4_SUBURBAN_FAMILY,2024-01-10T17:37:35.824055+00:00,1704908255.82,0100,000458,170490825558,A16381,00,00,071,00,,Y,11,51.45,5145,USD,1454.19,1616.1406568047173,5541,M_5541_00143
TX_00000458,CARD_000059,414720******1916,PROD_CHECKING_DEBIT,C3_YOUNG_ADULT_STUDENT,2024-01-10T17:40:12.021352+00:00,1704908412.02,0100,000459,170490841259,A97180,00,00,102,59,05,Y,35,11.26,1126,USD,3600.37,8382.94565564815,5814,M_5814_00066
TX_00000459,CARD_000805,414720******1666,PROD_CLASSIC_REVOLVING,C4_SUBURBAN_FAMILY,2024-01-10T17:57:56.963545+00:00,1704909476.96,0100,000460,170490947660,A19194,00,00,071,00,,Y,39,39.77,3977,USD,1402.74,1616.1406568047173,5541,M_5541_00143
TX_00000460,CARD_000805,414720******1666,PROD_CLASSIC_REVOLVING,C4_SUBURBAN_FAMILY,2024-01-10T18:16:38.799619+00:00,1704910598.8,0100,000461,170491059861,A23086,00,00,051,00,,Y,26,125.65,12565,USD,1362.97,1616.1406568047173,5541,M_5541_00143
TX_00000461,CARD_000602,414720******6121,PROD_CHECKING_DEBIT,C2_FIXED_INCOME_SENIOR,2024-01-10T18:28:04.567036+00:00,1704911284.57,0100,000462,170491128462,A30741,00,00,051,00,,Y,22,15.61,1561,USD,3488.44,4212.594683545736,5814,M_5814_00148
TX_00000462,CARD_000602,414720******6121,PROD_CHECKING_DEBIT,C2_FIXED_INCOME_SENIOR,2024-01-10T18:30:28.285866+00:00,1704911428.29,0100,000463,170491142863,A86910,00,00,071,00,,Y,25,28.98,2898,USD,3472.83,4212.594683545736,5814,M_5814_00148
TX_00000463,CARD_000805,414720******1666,PROD_CLASSIC_REVOLVING,C4_SUBURBAN_FAMILY,2024-01-10T18:45:23.975183+00:00,1704912323.98,0100,000464,170491232364,A91699,00,00,012,59,05,Y,23,29.31,2931,USD,1237.32,1616.1406568047173,5812,M_5812_00021
TX_00000464,CARD_000602,414720******6121,PROD_CHECKING_DEBIT,C2_FIXED_INCOME_SENIOR,2024-01-10T18:57:42.171220+00:00,1704913062.17,0100,000465,170491306265,A46657,00,00,071,00,,Y,4,53.71,5371,USD,3443.84,4212.594683545736,5814,M_5814_00148
TX_00000465,CARD_000805,414720******1666,PROD_CLASSIC_REVOLVING,C4_SUBURBAN_FAMILY,2024-01-10T18:57:58.684114+00:00,1704913078.68,0100,000466,170491307866,A25831,00,00,051,00,,Y,59,205.57,20557,USD,1208.01,1616.1406568047173,5812,M_5812_00021
TX_00000466,CARD_000602,414720******6121,PROD_CHECKING_DEBIT,C2_FIXED_INCOME_SENIOR,2024-01-10T19:15:47.558971+00:00,1704914147.56,0100,000467,170491414767,A86101,00,00,051,00,,Y,52,8.12,812,USD,3390.14,4212.594683545736,5814,M_5814_00148
TX_00000467,CARD_000414,414720******9690,PROD_CLASSIC_REVOLVING,C4_SUBURBAN_FAMILY,2024-01-10T19:30:43.796164+00:00,1704915043.8,0100,000468,170491504368,A17618,00,00,051,00,,Y,3,58.98,5898,USD,3727.86,3727.864135044516,5542,M_5542_00053
TX_00000468,CARD_000414,414720******9690,PROD_CLASSIC_REVOLVING,C4_SUBURBAN_FAMILY,2024-01-10T19:34:54.744550+00:00,1704915294.74,0100,000469,170491529469,A19894,00,00,051,00,,Y,6,40.62,4062,USD,3668.88,3727.864135044516,5542,M_5542_00053
TX_00000469,CARD_000414,414720******9690,PROD_CLASSIC_REVOLVING,C4_SUBURBAN_FAMILY,2024-01-10T19:38:44.008849+00:00,1704915524.01,0100,000470,170491552470,A67657,00,00,102,59,05,Y,0,39.27,3927,USD,3628.27,3727.864135044516,5311,M_5311_00079
TX_00000470,CARD_000414,414720******9690,PROD_CLASSIC_REVOLVING,C4_SUBURBAN_FAMILY,2024-01-10T19:59:37.569795+00:00,1704916777.57,0100,000471,170491677771,A84288,00,00,102,59,05,Y,10,78.5,7850,USD,3589.0,3727.864135044516,5999,M_5999_00142
TX_00000471,CARD_000099,414720******6239,PROD_COMMERCIAL_FLEET,C6_SMALL_BUSINESS_OWNER,2024-01-10T23:12:18.458562+00:00,1704928338.46,0100,000472,170492833872,A66024,00,00,012,59,05,Y,17,260.77,26077,USD,4455.06,5000.0,5812,M_5812_00145
TX_00000472,CARD_000099,414720******6239,PROD_COMMERCIAL_FLEET,C6_SMALL_BUSINESS_OWNER,2024-01-10T23:13:20.853114+00:00,1704928400.85,0100,000473,170492840073,A48164,00,00,012,59,05,Y,40,25.88,2588,USD,4194.3,5000.0,5999,M_5999_00142
TX_00000473,CARD_000099,414720******6239,PROD_COMMERCIAL_FLEET,C6_SMALL_BUSINESS_OWNER,2024-01-10T23:19:54.553341+00:00,1704928794.55,0100,000474,170492879474,A49746,00,00,012,59,05,Y,9,46.44,4644,USD,4168.42,5000.0,5812,M_5812_00021
TX_00000474,CARD_000112,414720******3706,PROD_CLASSIC_REVOLVING,C2_FIXED_INCOME_SENIOR,2024-01-10T23:47:15.580967+00:00,1704930435.58,0100,000475,170493043575,A55244,00,00,012,59,05,Y,60,899.13,89913,USD,1056.84,1070.339896275956,5732,M_5732_00045
TX_00000475,CARD_000037,414720******6168,PROD_CHECKING_DEBIT,C1_HOURLY_GIG_WORKER,2024-01-11T00:00:27.920642+00:00,1704931227.92,0100,000476,170493122776,,63,63,012,59,07,N,26,1346.44,134644,USD,8382.45,10234.050360718727,5732,M_5732_00045
TX_00000476,CARD_000133,414720******7245,PROD_CHECKING_DEBIT,C2_FIXED_INCOME_SENIOR,2024-01-11T06:40:57.427699+00:00,1704955257.43,0100,000477,170495525777,A11638,00,00,012,59,05,Y,15,26.97,2697,USD,4078.93,7086.730267632093,5812,M_5812_00021
TX_00000477,CARD_000025,414720******6287,PROD_CHECKING_DEBIT,C3_YOUNG_ADULT_STUDENT,2024-01-11T07:16:53.476819+00:00,1704957413.48,0100,000478,170495741378,A42537,00,00,071,00,,Y,19,16.6,1660,USD,4409.77,12550.017605244499,5311,M_5311_00079
TX_00000478,CARD_000604,414720******9011,PROD_BNPL_SINGLE_USE_VIRTUAL,C3_YOUNG_ADULT_STUDENT,2024-01-11T08:39:24.129514+00:00,1704962364.13,0100,000479,170496236479,A13342,00,00,012,59,05,Y,5,18.17,1817,USD,426.12,409.67444436105416,5814,M_5814_00066
TX_00000479,CARD_000010,414720******6458,PROD_COMMERCIAL_FLEET,C6_SMALL_BUSINESS_OWNER,2024-01-11T09:42:36.379740+00:00,1704966156.38,0100,000480,170496615680,A44020,00,00,071,00,,Y,8,123.44,12344,USD,4670.15,5000.0,5812,M_5812_00046
TX_00000480,CARD_000010,414720******6458,PROD_COMMERCIAL_FLEET,C6_SMALL_BUSINESS_OWNER,2024-01-11T09:51:07.558698+00:00,1704966667.56,0100,000481,170496666781,A71753,00,00,102,59,05,Y,35,53.92,5392,USD,4546.71,5000.0,5541,M_5541_00129
TX_00000481,CARD_000010,414720******6458,PROD_COMMERCIAL_FLEET,C6_SMALL_BUSINESS_OWNER,2024-01-11T10:13:22.843231+00:00,1704968002.84,0100,000482,170496800282,A96439,00,00,071,00,,Y,4,450.0,45000,USD,4492.79,5000.0,5812,M_5812_00046
TX_00000482,CARD_000247,414720******7131,PROD_TOKENIZED_DPAN,C4_SUBURBAN_FAMILY,2024-01-11T10:15:02.604199+00:00,1704968102.6,0100,000483,170496810283,A91552,00,00,071,00,,Y,12,25.67,2567,USD,5000.0,5000.0,5411,M_5411_00015
TX_00000483,CARD_000010,414720******6458,PROD_COMMERCIAL_FLEET,C6_SMALL_BUSINESS_OWNER,2024-01-11T10:23:09.383745+00:00,1704968589.38,0100,000484,170496858984,A56397,00,00,102,59,05,Y,11,192.63,19263,USD,4042.79,5000.0,5411,M_5411_00015
TX_00000484,CARD_000010,414720******6458,PROD_COMMERCIAL_FLEET,C6_SMALL_BUSINESS_OWNER,2024-01-11T10:27:19.433416+00:00,1704968839.43,0100,000485,170496883985,A31320,00,00,012,59,05,Y,36,308.67,30867,USD,3850.17,5000.0,5411,M_5411_00068
TX_00000485,CARD_000247,414720******7131,PROD_TOKENIZED_DPAN,C4_SUBURBAN_FAMILY,2024-01-11T10:45:02.604199+00:00,1704969902.6,0100,000486,170496990286,A21981,00,00,051,00,,Y,3,96.96,9696,USD,4974.33,5000.0,5411,M_5411_00015
TX_00000486,CARD_000247,414720******7131,PROD_TOKENIZED_DPAN,C4_SUBURBAN_FAMILY,2024-01-11T11:05:33.439820+00:00,1704971133.44,0100,000487,170497113387,A25908,00,00,071,00,,Y,7,250.0,25000,USD,4877.37,5000.0,5411,M_5411_00015
TX_00000487,CARD_000247,414720******7131,PROD_TOKENIZED_DPAN,C4_SUBURBAN_FAMILY,2024-01-11T11:14:31.591238+00:00,1704971671.59,0100,000488,170497167188,A88611,00,00,102,59,05,Y,9,32.81,3281,USD,4627.37,5000.0,5812,M_5812_00021
TX_00000488,CARD_000247,414720******7131,PROD_TOKENIZED_DPAN,C4_SUBURBAN_FAMILY,2024-01-11T11:14:51.893697+00:00,1704971691.89,0100,000489,170497169189,A42543,00,00,051,00,,Y,33,63.34,6334,USD,4594.56,5000.0,5411,M_5411_00015
TX_00000489,CARD_000247,414720******7131,PROD_TOKENIZED_DPAN,C4_SUBURBAN_FAMILY,2024-01-11T11:25:29.207421+00:00,1704972329.21,0100,000490,170497232990,A58023,00,00,102,59,05,Y,17,27.21,2721,USD,4531.23,5000.0,5812,M_5812_00043
TX_00000490,CARD_000247,414720******7131,PROD_TOKENIZED_DPAN,C4_SUBURBAN_FAMILY,2024-01-11T11:32:48.322054+00:00,1704972768.32,0100,000491,170497276891,A97886,00,00,071,00,,Y,6,76.16,7616,USD,4504.01,5000.0,5411,M_5411_00025
TX_00000491,CARD_000247,414720******7131,PROD_TOKENIZED_DPAN,C4_SUBURBAN_FAMILY,2024-01-11T11:36:05.490355+00:00,1704972965.49,0100,000492,170497296592,A15718,00,00,051,00,,Y,19,429.8,42980,USD,4427.85,5000.0,5411,M_5411_00025
TX_00000492,CARD_000337,414720******5622,PROD_GPR_PREPAID,C1_HOURLY_GIG_WORKER,2024-01-11T12:16:24.158264+00:00,1704975384.16,0100,000493,170497538493,A94295,00,00,071,00,,Y,20,21.29,2129,USD,3363.31,5000.0,5999,M_5999_00142
TX_00000493,CARD_000337,414720******5622,PROD_GPR_PREPAID,C1_HOURLY_GIG_WORKER,2024-01-11T12:20:46.985419+00:00,1704975646.99,0100,000494,170497564694,A42498,00,00,071,00,,Y,10,13.3,1330,USD,3342.02,5000.0,5999,M_5999_00142
TX_00000494,CARD_000337,414720******5622,PROD_GPR_PREPAID,C1_HOURLY_GIG_WORKER,2024-01-11T12:24:20.696080+00:00,1704975860.7,0100,000495,170497586095,A33832,00,00,102,59,05,Y,6,17.57,1757,USD,3328.72,5000.0,5541,M_5541_00113
TX_00000495,CARD_000337,414720******5622,PROD_GPR_PREPAID,C1_HOURLY_GIG_WORKER,2024-01-11T12:32:21.578197+00:00,1704976341.58,0100,000496,170497634196,A41987,00,00,012,59,05,Y,16,17.75,1775,USD,3311.15,5000.0,5912,M_5912_00086
TX_00000496,CARD_000337,414720******5622,PROD_GPR_PREPAID,C1_HOURLY_GIG_WORKER,2024-01-11T12:33:57.536558+00:00,1704976437.54,0100,000497,170497643797,,65,65,102,59,07,N,19,12.05,1205,USD,3293.41,5000.0,5912,M_5912_00048
TX_00000497,CARD_000834,414720******3779,PROD_REWARDS_SIGNATURE,C4_SUBURBAN_FAMILY,2024-01-11T12:51:36.847944+00:00,1704977496.85,0100,000498,170497749698,A90758,00,00,051,00,,Y,10,13.29,1329,USD,6695.17,6695.165384774544,5812,M_5812_00093
TX_00000498,CARD_000834,414720******3779,PROD_REWARDS_SIGNATURE,C4_SUBURBAN_FAMILY,2024-01-11T13:02:57.606796+00:00,1704978177.61,0100,000499,170497817799,A55347,00,00,071,00,,Y,21,38.69,3869,USD,6681.87,6695.165384774544,5812,M_5812_00093
TX_00000499,CARD_000295,414720******6361,PROD_CLASSIC_REVOLVING,C4_SUBURBAN_FAMILY,2024-01-11T13:18:12.129713+00:00,1704979092.13,0100,000500,170497909200,A74071,00,00,051,00,,Y,23,44.34,4434,USD,2618.97,3002.1245694664276,5732,M_5732_00082
TX_00000500,CARD_000834,414720******3779,PROD_REWARDS_SIGNATURE,C4_SUBURBAN_FAMILY,2024-01-11T13:20:44.122911+00:00,1704979244.12,0100,000501,170497924401,A53769,00,00,012,59,05,Y,3,23.19,2319,USD,6643.19,6695.165384774544,5999,M_5999_00142
TX_00000501,CARD_000834,414720******3779,PROD_REWARDS_SIGNATURE,C4_SUBURBAN_FAMILY,2024-01-11T13:33:13.464197+00:00,1704979993.46,0100,000502,170497999302,A83836,00,00,071,00,,Y,30,105.56,10556,USD,6620.0,6695.165384774544,5812,M_5812_00096
TX_00000502,CARD_000629,414720******3524,PROD_REWARDS_SIGNATURE,C4_SUBURBAN_FAMILY,2024-01-11T13:46:00.932503+00:00,1704980760.93,0100,000503,170498076003,A48486,00,00,071,00,,Y,18,33.8,3380,USD,17303.78,17303.7755857801,5541,M_5541_00019
TX_00000503,CARD_000834,414720******3779,PROD_REWARDS_SIGNATURE,C4_SUBURBAN_FAMILY,2024-01-11T13:46:04.674665+00:00,1704980764.67,0100,000504,170498076404,A80894,00,00,051,00,,Y,29,59.04,5904,USD,6514.44,6695.165384774544,5812,M_5812_00096
TX_00000504,CARD_000834,414720******3779,PROD_REWARDS_SIGNATURE,C4_SUBURBAN_FAMILY,2024-01-11T14:00:18.172203+00:00,1704981618.17,0100,000505,170498161805,A17439,00,00,102,59,05,Y,7,52.31,5231,USD,6455.4,6695.165384774544,5812,M_5812_00102
TX_00000505,CARD_000829,414720******7018,PROD_CLASSIC_REVOLVING,C2_FIXED_INCOME_SENIOR,2024-01-11T14:06:52.563678+00:00,1704982012.56,0100,000506,170498201206,A65685,00,00,012,59,05,Y,3,43.71,4371,USD,2758.12,2934.2357365214516,5912,M_5912_00101
TX_00000506,CARD_000834,414720******3779,PROD_REWARDS_SIGNATURE,C4_SUBURBAN_FAMILY,2024-01-11T14:30:18.172203+00:00,1704983418.17,0100,000507,170498341807,A83539,00,00,071,00,,Y,21,21.65,2165,USD,6403.09,6695.165384774544,5541,M_5541_00064
TX_00000507,CARD_000882,414720******5650,PROD_TOKENIZED_DPAN,C4_SUBURBAN_FAMILY,2024-01-11T16:10:42.294515+00:00,1704989442.29,0100,000508,170498944208,A91626,00,00,071,00,,Y,5,99.76,9976,USD,5000.0,5000.0,5999,M_5999_00142
TX_00000508,CARD_000282,414720******8608,PROD_REWARDS_SIGNATURE,C5_URBAN_TECH_PROFESSIONAL,2024-01-11T16:16:47.666189+00:00,1704989807.67,0100,000509,170498980709,A66097,00,00,012,59,05,Y,27,212.25,21225,USD,9044.52,9044.520487321668,5411,M_5411_00051
TX_00000509,CARD_000497,414720******4482,PROD_CHECKING_DEBIT,C2_FIXED_INCOME_SENIOR,2024-01-11T16:21:29.008850+00:00,1704990089.01,0100,000510,170499008910,A15612,00,00,012,59,05,Y,26,11.3,1130,USD,3716.02,2939.6327178888337,5812,M_5812_00021
TX_00000510,CARD_000282,414720******8608,PROD_REWARDS_SIGNATURE,C5_URBAN_TECH_PROFESSIONAL,2024-01-11T16:27:46.600407+00:00,1704990466.6,0100,000511,170499046611,A78437,00,00,012,59,05,Y,18,17.03,1703,USD,8832.27,9044.520487321668,5999,M_5999_00142
TX_00000511,CARD_000282,414720******8608,PROD_REWARDS_SIGNATURE,C5_URBAN_TECH_PROFESSIONAL,2024-01-11T16:29:47.991100+00:00,1704990587.99,0100,000512,170499058712,A87842,00,00,102,59,05,Y,67,49.82,4982,USD,8815.24,9044.520487321668,5411,M_5411_00015
TX_00000512,CARD_000282,414720******8608,PROD_REWARDS_SIGNATURE,C5_URBAN_TECH_PROFESSIONAL,2024-01-11T16:30:36.847833+00:00,1704990636.85,0100,000513,170499063613,A43474,00,00,071,00,,Y,10,42.33,4233,USD,8765.42,9044.520487321668,5814,M_5814_00066
TX_00000513,CARD_000282,414720******8608,PROD_REWARDS_SIGNATURE,C5_URBAN_TECH_PROFESSIONAL,2024-01-11T16:35:03.433020+00:00,1704990903.43,0100,000514,170499090314,A93204,00,00,102,59,05,Y,6,17.54,1754,USD,8723.09,9044.520487321668,5411,M_5411_00068
TX_00000514,CARD_000282,414720******8608,PROD_REWARDS_SIGNATURE,C5_URBAN_TECH_PROFESSIONAL,2024-01-11T16:37:21.632740+00:00,1704991041.63,0100,000515,170499104115,,65,65,102,59,07,N,0,41.02,4102,USD,8705.55,9044.520487321668,5411,M_5411_00015
TX_00000515,CARD_000724,414720******4858,PROD_TOKENIZED_DPAN,C4_SUBURBAN_FAMILY,2024-01-11T17:42:24.333310+00:00,1704994944.33,0100,000516,170499494416,A33096,00,00,071,00,,Y,7,78.44,7844,USD,4217.8,5000.0,5812,M_5812_00093
TX_00000516,CARD_000656,414720******5219,PROD_SUBPRIME_SECURED,C1_HOURLY_GIG_WORKER,2024-01-11T17:46:08.596455+00:00,1704995168.6,0100,000517,170499516817,A87257,00,00,051,00,,Y,15,10.48,1048,USD,441.51,441.50732202953304,5814,M_5814_00066
TX_00000517,CARD_000656,414720******5219,PROD_SUBPRIME_SECURED,C1_HOURLY_GIG_WORKER,2024-01-11T17:50:04.070974+00:00,1704995404.07,0100,000518,170499540418,A71888,00,00,012,59,05,Y,3,16.86,1686,USD,431.02,441.50732202953304,5411,M_5411_00015
TX_00000518,CARD_000656,414720******5219,PROD_SUBPRIME_SECURED,C1_HOURLY_GIG_WORKER,2024-01-11T17:51:01.271416+00:00,1704995461.27,0100,000519,170499546119,A58588,00,00,071,00,,Y,12,31.01,3101,USD,414.16,441.50732202953304,5814,M_5814_00066
TX_00000519,CARD_000225,414720******7191,PROD_REWARDS_SIGNATURE,C4_SUBURBAN_FAMILY,2024-01-11T18:05:13.101944+00:00,1704996313.1,0100,000520,170499631320,A76462,00,00,051,00,,Y,30,81.85,8185,USD,12812.8,13508.543610175282,5812,M_5812_00021
TX_00000520,CARD_000675,414720******7271,PROD_COMMERCIAL_FLEET,C6_SMALL_BUSINESS_OWNER,2024-01-11T19:04:51.780498+00:00,1704999891.78,0100,000521,170499989121,A31574,00,00,012,59,05,Y,12,130.33,13033,USD,4535.81,5000.0,5411,M_5411_00036
TX_00000521,CARD_000067,414720******2536,PROD_CLASSIC_REVOLVING,C4_SUBURBAN_FAMILY,2024-01-11T19:07:40.041202+00:00,1705000060.04,0100,000522,170500006022,A23292,00,00,071,00,,Y,10,29.62,2962,USD,2196.96,2196.959471390782,5812,M_5812_00021
TX_00000522,CARD_000067,414720******2536,PROD_CLASSIC_REVOLVING,C4_SUBURBAN_FAMILY,2024-01-11T19:11:16.412767+00:00,1705000276.41,0100,000523,170500027623,A56365,00,00,071,00,,Y,8,215.26,21526,USD,2167.34,2196.959471390782,5812,M_5812_00021
TX_00000523,CARD_000067,414720******2536,PROD_CLASSIC_REVOLVING,C4_SUBURBAN_FAMILY,2024-01-11T19:21:44.756018+00:00,1705000904.76,0100,000524,170500090424,A26107,00,00,071,00,,Y,2,38.24,3824,USD,1952.08,2196.959471390782,5812,M_5812_00021
TX_00000524,CARD_000142,414720******2790,PROD_TOKENIZED_DPAN,C5_URBAN_TECH_PROFESSIONAL,2024-01-11T19:34:11.626173+00:00,1705001651.63,0100,000525,170500165125,A79678,00,00,012,59,05,Y,12,67.22,6722,USD,4156.11,5000.0,5411,M_5411_00015
TX_00000525,CARD_000142,414720******2790,PROD_TOKENIZED_DPAN,C5_URBAN_TECH_PROFESSIONAL,2024-01-11T19:36:26.587946+00:00,1705001786.59,0100,000526,170500178626,A93852,00,00,071,00,,Y,38,23.14,2314,USD,4088.89,5000.0,5541,M_5541_00120
TX_00000526,CARD_000142,414720******2790,PROD_TOKENIZED_DPAN,C5_URBAN_TECH_PROFESSIONAL,2024-01-11T19:55:54.555920+00:00,1705002954.56,0100,000527,170500295427,A32906,00,00,102,59,05,Y,10,29.22,2922,USD,4065.75,5000.0,5812,M_5812_00021
TX_00000527,CARD_000142,414720******2790,PROD_TOKENIZED_DPAN,C5_URBAN_TECH_PROFESSIONAL,2024-01-11T20:10:57.855196+00:00,1705003857.86,0100,000528,170500385728,A82334,00,00,012,59,05,Y,8,26.41,2641,USD,4036.53,5000.0,5812,M_5812_00021
TX_00000528,CARD_000142,414720******2790,PROD_TOKENIZED_DPAN,C5_URBAN_TECH_PROFESSIONAL,2024-01-11T20:18:00.135885+00:00,1705004280.14,0100,000529,170500428029,A43789,00,00,012,59,05,Y,47,55.82,5582,USD,4010.12,5000.0,5411,M_5411_00015
TX_00000529,CARD_000142,414720******2790,PROD_TOKENIZED_DPAN,C5_URBAN_TECH_PROFESSIONAL,2024-01-11T20:18:45.439946+00:00,1705004325.44,0100,000530,170500432530,A53955,00,00,071,00,,Y,21,102.08,10208,USD,3954.3,5000.0,5411,M_5411_00059
TX_00000530,CARD_000142,414720******2790,PROD_TOKENIZED_DPAN,C5_URBAN_TECH_PROFESSIONAL,2024-01-11T20:48:45.439946+00:00,1705006125.44,0100,000531,170500612531,A38526,00,00,102,59,05,Y,9,22.8,2280,USD,3852.23,5000.0,5812,M_5812_00021
TX_00000531,CARD_000142,414720******2790,PROD_TOKENIZED_DPAN,C5_URBAN_TECH_PROFESSIONAL,2024-01-11T21:13:48.177747+00:00,1705007628.18,0100,000532,170500762832,A47326,00,00,012,59,05,Y,6,27.88,2788,USD,3829.42,5000.0,4816,M_4816_00011
TX_00000532,CARD_000142,414720******2790,PROD_TOKENIZED_DPAN,C5_URBAN_TECH_PROFESSIONAL,2024-01-11T21:15:16.035938+00:00,1705007716.04,0100,000533,170500771633,A58521,00,00,071,00,,Y,21,29.2,2920,USD,3801.55,5000.0,5814,M_5814_00147
TX_00000533,CARD_000142,414720******2790,PROD_TOKENIZED_DPAN,C5_URBAN_TECH_PROFESSIONAL,2024-01-11T21:26:52.950957+00:00,1705008412.95,0100,000534,170500841234,A95156,00,00,102,59,05,Y,5,31.2,3120,USD,3772.35,5000.0,5999,M_5999_00142
TX_00000534,CARD_000359,414720******4461,PROD_TOKENIZED_DPAN,C4_SUBURBAN_FAMILY,2024-01-12T00:46:09.699157+00:00,1705020369.7,0100,000535,170502036935,A75843,00,00,102,59,05,Y,30,30.44,3044,USD,4629.37,5000.0,5999,M_5999_00142
TX_00000535,CARD_000229,414720******2121,PROD_SUBPRIME_SECURED,C1_HOURLY_GIG_WORKER,2024-01-12T01:30:16.857797+00:00,1705023016.86,0100,000536,170502301636,A85496,00,00,051,00,,Y,10,50.94,5094,USD,544.92,544.9203261228865,5812,M_5812_00021
TX_00000536,CARD_000447,414720******4991,PROD_REWARDS_SIGNATURE,C4_SUBURBAN_FAMILY,2024-01-12T09:54:38.514663+00:00,1705053278.51,0100,000537,170505327837,A31511,00,00,012,59,05,Y,44,48.23,4823,USD,14757.26,17215.63069144186,5912,M_5912_00042
TX_00000537,CARD_000447,414720******4991,PROD_REWARDS_SIGNATURE,C4_SUBURBAN_FAMILY,2024-01-12T09:57:09.929388+00:00,1705053429.93,0100,000538,170505342938,A14245,00,00,012,59,05,Y,39,48.87,4887,USD,14709.03,17215.63069144186,5812,M_5812_00021
TX_00000538,CARD_000447,414720******4991,PROD_REWARDS_SIGNATURE,C4_SUBURBAN_FAMILY,2024-01-12T09:58:13.180495+00:00,1705053493.18,0100,000539,170505349339,A80661,00,00,071,00,,Y,46,39.52,3952,USD,14660.17,17215.63069144186,5814,M_5814_00092
TX_00000539,CARD_000447,414720******4991,PROD_REWARDS_SIGNATURE,C4_SUBURBAN_FAMILY,2024-01-12T10:03:07.471777+00:00,1705053787.47,0100,000540,170505378740,A90324,00,00,071,00,,Y,14,62.36,6236,USD,14620.65,17215.63069144186,5814,M_5814_00092
TX_00000540,CARD_000447,414720******4991,PROD_REWARDS_SIGNATURE,C4_SUBURBAN_FAMILY,2024-01-12T10:06:42.310472+00:00,1705054002.31,0100,000541,170505400241,A15101,00,00,071,00,,Y,47,29.62,2962,USD,14558.3,17215.63069144186,5814,M_5814_00092
TX_00000541,CARD_000099,414720******6239,PROD_COMMERCIAL_FLEET,C6_SMALL_BUSINESS_OWNER,2024-01-12T10:08:21.406750+00:00,1705054101.41,0100,000542,170505410142,A58900,00,00,051,00,,Y,23,474.3,47430,USD,4121.98,5000.0,5812,M_5812_00021
TX_00000542,CARD_000447,414720******4991,PROD_REWARDS_SIGNATURE,C4_SUBURBAN_FAMILY,2024-01-12T10:36:42.310472+00:00,1705055802.31,0100,000543,170505580243,A78362,00,00,012,59,05,Y,9,44.4,4440,USD,14528.68,17215.63069144186,5999,M_5999_00142
TX_00000543,CARD_000099,414720******6239,PROD_COMMERCIAL_FLEET,C6_SMALL_BUSINESS_OWNER,2024-01-12T10:38:21.406750+00:00,1705055901.41,0100,000544,170505590144,A41806,00,00,071,00,,Y,30,82.06,8206,USD,3647.68,5000.0,5812,M_5812_00021
TX_00000544,CARD_000099,414720******6239,PROD_COMMERCIAL_FLEET,C6_SMALL_BUSINESS_OWNER,2024-01-12T11:00:20.244946+00:00,1705057220.24,0100,000545,170505722045,A52359,00,00,012,59,05,Y,17,42.52,4252,USD,3565.62,5000.0,5812,M_5812_00123
TX_00000545,CARD_000447,414720******4991,PROD_REWARDS_SIGNATURE,C4_SUBURBAN_FAMILY,2024-01-12T11:06:42.310472+00:00,1705057602.31,0100,000546,170505760246,A56645,00,00,102,59,05,Y,13,23.97,2397,USD,14484.28,17215.63069144186,5541,M_5541_00113
TX_00000546,CARD_000099,414720******6239,PROD_COMMERCIAL_FLEET,C6_SMALL_BUSINESS_OWNER,2024-01-12T11:08:43.704596+00:00,1705057723.7,0100,000547,170505772347,A57796,00,00,012,59,05,Y,5,140.26,14026,USD,3523.11,5000.0,5814,M_5814_00148
TX_00000547,CARD_000860,414720******9643,PROD_CLASSIC_REVOLVING,C2_FIXED_INCOME_SENIOR,2024-01-12T13:51:54.600984+00:00,1705067514.6,0100,000548,170506751448,A41814,00,00,051,00,,Y,49,123.68,12368,USD,3907.76,4210.89268478565,5411,M_5411_00015
TX_00000548,CARD_000963,414720******9404,PROD_COMMERCIAL_FLEET,C6_SMALL_BUSINESS_OWNER,2024-01-12T15:09:50.200815+00:00,1705072190.2,0100,000549,170507219049,A49488,00,00,012,59,05,Y,8,26.88,2688,USD,4410.31,5000.0,5411,M_5411_00025
TX_00000549,CARD_000963,414720******9404,PROD_COMMERCIAL_FLEET,C6_SMALL_BUSINESS_OWNER,2024-01-12T15:10:30.145371+00:00,1705072230.15,0100,000550,170507223050,A66933,00,00,051,00,,Y,20,12.89,1289,USD,4383.43,5000.0,5732,M_5732_00045
TX_00000550,CARD_000963,414720******9404,PROD_COMMERCIAL_FLEET,C6_SMALL_BUSINESS_OWNER,2024-01-12T15:15:53.195259+00:00,1705072553.2,0100,000551,170507255351,A78521,00,00,071,00,,Y,47,34.54,3454,USD,4370.54,5000.0,5732,M_5732_00045
TX_00000551,CARD_000963,414720******9404,PROD_COMMERCIAL_FLEET,C6_SMALL_BUSINESS_OWNER,2024-01-12T15:18:49.777081+00:00,1705072729.78,0100,000552,170507272952,A76438,00,00,051,00,,Y,16,105.83,10583,USD,4336.0,5000.0,5732,M_5732_00045
TX_00000552,CARD_000963,414720******9404,PROD_COMMERCIAL_FLEET,C6_SMALL_BUSINESS_OWNER,2024-01-12T15:22:18.464468+00:00,1705072938.46,0100,000553,170507293853,A19227,00,00,012,59,05,Y,3,31.76,3176,USD,4230.17,5000.0,5999,M_5999_00142
TX_00000553,CARD_000963,414720******9404,PROD_COMMERCIAL_FLEET,C6_SMALL_BUSINESS_OWNER,2024-01-12T15:23:26.899483+00:00,1705073006.9,0100,000554,170507300654,A90549,00,00,012,59,05,Y,14,40.65,4065,USD,4198.41,5000.0,5814,M_5814_00066
TX_00000554,CARD_000963,414720******9404,PROD_COMMERCIAL_FLEET,C6_SMALL_BUSINESS_OWNER,2024-01-12T15:23:53.636653+00:00,1705073033.64,0100,000555,170507303355,A32561,00,00,071,00,,Y,31,52.3,5230,USD,4157.76,5000.0,5732,M_5732_00045
TX_00000555,CARD_000963,414720******9404,PROD_COMMERCIAL_FLEET,C6_SMALL_BUSINESS_OWNER,2024-01-12T15:27:49.388150+00:00,1705073269.39,0100,000556,170507326956,A75706,00,00,012,59,05,Y,4,59.95,5995,USD,4105.46,5000.0,5311,M_5311_00116
TX_00000556,CARD_000963,414720******9404,PROD_COMMERCIAL_FLEET,C6_SMALL_BUSINESS_OWNER,2024-01-12T15:29:09.079164+00:00,1705073349.08,0100,000557,170507334957,,65,65,012,59,07,N,28,38.7,3870,USD,4045.51,5000.0,5812,M_5812_00021
TX_00000557,CARD_000280,414720******2037,PROD_TOKENIZED_DPAN,C4_SUBURBAN_FAMILY,2024-01-12T18:07:31.440827+00:00,1705082851.44,0100,000558,170508285158,A54833,00,00,012,59,05,Y,17,8.9,890,USD,5000.0,5000.0,5812,M_5812_00145
TX_00000558,CARD_000703,414720******6472,PROD_TOKENIZED_DPAN,C4_SUBURBAN_FAMILY,2024-01-12T18:27:09.686455+00:00,1705084029.69,0100,000559,170508402959,A68358,00,00,051,00,,Y,37,21.39,2139,USD,5000.0,5000.0,5812,M_5812_00076
TX_00000559,CARD_000703,414720******6472,PROD_TOKENIZED_DPAN,C4_SUBURBAN_FAMILY,2024-01-12T18:49:49.838645+00:00,1705085389.84,0100,000560,170508538960,A59566,00,00,012,59,05,Y,14,208.48,20848,USD,4978.61,5000.0,5411,M_5411_00051
TX_00000560,CARD_000703,414720******6472,PROD_TOKENIZED_DPAN,C4_SUBURBAN_FAMILY,2024-01-12T18:57:36.083809+00:00,1705085856.08,0100,000561,170508585661,A68235,00,00,102,59,05,Y,19,161.27,16127,USD,4770.14,5000.0,5541,M_5541_00143
TX_00000561,CARD_000090,414720******1539,PROD_CLASSIC_REVOLVING,C4_SUBURBAN_FAMILY,2024-01-12T19:06:24.910217+00:00,1705086384.91,0100,000562,170508638462,A81098,00,00,102,59,05,Y,49,61.57,6157,USD,2974.64,2974.635795358916,5411,M_5411_00027
TX_00000562,CARD_000703,414720******6472,PROD_TOKENIZED_DPAN,C4_SUBURBAN_FAMILY,2024-01-12T19:17:08.953123+00:00,1705087028.95,0100,000563,170508702863,A18980,00,00,102,59,05,Y,46,15.17,1517,USD,4608.87,5000.0,5999,M_5999_00031
TX_00000563,CARD_000703,414720******6472,PROD_TOKENIZED_DPAN,C4_SUBURBAN_FAMILY,2024-01-12T19:30:48.238819+00:00,1705087848.24,0100,000564,170508784864,A92241,00,00,051,00,,Y,2,47.72,4772,USD,4593.7,5000.0,5411,M_5411_00073
TX_00000564,CARD_000703,414720******6472,PROD_TOKENIZED_DPAN,C4_SUBURBAN_FAMILY,2024-01-12T19:46:19.957454+00:00,1705088779.96,0100,000565,170508877965,A17345,00,00,102,59,05,Y,1,29.97,2997,USD,4545.98,5000.0,6513,M_6513_00005
TX_00000565,CARD_000703,414720******6472,PROD_TOKENIZED_DPAN,C4_SUBURBAN_FAMILY,2024-01-12T20:04:17.734630+00:00,1705089857.73,0100,000566,170508985766,A64007,00,00,051,00,,Y,8,41.94,4194,USD,4516.0,5000.0,5812,M_5812_00096
TX_00000566,CARD_000634,414720******4389,PROD_TOKENIZED_DPAN,C5_URBAN_TECH_PROFESSIONAL,2024-01-12T20:12:30.255829+00:00,1705090350.26,0100,000567,170509035067,A91817,00,00,071,00,,Y,3,20.51,2051,USD,4269.15,5000.0,5812,M_5812_00021
TX_00000567,CARD_000703,414720******6472,PROD_TOKENIZED_DPAN,C4_SUBURBAN_FAMILY,2024-01-12T20:16:48.545409+00:00,1705090608.55,0100,000568,170509060868,A83448,00,00,071,00,,Y,14,41.6,4160,USD,4474.06,5000.0,5812,M_5812_00096
TX_00000568,CARD_000634,414720******4389,PROD_TOKENIZED_DPAN,C5_URBAN_TECH_PROFESSIONAL,2024-01-12T20:22:32.795585+00:00,1705090952.8,0100,000569,170509095269,A71335,00,00,012,59,05,Y,5,36.62,3662,USD,4248.64,5000.0,5814,M_5814_00037
TX_00000569,CARD_000634,414720******4389,PROD_TOKENIZED_DPAN,C5_URBAN_TECH_PROFESSIONAL,2024-01-12T20:39:27.442947+00:00,1705091967.44,0100,000570,170509196770,A70461,00,00,071,00,,Y,41,8.54,854,USD,4212.02,5000.0,5311,M_5311_00020
TX_00000570,CARD_000634,414720******4389,PROD_TOKENIZED_DPAN,C5_URBAN_TECH_PROFESSIONAL,2024-01-12T20:57:19.117849+00:00,1705093039.12,0100,000571,170509303971,A22466,00,00,071,00,,Y,9,43.54,4354,USD,4203.48,5000.0,5311,M_5311_00020
TX_00000571,CARD_000634,414720******4389,PROD_TOKENIZED_DPAN,C5_URBAN_TECH_PROFESSIONAL,2024-01-12T21:02:12.625616+00:00,1705093332.63,0100,000572,170509333272,A88255,00,00,102,59,05,Y,6,22.72,2272,USD,4159.94,5000.0,5814,M_5814_00066
TX_00000572,CARD_000407,414720******9023,PROD_REWARDS_SIGNATURE,C4_SUBURBAN_FAMILY,2024-01-12T21:40:25.504779+00:00,1705095625.5,0100,000573,170509562573,A17382,00,00,051,00,,Y,27,14.22,1422,USD,15677.72,15677.716668431825,5812,M_5812_00021
TX_00000573,CARD_000297,414720******2159,PROD_COMMERCIAL_FLEET,C6_SMALL_BUSINESS_OWNER,2024-01-13T02:09:08.920801+00:00,1705111748.92,0100,000574,170511174874,A74920,00,00,012,59,05,Y,44,0.86,86,USD,5000.0,5000.0,5411,M_5411_00028
TX_00000574,CARD_000298,414720******2431,PROD_TOKENIZED_DPAN,C5_URBAN_TECH_PROFESSIONAL,2024-01-13T08:40:51.660591+00:00,1705135251.66,0100,000575,170513525175,A95168,00,00,102,59,05,Y,14,25.31,2531,USD,5000.0,5000.0,5812,M_5812_00046
TX_00000575,CARD_000298,414720******2431,PROD_TOKENIZED_DPAN,C5_URBAN_TECH_PROFESSIONAL,2024-01-13T08:42:13.696037+00:00,1705135333.7,0100,000576,170513533376,A41357,00,00,051,00,,Y,28,29.37,2937,USD,4974.69,5000.0,5812,M_5812_00081
TX_00000576,CARD_000298,414720******2431,PROD_TOKENIZED_DPAN,C5_URBAN_TECH_PROFESSIONAL,2024-01-13T09:01:24.263325+00:00,1705136484.26,0100,000577,170513648477,A20932,00,00,071,00,,Y,47,65.11,6511,USD,4945.32,5000.0,5812,M_5812_00081
TX_00000577,CARD_000298,414720******2431,PROD_TOKENIZED_DPAN,C5_URBAN_TECH_PROFESSIONAL,2024-01-13T09:10:24.940577+00:00,1705137024.94,0100,000578,170513702478,A24353,00,00,071,00,,Y,22,34.48,3448,USD,4880.21,5000.0,5812,M_5812_00081
TX_00000578,CARD_000086,414720******3961,PROD_REWARDS_SIGNATURE,C4_SUBURBAN_FAMILY,2024-01-13T09:15:35.673722+00:00,1705137335.67,0100,000579,170513733579,A57240,00,00,012,59,05,Y,28,37.36,3736,USD,14374.53,14374.532198941994,5411,M_5411_00127
TX_00000579,CARD_000086,414720******3961,PROD_REWARDS_SIGNATURE,C4_SUBURBAN_FAMILY,2024-01-13T09:20:45.086507+00:00,1705137645.09,0100,000580,170513764580,A21546,00,00,012,59,05,Y,33,148.7,14870,USD,14337.17,14374.532198941994,5812,M_5812_00021
TX_00000580,CARD_000298,414720******2431,PROD_TOKENIZED_DPAN,C5_URBAN_TECH_PROFESSIONAL,2024-01-13T09:25:00.500943+00:00,1705137900.5,0100,000581,170513790081,A46390,00,00,071,00,,Y,4,16.85,1685,USD,4845.73,5000.0,5812,M_5812_00081
TX_00000581,CARD_000086,414720******3961,PROD_REWARDS_SIGNATURE,C4_SUBURBAN_FAMILY,2024-01-13T09:25:55.127289+00:00,1705137955.13,0100,000582,170513795582,A39033,00,00,071,00,,Y,2,51.13,5113,USD,14188.47,14374.532198941994,5541,M_5541_00113
TX_00000582,CARD_000086,414720******3961,PROD_REWARDS_SIGNATURE,C4_SUBURBAN_FAMILY,2024-01-13T09:28:55.058708+00:00,1705138135.06,0100,000583,170513813583,,65,65,012,59,07,N,76,30.38,3038,USD,14137.35,14374.532198941994,5814,M_5814_00066
TX_00000583,CARD_000298,414720******2431,PROD_TOKENIZED_DPAN,C5_URBAN_TECH_PROFESSIONAL,2024-01-13T09:53:21.785414+00:00,1705139601.79,0100,000584,170513960184,A84927,00,00,012,59,05,Y,31,19.22,1922,USD,4828.88,5000.0,5411,M_5411_00050
TX_00000584,CARD_000298,414720******2431,PROD_TOKENIZED_DPAN,C5_URBAN_TECH_PROFESSIONAL,2024-01-13T10:09:14.486150+00:00,1705140554.49,0100,000585,170514055485,A41373,00,00,012,59,05,Y,7,18.44,1844,USD,4809.65,5000.0,5411,M_5411_00084
TX_00000585,CARD_000298,414720******2431,PROD_TOKENIZED_DPAN,C5_URBAN_TECH_PROFESSIONAL,2024-01-13T10:27:33.004340+00:00,1705141653.0,0100,000586,170514165386,A31712,00,00,071,00,,Y,55,48.37,4837,USD,4791.22,5000.0,5814,M_5814_00066
TX_00000586,CARD_000298,414720******2431,PROD_TOKENIZED_DPAN,C5_URBAN_TECH_PROFESSIONAL,2024-01-13T10:41:13.613302+00:00,1705142473.61,0100,000587,170514247387,A17265,00,00,012,59,05,Y,23,84.18,8418,USD,4742.85,5000.0,5812,M_5812_00021
TX_00000587,CARD_000298,414720******2431,PROD_TOKENIZED_DPAN,C5_URBAN_TECH_PROFESSIONAL,2024-01-13T11:03:25.869758+00:00,1705143805.87,0100,000588,170514380588,A46922,00,00,071,00,,Y,44,60.18,6018,USD,4658.67,5000.0,5814,M_5814_00066
TX_00000588,CARD_000298,414720******2431,PROD_TOKENIZED_DPAN,C5_URBAN_TECH_PROFESSIONAL,2024-01-13T11:26:27.385747+00:00,1705145187.39,0100,000589,170514518789,A77695,00,00,102,59,05,Y,2,24.57,2457,USD,4598.49,5000.0,6513,M_6513_00022
TX_00000589,CARD_000657,414720******1356,PROD_TOKENIZED_DPAN,C4_SUBURBAN_FAMILY,2024-01-13T11:47:17.383824+00:00,1705146437.38,0100,000590,170514643790,A78234,00,00,012,59,05,Y,11,34.19,3419,USD,5000.0,5000.0,5411,M_5411_00015
TX_00000590,CARD_000641,414720******4149,PROD_CLASSIC_REVOLVING,C4_SUBURBAN_FAMILY,2024-01-13T11:49:05.177481+00:00,1705146545.18,0100,000591,170514654591,A17314,00,00,051,00,,Y,17,58.28,5828,USD,3512.0,3556.999378743001,5541,M_5541_00057
TX_00000591,CARD_000641,414720******4149,PROD_CLASSIC_REVOLVING,C4_SUBURBAN_FAMILY,2024-01-13T11:52:32.198223+00:00,1705146752.2,0100,000592,170514675292,A47297,00,00,051,00,,Y,8,174.37,17437,USD,3453.71,3556.999378743001,5541,M_5541_00057
TX_00000592,CARD_000384,414720******6052,PROD_ULTRA_PREMIUM_INFINITE,C7_LUXURY_AFFLUENT,2024-01-13T11:55:26.885530+00:00,1705146926.89,0100,000593,170514692693,A49997,00,00,051,00,,Y,3,761.41,76141,USD,63983.48,63983.47671302411,5912,M_5912_00086
TX_00000593,CARD_000384,414720******6052,PROD_ULTRA_PREMIUM_INFINITE,C7_LUXURY_AFFLUENT,2024-01-13T12:02:31.963679+00:00,1705147351.96,0100,000594,170514735194,A34799,00,00,051,00,,Y,12,258.97,25897,USD,63222.07,63983.47671302411,5912,M_5912_00086
TX_00000594,CARD_000641,414720******4149,PROD_CLASSIC_REVOLVING,C4_SUBURBAN_FAMILY,2024-01-13T12:16:56.822652+00:00,1705148216.82,0100,000595,170514821695,A65897,00,00,012,59,05,Y,3,45.12,4512,USD,3279.35,3556.999378743001,5812,M_5812_00021
TX_00000595,CARD_000384,414720******6052,PROD_ULTRA_PREMIUM_INFINITE,C7_LUXURY_AFFLUENT,2024-01-13T12:23:46.037216+00:00,1705148626.04,0100,000596,170514862696,A88605,00,00,051,00,,Y,16,42.12,4212,USD,62963.1,63983.47671302411,5912,M_5912_00086
TX_00000596,CARD_000641,414720******4149,PROD_CLASSIC_REVOLVING,C4_SUBURBAN_FAMILY,2024-01-13T12:35:21.035537+00:00,1705149321.04,0100,000597,170514932197,A44427,00,00,071,00,,Y,27,45.16,4516,USD,3234.23,3556.999378743001,5812,M_5812_00102
TX_00000597,CARD_000959,414720******8443,PROD_TOKENIZED_DPAN,C5_URBAN_TECH_PROFESSIONAL,2024-01-13T12:54:51.060606+00:00,1705150491.06,0100,000598,170515049198,A54844,00,00,051,00,,Y,3,37.53,3753,USD,5000.0,5000.0,5812,M_5812_00107
TX_00000598,CARD_000959,414720******8443,PROD_TOKENIZED_DPAN,C5_URBAN_TECH_PROFESSIONAL,2024-01-13T12:58:20.863320+00:00,1705150700.86,0100,000599,170515070099,A78261,00,00,102,59,05,Y,1,60.59,6059,USD,4962.47,5000.0,5814,M_5814_00066
TX_00000599,CARD_000959,414720******8443,PROD_TOKENIZED_DPAN,C5_URBAN_TECH_PROFESSIONAL,2024-01-13T13:04:37.356128+00:00,1705151077.36,0100,000600,170515107700,A97492,00,00,012,59,05,Y,18,20.63,2063,USD,4901.88,5000.0,5411,M_5411_00127
TX_00000600,CARD_000264,414720******4599,PROD_ULTRA_PREMIUM_INFINITE,C7_LUXURY_AFFLUENT,2024-01-13T13:10:29.863138+00:00,1705151429.86,0100,000601,170515142901,A10373,00,00,071,00,,Y,5,436.74,43674,USD,90127.69,90127.68682901561,5812,M_5812_00112
TX_00000601,CARD_000264,414720******4599,PROD_ULTRA_PREMIUM_INFINITE,C7_LUXURY_AFFLUENT,2024-01-13T13:15:10.577556+00:00,1705151710.58,0100,000602,170515171002,A77321,00,00,012,59,05,Y,13,59.54,5954,USD,89690.95,90127.68682901561,5814,M_5814_00066
TX_00000602,CARD_000264,414720******4599,PROD_ULTRA_PREMIUM_INFINITE,C7_LUXURY_AFFLUENT,2024-01-13T13:22:58.812419+00:00,1705152178.81,0100,000603,170515217803,A67566,00,00,071,00,,Y,16,54.15,5415,USD,89631.41,90127.68682901561,5812,M_5812_00112
TX_00000603,CARD_000264,414720******4599,PROD_ULTRA_PREMIUM_INFINITE,C7_LUXURY_AFFLUENT,2024-01-13T13:25:30.508863+00:00,1705152330.51,0100,000604,170515233004,A73308,00,00,051,00,,Y,40,615.84,61584,USD,89577.26,90127.68682901561,5812,M_5812_00112
TX_00000604,CARD_000264,414720******4599,PROD_ULTRA_PREMIUM_INFINITE,C7_LUXURY_AFFLUENT,2024-01-13T13:28:43.437565+00:00,1705152523.44,0100,000605,170515252305,A67380,00,00,051,00,,Y,23,678.2,67820,USD,88961.42,90127.68682901561,5812,M_5812_00112
TX_00000605,CARD_000264,414720******4599,PROD_ULTRA_PREMIUM_INFINITE,C7_LUXURY_AFFLUENT,2024-01-13T13:37:30.925492+00:00,1705153050.93,0100,000606,170515305006,A96119,00,00,051,00,,Y,29,820.18,82018,USD,88283.21,90127.68682901561,5812,M_5812_00112
TX_00000606,CARD_000517,414720******5830,PROD_CHECKING_DEBIT,C2_FIXED_INCOME_SENIOR,2024-01-13T16:21:17.395962+00:00,1705162877.4,0100,000607,170516287707,A74879,00,00,051,00,,Y,33,16.06,1606,USD,7303.92,9488.02597177508,5311,M_5311_00116
TX_00000607,CARD_000541,414720******8402,PROD_CLASSIC_REVOLVING,C4_SUBURBAN_FAMILY,2024-01-13T16:42:40.904970+00:00,1705164160.9,0100,000608,170516416008,A37155,00,00,012,59,05,Y,9,37.26,3726,USD,1661.71,1880.6790989755546,5411,M_5411_00015
TX_00000608,CARD_000541,414720******8402,PROD_CLASSIC_REVOLVING,C4_SUBURBAN_FAMILY,2024-01-13T16:45:29.632464+00:00,1705164329.63,0100,000609,170516432909,A79867,00,00,012,59,05,Y,51,31.12,3112,USD,1624.45,1880.6790989755546,5999,M_5999_00142
TX_00000609,CARD_000541,414720******8402,PROD_CLASSIC_REVOLVING,C4_SUBURBAN_FAMILY,2024-01-13T16:52:07.402215+00:00,1705164727.4,0100,000610,170516472710,A60585,00,00,012,59,05,Y,16,45.19,4519,USD,1593.33,1880.6790989755546,5912,M_5912_00086
TX_00000610,CARD_000541,414720******8402,PROD_CLASSIC_REVOLVING,C4_SUBURBAN_FAMILY,2024-01-13T16:53:45.657180+00:00,1705164825.66,0100,000611,170516482511,A65448,00,00,012,59,05,Y,26,43.92,4392,USD,1548.14,1880.6790989755546,5411,M_5411_00124
TX_00000611,CARD_000541,414720******8402,PROD_CLASSIC_REVOLVING,C4_SUBURBAN_FAMILY,2024-01-13T16:56:41.597629+00:00,1705165001.6,0100,000612,170516500112,A10611,00,00,071,00,,Y,30,19.83,1983,USD,1504.23,1880.6790989755546,5411,M_5411_00088
TX_00000612,CARD_000541,414720******8402,PROD_CLASSIC_REVOLVING,C4_SUBURBAN_FAMILY,2024-01-13T16:58:45.790026+00:00,1705165125.79,0100,000613,170516512513,A71100,00,00,071,00,,Y,30,35.76,3576,USD,1484.39,1880.6790989755546,5411,M_5411_00088
TX_00000613,CARD_000541,414720******8402,PROD_CLASSIC_REVOLVING,C4_SUBURBAN_FAMILY,2024-01-13T17:03:08.232990+00:00,1705165388.23,0100,000614,170516538814,A36378,00,00,071,00,,Y,13,31.42,3142,USD,1448.63,1880.6790989755546,5411,M_5411_00088
TX_00000614,CARD_000541,414720******8402,PROD_CLASSIC_REVOLVING,C4_SUBURBAN_FAMILY,2024-01-13T17:30:33.522766+00:00,1705167033.52,0100,000615,170516703315,A43583,00,00,051,00,,Y,55,635.99,63599,USD,1417.22,1880.6790989755546,5812,M_5812_00067
TX_00000615,CARD_000393,414720******6792,PROD_COMMERCIAL_FLEET,C6_SMALL_BUSINESS_OWNER,2024-01-13T19:28:24.334656+00:00,1705174104.33,0100,000616,170517410416,A43075,00,00,051,00,,Y,13,705.48,70548,USD,4412.57,5000.0,5541,M_5541_00057
TX_00000616,CARD_000393,414720******6792,PROD_COMMERCIAL_FLEET,C6_SMALL_BUSINESS_OWNER,2024-01-13T19:44:00.048383+00:00,1705175040.05,0100,000617,170517504017,A52544,00,00,012,59,05,Y,11,33.53,3353,USD,3707.08,5000.0,5912,M_5912_00091
TX_00000617,CARD_000805,414720******1666,PROD_CLASSIC_REVOLVING,C4_SUBURBAN_FAMILY,2024-01-13T19:56:31.120054+00:00,1705175791.12,0100,000618,170517579118,A11147,00,00,051,00,,Y,0,193.71,19371,USD,1138.39,1616.1406568047173,5812,M_5812_00021
TX_00000618,CARD_000393,414720******6792,PROD_COMMERCIAL_FLEET,C6_SMALL_BUSINESS_OWNER,2024-01-13T20:09:14.499728+00:00,1705176554.5,0100,000619,170517655419,A70594,00,00,012,59,05,Y,20,58.73,5873,USD,3673.55,5000.0,4816,M_4816_00011
TX_00000619,CARD_000393,414720******6792,PROD_COMMERCIAL_FLEET,C6_SMALL_BUSINESS_OWNER,2024-01-13T20:18:13.958709+00:00,1705177093.96,0100,000620,170517709320,A59521,00,00,071,00,,Y,36,63.64,6364,USD,3614.82,5000.0,5814,M_5814_00066
TX_00000620,CARD_000393,414720******6792,PROD_COMMERCIAL_FLEET,C6_SMALL_BUSINESS_OWNER,2024-01-13T20:48:13.958709+00:00,1705178893.96,0100,000621,170517889321,A20560,00,00,071,00,,Y,18,107.54,10754,USD,3551.18,5000.0,5999,M_5999_00142
TX_00000621,CARD_000364,414720******6853,PROD_REWARDS_SIGNATURE,C6_SMALL_BUSINESS_OWNER,2024-01-13T20:48:55.289690+00:00,1705178935.29,0100,000622,170517893522,A55221,00,00,071,00,,Y,45,36.25,3625,USD,11955.61,11955.60660840079,5411,M_5411_00068
TX_00000622,CARD_000393,414720******6792,PROD_COMMERCIAL_FLEET,C6_SMALL_BUSINESS_OWNER,2024-01-13T20:51:31.558455+00:00,1705179091.56,0100,000623,170517909123,A59732,00,00,012,59,05,Y,24,111.45,11145,USD,3443.64,5000.0,5411,M_5411_00051
TX_00000623,CARD_000364,414720******6853,PROD_REWARDS_SIGNATURE,C6_SMALL_BUSINESS_OWNER,2024-01-13T20:51:45.027188+00:00,1705179105.03,0100,000624,170517910524,A31830,00,00,051,00,,Y,33,170.33,17033,USD,11919.35,11955.60660840079,5411,M_5411_00068
TX_00000624,CARD_000393,414720******6792,PROD_COMMERCIAL_FLEET,C6_SMALL_BUSINESS_OWNER,2024-01-13T20:54:19.150360+00:00,1705179259.15,0100,000625,170517925925,,63,63,012,59,07,N,24,76.23,7623,USD,3332.19,5000.0,5944,M_5944_00002
TX_00000625,CARD_000364,414720******6853,PROD_REWARDS_SIGNATURE,C6_SMALL_BUSINESS_OWNER,2024-01-13T20:54:28.967303+00:00,1705179268.97,0100,000626,170517926826,A84116,00,00,012,59,05,Y,22,31.32,3132,USD,11749.02,11955.60660840079,5812,M_5812_00112
TX_00000626,CARD_000393,414720******6792,PROD_COMMERCIAL_FLEET,C6_SMALL_BUSINESS_OWNER,2024-01-13T20:55:56.871392+00:00,1705179356.87,0100,000627,170517935627,,63,63,012,59,07,N,4,165.39,16539,USD,3332.19,5000.0,5812,M_5812_00021
TX_00000627,CARD_000364,414720******6853,PROD_REWARDS_SIGNATURE,C6_SMALL_BUSINESS_OWNER,2024-01-13T20:57:10.417394+00:00,1705179430.42,0100,000628,170517943028,A10861,00,00,102,59,05,Y,17,99.57,9957,USD,11717.7,11955.60660840079,5541,M_5541_00129
TX_00000628,CARD_000364,414720******6853,PROD_REWARDS_SIGNATURE,C6_SMALL_BUSINESS_OWNER,2024-01-13T20:58:06.482434+00:00,1705179486.48,0100,000629,170517948629,A10462,00,00,012,59,05,Y,45,54.38,5438,USD,11618.13,11955.60660840079,5812,M_5812_00021
TX_00000629,CARD_000898,414720******7310,PROD_TOKENIZED_DPAN,C3_YOUNG_ADULT_STUDENT,2024-01-13T21:04:22.840057+00:00,1705179862.84,0100,000630,170517986230,A98269,00,00,102,59,05,Y,2,8.62,862,USD,4732.06,5000.0,6513,M_6513_00022
TX_00000630,CARD_000520,414720******9371,PROD_TOKENIZED_DPAN,C3_YOUNG_ADULT_STUDENT,2024-01-13T21:14:04.283441+00:00,1705180444.28,0100,000631,170518044431,A50567,00,00,012,59,05,Y,15,32.01,3201,USD,5000.0,5000.0,5812,M_5812_00021
TX_00000631,CARD_000520,414720******9371,PROD_TOKENIZED_DPAN,C3_YOUNG_ADULT_STUDENT,2024-01-13T21:16:09.102758+00:00,1705180569.1,0100,000632,170518056932,A72019,00,00,012,59,05,Y,25,29.38,2938,USD,4967.99,5000.0,5812,M_5812_00021
TX_00000632,CARD_000600,414720******2476,PROD_TOKENIZED_DPAN,C5_URBAN_TECH_PROFESSIONAL,2024-01-13T23:26:19.452452+00:00,1705188379.45,0100,000633,170518837933,A87472,00,00,102,59,05,Y,12,37.01,3701,USD,5000.0,5000.0,5541,M_5541_00113
TX_00000633,CARD_000600,414720******2476,PROD_TOKENIZED_DPAN,C5_URBAN_TECH_PROFESSIONAL,2024-01-13T23:40:45.131094+00:00,1705189245.13,0100,000634,170518924534,A51978,00,00,102,59,05,Y,5,40.07,4007,USD,4962.99,5000.0,5732,M_5732_00045
TX_00000634,CARD_000600,414720******2476,PROD_TOKENIZED_DPAN,C5_URBAN_TECH_PROFESSIONAL,2024-01-13T23:42:24.049055+00:00,1705189344.05,0100,000635,170518934435,A93356,00,00,071,00,,Y,34,62.45,6245,USD,4922.92,5000.0,5542,M_5542_00060
TX_00000635,CARD_000404,414720******3459,PROD_CLASSIC_REVOLVING,C2_FIXED_INCOME_SENIOR,2024-01-14T07:40:27.827120+00:00,1705218027.83,0100,000636,170521802736,A15260,00,00,051,00,,Y,47,40.22,4022,USD,2405.4,2405.4045774763235,5812,M_5812_00145
TX_00000636,CARD_000826,414720******3728,PROD_CLASSIC_REVOLVING,C2_FIXED_INCOME_SENIOR,2024-01-14T07:45:43.037681+00:00,1705218343.04,0100,000637,170521834337,A84633,00,00,051,00,,Y,19,22.78,2278,USD,2402.56,2512.1003776253174,5999,M_5999_00142
TX_00000637,CARD_000404,414720******3459,PROD_CLASSIC_REVOLVING,C2_FIXED_INCOME_SENIOR,2024-01-14T07:45:53.725185+00:00,1705218353.73,0100,000638,170521835338,A37707,00,00,051,00,,Y,32,28.97,2897,USD,2365.18,2405.4045774763235,5812,M_5812_00145
TX_00000638,CARD_000458,414720******5123,PROD_REWARDS_SIGNATURE,C6_SMALL_BUSINESS_OWNER,2024-01-14T09:11:49.716680+00:00,1705223509.72,0100,000639,170522350939,A34174,00,00,012,59,05,Y,11,74.58,7458,USD,19660.88,19660.878187676513,5999,M_5999_00142
TX_00000639,CARD_000989,414720******6479,PROD_REWARDS_SIGNATURE,C4_SUBURBAN_FAMILY,2024-01-14T09:18:42.704573+00:00,1705223922.7,0100,000640,170522392240,A61922,00,00,102,59,05,Y,22,18.29,1829,USD,15582.23,15582.22607220478,5732,M_5732_00018
TX_00000640,CARD_000466,414720******9208,PROD_CHECKING_DEBIT,C3_YOUNG_ADULT_STUDENT,2024-01-14T09:32:04.677475+00:00,1705224724.68,0100,000641,170522472441,A82073,00,00,051,00,,Y,10,9.9,990,USD,4753.37,6394.117125827892,5999,M_5999_00142
TX_00000641,CARD_000418,414720******7748,PROD_REWARDS_SIGNATURE,C4_SUBURBAN_FAMILY,2024-01-14T09:40:14.537649+00:00,1705225214.54,0100,000642,170522521442,A99779,00,00,051,00,,Y,37,23.0,2300,USD,7983.23,7983.23228373942,5814,M_5814_00089
TX_00000642,CARD_000418,414720******7748,PROD_REWARDS_SIGNATURE,C4_SUBURBAN_FAMILY,2024-01-14T09:56:00.605422+00:00,1705226160.61,0100,000643,170522616043,A79639,00,00,051,00,,Y,8,46.27,4627,USD,7960.24,7983.23228373942,5814,M_5814_00089
TX_00000643,CARD_000418,414720******7748,PROD_REWARDS_SIGNATURE,C4_SUBURBAN_FAMILY,2024-01-14T10:21:09.716183+00:00,1705227669.72,0100,000644,170522766944,A77919,00,00,071,00,,Y,11,46.58,4658,USD,7913.97,7983.23228373942,5814,M_5814_00089
TX_00000644,CARD_000844,414720******7557,PROD_TOKENIZED_DPAN,C4_SUBURBAN_FAMILY,2024-01-14T10:28:16.782907+00:00,1705228096.78,0100,000645,170522809645,A84335,00,00,071,00,,Y,3,35.36,3536,USD,5000.0,5000.0,5812,M_5812_00021
TX_00000645,CARD_000844,414720******7557,PROD_TOKENIZED_DPAN,C4_SUBURBAN_FAMILY,2024-01-14T10:30:48.746988+00:00,1705228248.75,0100,000646,170522824846,A52935,00,00,051,00,,Y,20,53.87,5387,USD,4964.64,5000.0,5812,M_5812_00021
TX_00000646,CARD_000844,414720******7557,PROD_TOKENIZED_DPAN,C4_SUBURBAN_FAMILY,2024-01-14T10:43:24.112497+00:00,1705229004.11,0100,000647,170522900447,A50857,00,00,051,00,,Y,19,76.64,7664,USD,4910.78,5000.0,5812,M_5812_00021
TX_00000647,CARD_000844,414720******7557,PROD_TOKENIZED_DPAN,C4_SUBURBAN_FAMILY,2024-01-14T10:52:36.452274+00:00,1705229556.45,0100,000648,170522955648,A79786,00,00,071,00,,Y,15,67.75,6775,USD,4834.14,5000.0,5812,M_5812_00021
TX_00000648,CARD_000561,414720******6308,PROD_TOKENIZED_DPAN,C4_SUBURBAN_FAMILY,2024-01-14T11:11:19.991403+00:00,1705230679.99,0100,000649,170523067949,A42839,00,00,102,59,05,Y,11,57.89,5789,USD,4585.17,5000.0,5411,M_5411_00058
TX_00000649,CARD_000844,414720******7557,PROD_TOKENIZED_DPAN,C4_SUBURBAN_FAMILY,2024-01-14T11:11:34.580854+00:00,1705230694.58,0100,000650,170523069450,A10434,00,00,051,00,,Y,14,3.53,353,USD,4766.39,5000.0,5812,M_5812_00021
TX_00000650,CARD_000844,414720******7557,PROD_TOKENIZED_DPAN,C4_SUBURBAN_FAMILY,2024-01-14T11:29:58.433814+00:00,1705231798.43,0100,000651,170523179851,A41831,00,00,051,00,,Y,7,39.26,3926,USD,4762.86,5000.0,5812,M_5812_00021
TX_00000651,CARD_000844,414720******7557,PROD_TOKENIZED_DPAN,C4_SUBURBAN_FAMILY,2024-01-14T11:49:22.793226+00:00,1705232962.79,0100,000652,170523296252,A21043,00,00,051,00,,Y,17,71.1,7110,USD,4723.6,5000.0,5812,M_5812_00021
TX_00000652,CARD_000844,414720******7557,PROD_TOKENIZED_DPAN,C4_SUBURBAN_FAMILY,2024-01-14T12:09:21.364528+00:00,1705234161.36,0100,000653,170523416153,A99226,00,00,071,00,,Y,6,25.43,2543,USD,4652.5,5000.0,5814,M_5814_00148
TX_00000653,CARD_000844,414720******7557,PROD_TOKENIZED_DPAN,C4_SUBURBAN_FAMILY,2024-01-14T12:21:30.585874+00:00,1705234890.59,0100,000654,170523489054,A66645,00,00,071,00,,Y,16,12.26,1226,USD,4627.07,5000.0,5814,M_5814_00148
TX_00000654,CARD_000837,414720******9352,PROD_CLASSIC_REVOLVING,C2_FIXED_INCOME_SENIOR,2024-01-14T12:25:32.708227+00:00,1705235132.71,0100,000655,170523513255,A95046,00,00,051,00,,Y,21,15.99,1599,USD,1371.25,1433.6429968985237,5311,M_5311_00116
TX_00000655,CARD_000844,414720******7557,PROD_TOKENIZED_DPAN,C4_SUBURBAN_FAMILY,2024-01-14T12:40:03.601787+00:00,1705236003.6,0100,000656,170523600356,A86006,00,00,051,00,,Y,6,683.48,68348,USD,4614.81,5000.0,5814,M_5814_00148
TX_00000656,CARD_000844,414720******7557,PROD_TOKENIZED_DPAN,C4_SUBURBAN_FAMILY,2024-01-14T13:10:03.601787+00:00,1705237803.6,0100,000657,170523780357,A73600,00,00,012,59,05,Y,26,44.43,4443,USD,3931.33,5000.0,5812,M_5812_00021
TX_00000657,CARD_000362,414720******8552,PROD_COMMERCIAL_FLEET,C6_SMALL_BUSINESS_OWNER,2024-01-14T14:33:25.778067+00:00,1705242805.78,0100,000658,170524280558,A22447,00,00,012,59,05,Y,27,34.83,3483,USD,4577.12,5000.0,5812,M_5812_00033
TX_00000658,CARD_000362,414720******8552,PROD_COMMERCIAL_FLEET,C6_SMALL_BUSINESS_OWNER,2024-01-14T14:37:16.667684+00:00,1705243036.67,0100,000659,170524303659,A51977,00,00,051,00,,Y,34,2.63,263,USD,4542.29,5000.0,5812,M_5812_00021
TX_00000659,CARD_000362,414720******8552,PROD_COMMERCIAL_FLEET,C6_SMALL_BUSINESS_OWNER,2024-01-14T14:39:41.245772+00:00,1705243181.25,0100,000660,170524318160,A40232,00,00,051,00,,Y,21,3.04,304,USD,4539.66,5000.0,5812,M_5812_00021
TX_00000660,CARD_000362,414720******8552,PROD_COMMERCIAL_FLEET,C6_SMALL_BUSINESS_OWNER,2024-01-14T14:41:55.957056+00:00,1705243315.96,0100,000661,170524331561,A29557,00,00,012,59,05,Y,14,24.43,2443,USD,4536.62,5000.0,5311,M_5311_00116
TX_00000661,CARD_000362,414720******8552,PROD_COMMERCIAL_FLEET,C6_SMALL_BUSINESS_OWNER,2024-01-14T14:43:10.580427+00:00,1705243390.58,0100,000662,170524339062,A76654,00,00,012,59,05,Y,36,75.03,7503,USD,4512.19,5000.0,5311,M_5311_00138
TX_00000662,CARD_000362,414720******8552,PROD_COMMERCIAL_FLEET,C6_SMALL_BUSINESS_OWNER,2024-01-14T14:47:00.653852+00:00,1705243620.65,0100,000663,170524362063,A11917,00,00,051,00,,Y,12,243.59,24359,USD,4437.16,5000.0,5812,M_5812_00021
TX_00000663,CARD_000362,414720******8552,PROD_COMMERCIAL_FLEET,C6_SMALL_BUSINESS_OWNER,2024-01-14T14:52:53.126916+00:00,1705243973.13,0100,000664,170524397364,A87471,00,00,051,00,,Y,51,64.88,6488,USD,4193.57,5000.0,5812,M_5812_00021
TX_00000664,CARD_000362,414720******8552,PROD_COMMERCIAL_FLEET,C6_SMALL_BUSINESS_OWNER,2024-01-14T14:59:25.004140+00:00,1705244365.0,0100,000665,170524436565,A12782,00,00,012,59,05,Y,23,94.69,9469,USD,4128.69,5000.0,5812,M_5812_00021
TX_00000665,CARD_000362,414720******8552,PROD_COMMERCIAL_FLEET,C6_SMALL_BUSINESS_OWNER,2024-01-14T15:04:16.667160+00:00,1705244656.67,0100,000666,170524465666,A29844,00,00,071,00,,Y,37,35.66,3566,USD,4033.99,5000.0,5812,M_5812_00021
TX_00000666,CARD_000743,414720******6735,PROD_COMMERCIAL_FLEET,C6_SMALL_BUSINESS_OWNER,2024-01-14T16:42:49.204725+00:00,1705250569.2,0100,000667,170525056967,A74101,00,00,071,00,,Y,9,450.0,45000,USD,5000.0,5000.0,5812,M_5812_00021
TX_00000667,CARD_000205,414720******4006,PROD_CLASSIC_REVOLVING,C2_FIXED_INCOME_SENIOR,2024-01-14T17:35:06.089915+00:00,1705253706.09,0100,000668,170525370668,A96400,00,00,051,00,,Y,8,23.2,2320,USD,2697.14,2977.8170630574377,5411,M_5411_00114
TX_00000668,CARD_000205,414720******4006,PROD_CLASSIC_REVOLVING,C2_FIXED_INCOME_SENIOR,2024-01-14T17:47:52.032612+00:00,1705254472.03,0100,000669,170525447269,A40947,00,00,012,59,05,Y,4,23.03,2303,USD,2673.94,2977.8170630574377,4816,M_4816_00011
TX_00000669,CARD_000205,414720******4006,PROD_CLASSIC_REVOLVING,C2_FIXED_INCOME_SENIOR,2024-01-14T18:06:26.024852+00:00,1705255586.02,0100,000670,170525558670,A92309,00,00,102,59,05,Y,25,52.52,5252,USD,2650.92,2977.8170630574377,5311,M_5311_00063
TX_00000670,CARD_000744,414720******6126,PROD_REWARDS_SIGNATURE,C4_SUBURBAN_FAMILY,2024-01-14T18:31:52.142819+00:00,1705257112.14,0100,000671,170525711271,A91969,00,00,012,59,05,Y,11,214.49,21449,USD,12671.52,12671.515716250336,5411,M_5411_00051
TX_00000671,CARD_000857,414720******9103,PROD_COMMERCIAL_FLEET,C6_SMALL_BUSINESS_OWNER,2024-01-14T21:45:28.016160+00:00,1705268728.02,0100,000672,170526872872,A28815,00,00,012,59,05,Y,12,61.7,6170,USD,4216.05,5000.0,5812,M_5812_00093
TX_00000672,CARD_000857,414720******9103,PROD_COMMERCIAL_FLEET,C6_SMALL_BUSINESS_OWNER,2024-01-14T21:45:40.872615+00:00,1705268740.87,0100,000673,170526874073,A33279,00,00,012,59,05,Y,5,172.23,17223,USD,4154.35,5000.0,5812,M_5812_00021
TX_00000673,CARD_000219,414720******6717,PROD_TOKENIZED_DPAN,C4_SUBURBAN_FAMILY,2024-01-15T00:13:03.512915+00:00,1705277583.51,0100,000674,170527758374,A47754,00,00,012,59,05,Y,53,1.61,161,USD,4687.75,5000.0,5814,M_5814_00089
TX_00000674,CARD_000038,414720******9883,PROD_REWARDS_SIGNATURE,C5_URBAN_TECH_PROFESSIONAL,2024-01-15T00:41:17.273185+00:00,1705279277.27,0100,000675,170527927775,A34503,00,00,012,59,05,Y,1,56.74,5674,USD,7594.62,7594.619118761266,4816,M_4816_00011
TX_00000675,CARD_000037,414720******6168,PROD_CHECKING_DEBIT,C1_HOURLY_GIG_WORKER,2024-01-15T04:25:06.871671+00:00,1705292706.87,0100,000676,170529270676,A39278,00,00,012,59,05,Y,11,1224.02,122402,USD,8381.38,10234.050360718727,5814,M_5814_00066
TX_00000676,CARD_000403,414720******1596,PROD_TOKENIZED_DPAN,C3_YOUNG_ADULT_STUDENT,2024-01-15T06:11:40.692036+00:00,1705299100.69,0100,000677,170529910077,A93550,00,00,102,59,05,Y,4,10.94,1094,USD,5000.0,5000.0,5814,M_5814_00014
TX_00000677,CARD_000643,414720******7248,PROD_ULTRA_PREMIUM_INFINITE,C7_LUXURY_AFFLUENT,2024-01-15T06:20:20.490794+00:00,1705299620.49,0100,000678,170529962078,A29666,00,00,071,00,,Y,17,241.38,24138,USD,102116.41,102116.40500204687,5411,M_5411_00051
TX_00000678,CARD_000643,414720******7248,PROD_ULTRA_PREMIUM_INFINITE,C7_LUXURY_AFFLUENT,2024-01-15T06:25:19.167816+00:00,1705299919.17,0100,000679,170529991979,A46739,00,00,071,00,,Y,9,74.23,7423,USD,101875.03,102116.40500204687,5411,M_5411_00051
TX_00000679,CARD_000646,414720******6883,PROD_BNPL_SINGLE_USE_VIRTUAL,C3_YOUNG_ADULT_STUDENT,2024-01-15T07:25:10.326474+00:00,1705303510.33,0100,000680,170530351080,A27449,00,00,071,00,,Y,10,45.15,4515,USD,443.82,385.930461170582,5812,M_5812_00081
TX_00000680,CARD_000560,414720******4943,PROD_TOKENIZED_DPAN,C4_SUBURBAN_FAMILY,2024-01-15T08:50:42.867442+00:00,1705308642.87,0100,000681,170530864281,A73340,00,00,071,00,,Y,40,122.95,12295,USD,5000.0,5000.0,5812,M_5812_00021
TX_00000681,CARD_000287,414720******9845,PROD_SUBPRIME_SECURED,C1_HOURLY_GIG_WORKER,2024-01-15T09:17:56.071628+00:00,1705310276.07,0100,000682,170531027682,A76285,00,00,051,00,,Y,4,8.1,810,USD,396.29,447.39032892920306,5912,M_5912_00048
TX_00000682,CARD_000567,414720******7271,PROD_TOKENIZED_DPAN,C5_URBAN_TECH_PROFESSIONAL,2024-01-15T09:52:26.082531+00:00,1705312346.08,0100,000683,170531234683,A37030,00,00,102,59,05,Y,11,38.17,3817,USD,4975.87,5000.0,5814,M_5814_00066
TX_00000683,CARD_000567,414720******7271,PROD_TOKENIZED_DPAN,C5_URBAN_TECH_PROFESSIONAL,2024-01-15T10:00:00.673067+00:00,1705312800.67,0100,000684,170531280084,A78950,00,00,071,00,,Y,13,30.04,3004,USD,4937.69,5000.0,5411,M_5411_00058
TX_00000684,CARD_000567,414720******7271,PROD_TOKENIZED_DPAN,C5_URBAN_TECH_PROFESSIONAL,2024-01-15T10:18:47.855280+00:00,1705313927.86,0100,000685,170531392785,A84620,00,00,071,00,,Y,38,87.29,8729,USD,4907.66,5000.0,5812,M_5812_00102
TX_00000685,CARD_000567,414720******7271,PROD_TOKENIZED_DPAN,C5_URBAN_TECH_PROFESSIONAL,2024-01-15T10:34:11.640324+00:00,1705314851.64,0100,000686,170531485186,A61610,00,00,071,00,,Y,27,26.72,2672,USD,4820.36,5000.0,5812,M_5812_00076
TX_00000686,CARD_000745,414720******3109,PROD_CLASSIC_REVOLVING,C4_SUBURBAN_FAMILY,2024-01-15T10:42:49.031808+00:00,1705315369.03,0100,000687,170531536987,,82,82,012,59,05,Y,11,48.2,4820,USD,1557.26,1557.2558069026654,5812,M_5812_00021
TX_00000687,CARD_000567,414720******7271,PROD_TOKENIZED_DPAN,C5_URBAN_TECH_PROFESSIONAL,2024-01-15T11:04:11.640324+00:00,1705316651.64,0100,000688,170531665188,A44411,00,00,012,59,05,Y,39,67.43,6743,USD,4793.64,5000.0,5814,M_5814_00092
TX_00000688,CARD_000400,414720******6462,PROD_REWARDS_SIGNATURE,C4_SUBURBAN_FAMILY,2024-01-15T11:11:34.359811+00:00,1705317094.36,0100,000689,170531709489,A12590,00,00,051,00,,Y,0,59.67,5967,USD,22376.18,22376.17571736272,5812,M_5812_00145
TX_00000689,CARD_000633,414720******1230,PROD_TOKENIZED_DPAN,C3_YOUNG_ADULT_STUDENT,2024-01-15T11:21:33.652434+00:00,1705317693.65,0100,000690,170531769390,A57962,00,00,051,00,,Y,19,254.36,25436,USD,5000.0,5000.0,5812,M_5812_00021
TX_00000690,CARD_000567,414720******7271,PROD_TOKENIZED_DPAN,C5_URBAN_TECH_PROFESSIONAL,2024-01-15T11:23:31.146059+00:00,1705317811.15,0100,000691,170531781191,A44088,00,00,012,59,05,Y,61,7.2,720,USD,4726.22,5000.0,5812,M_5812_00081
TX_00000691,CARD_000567,414720******7271,PROD_TOKENIZED_DPAN,C5_URBAN_TECH_PROFESSIONAL,2024-01-15T11:34:12.603481+00:00,1705318452.6,0100,000692,170531845292,A60825,00,00,071,00,,Y,4,30.85,3085,USD,4719.02,5000.0,5999,M_5999_00142
TX_00000692,CARD_000074,414720******7066,PROD_CLASSIC_REVOLVING,C4_SUBURBAN_FAMILY,2024-01-15T11:36:29.762971+00:00,1705318589.76,0100,000693,170531858993,A49776,00,00,012,59,05,Y,7,70.42,7042,USD,2613.74,2820.7644306887423,5311,M_5311_00079
TX_00000693,CARD_000567,414720******7271,PROD_TOKENIZED_DPAN,C5_URBAN_TECH_PROFESSIONAL,2024-01-15T12:03:05.317531+00:00,1705320185.32,0100,000694,170532018594,A15486,00,00,071,00,,Y,32,142.02,14202,USD,4688.17,5000.0,5814,M_5814_00066
TX_00000694,CARD_000174,414720******9655,PROD_REWARDS_SIGNATURE,C4_SUBURBAN_FAMILY,2024-01-15T12:08:58.755912+00:00,1705320538.76,0100,000695,170532053895,A80840,00,00,051,00,,Y,24,276.08,27608,USD,7514.14,8570.183884460403,5812,M_5812_00021
TX_00000695,CARD_000567,414720******7271,PROD_TOKENIZED_DPAN,C5_URBAN_TECH_PROFESSIONAL,2024-01-15T12:18:31.791239+00:00,1705321111.79,0100,000696,170532111196,A26926,00,00,071,00,,Y,46,60.74,6074,USD,4546.15,5000.0,5999,M_5999_00031
TX_00000696,CARD_000174,414720******9655,PROD_REWARDS_SIGNATURE,C4_SUBURBAN_FAMILY,2024-01-15T12:21:15.916000+00:00,1705321275.92,0100,000697,170532127597,A32673,00,00,051,00,,Y,11,65.97,6597,USD,7238.05,8570.183884460403,5812,M_5812_00021
TX_00000697,CARD_000567,414720******7271,PROD_TOKENIZED_DPAN,C5_URBAN_TECH_PROFESSIONAL,2024-01-15T12:36:51.842030+00:00,1705322211.84,0100,000698,170532221198,A93701,00,00,071,00,,Y,32,44.9,4490,USD,4485.41,5000.0,5999,M_5999_00031
TX_00000698,CARD_000174,414720******9655,PROD_REWARDS_SIGNATURE,C4_SUBURBAN_FAMILY,2024-01-15T12:39:44.235327+00:00,1705322384.24,0100,000699,170532238499,A81812,00,00,051,00,,Y,26,40.59,4059,USD,7172.08,8570.183884460403,5812,M_5812_00021
TX_00000699,CARD_000174,414720******9655,PROD_REWARDS_SIGNATURE,C4_SUBURBAN_FAMILY,2024-01-15T12:50:33.827715+00:00,1705323033.83,0100,000700,170532303300,A41802,00,00,051,00,,Y,18,19.09,1909,USD,7131.49,8570.183884460403,5812,M_5812_00021
TX_00000700,CARD_000852,414720******2758,PROD_CLASSIC_REVOLVING,C4_SUBURBAN_FAMILY,2024-01-15T12:54:33.963774+00:00,1705323273.96,0100,000701,170532327301,A29722,00,00,071,00,,Y,16,34.13,3413,USD,3117.33,3117.3339841077695,5542,M_5542_00121
TX_00000701,CARD_000567,414720******7271,PROD_TOKENIZED_DPAN,C5_URBAN_TECH_PROFESSIONAL,2024-01-15T13:00:18.485566+00:00,1705323618.49,0100,000702,170532361802,A37332,00,00,051,00,,Y,23,21.26,2126,USD,4440.5,5000.0,5732,M_5732_00018
TX_00000702,CARD_000069,414720******6025,PROD_REWARDS_SIGNATURE,C6_SMALL_BUSINESS_OWNER,2024-01-15T13:07:09.363268+00:00,1705324029.36,0100,000703,170532402903,A64376,00,00,102,59,05,Y,16,54.84,5484,USD,9781.73,10873.006272156948,5812,M_5812_00102
TX_00000703,CARD_000993,414720******7455,PROD_GPR_PREPAID,C1_HOURLY_GIG_WORKER,2024-01-15T13:07:35.335519+00:00,1705324055.34,0100,000704,170532405504,A20001,00,00,051,00,,Y,43,18.68,1868,USD,2583.77,5000.0,5814,M_5814_00066
TX_00000704,CARD_000069,414720******6025,PROD_REWARDS_SIGNATURE,C6_SMALL_BUSINESS_OWNER,2024-01-15T13:09:58.654204+00:00,1705324198.65,0100,000705,170532419805,A84925,00,00,102,59,05,Y,34,83.75,8375,USD,9726.89,10873.006272156948,5411,M_5411_00098
TX_00000705,CARD_000174,414720******9655,PROD_REWARDS_SIGNATURE,C4_SUBURBAN_FAMILY,2024-01-15T13:10:31.120846+00:00,1705324231.12,0100,000706,170532423106,A50117,00,00,071,00,,Y,3,15.26,1526,USD,7112.4,8570.183884460403,5812,M_5812_00021
TX_00000706,CARD_000852,414720******2758,PROD_CLASSIC_REVOLVING,C4_SUBURBAN_FAMILY,2024-01-15T13:24:33.963774+00:00,1705325073.96,0100,000707,170532507307,A38028,00,00,071,00,,Y,29,30.71,3071,USD,3083.2,3117.3339841077695,5411,M_5411_00059
TX_00000707,CARD_000174,414720******9655,PROD_REWARDS_SIGNATURE,C4_SUBURBAN_FAMILY,2024-01-15T13:28:51.363543+00:00,1705325331.36,0100,000708,170532533108,A15943,00,00,051,00,,Y,17,12.02,1202,USD,7097.14,8570.183884460403,5812,M_5812_00021
TX_00000708,CARD_000993,414720******7455,PROD_GPR_PREPAID,C1_HOURLY_GIG_WORKER,2024-01-15T13:35:58.703224+00:00,1705325758.7,0100,000709,170532575809,A84215,00,00,012,59,05,Y,18,9.61,961,USD,2565.09,5000.0,5912,M_5912_00042
TX_00000709,CARD_000174,414720******9655,PROD_REWARDS_SIGNATURE,C4_SUBURBAN_FAMILY,2024-01-15T13:44:44.971084+00:00,1705326284.97,0100,000710,170532628410,A35829,00,00,071,00,,Y,24,54.43,5443,USD,7085.12,8570.183884460403,5812,M_5812_00021
TX_00000710,CARD_000993,414720******7455,PROD_GPR_PREPAID,C1_HOURLY_GIG_WORKER,2024-01-15T13:47:12.082623+00:00,1705326432.08,0100,000711,170532643211,A71496,00,00,051,00,,Y,35,28.83,2883,USD,2555.49,5000.0,5411,M_5411_00025
TX_00000711,CARD_000852,414720******2758,PROD_CLASSIC_REVOLVING,C4_SUBURBAN_FAMILY,2024-01-15T13:48:39.759456+00:00,1705326519.76,0100,000712,170532651912,A44009,00,00,012,59,05,Y,32,14.44,1444,USD,3052.49,3117.3339841077695,5411,M_5411_00097
TX_00000712,CARD_000852,414720******2758,PROD_CLASSIC_REVOLVING,C4_SUBURBAN_FAMILY,2024-01-15T14:05:29.833271+00:00,1705327529.83,0100,000713,170532752913,A56283,00,00,012,59,05,Y,46,45.25,4525,USD,3038.05,3117.3339841077695,5812,M_5812_00021
TX_00000713,CARD_000993,414720******7455,PROD_GPR_PREPAID,C1_HOURLY_GIG_WORKER,2024-01-15T14:06:11.734337+00:00,1705327571.73,0100,000714,170532757114,A89072,00,00,051,00,,Y,44,6.33,633,USD,2526.66,5000.0,5411,M_5411_00025
TX_00000714,CARD_000993,414720******7455,PROD_GPR_PREPAID,C1_HOURLY_GIG_WORKER,2024-01-15T14:21:42.416758+00:00,1705328502.42,0100,000715,170532850215,A98275,00,00,051,00,,Y,21,14.87,1487,USD,2520.34,5000.0,5411,M_5411_00025
TX_00000715,CARD_000852,414720******2758,PROD_CLASSIC_REVOLVING,C4_SUBURBAN_FAMILY,2024-01-15T14:30:38.609189+00:00,1705329038.61,0100,000716,170532903816,A91583,00,00,071,00,,Y,38,55.97,5597,USD,2992.8,3117.3339841077695,5999,M_5999_00142
TX_00000716,CARD_000993,414720******7455,PROD_GPR_PREPAID,C1_HOURLY_GIG_WORKER,2024-01-15T14:36:16.959190+00:00,1705329376.96,0100,000717,170532937617,A27066,00,00,051,00,,Y,6,14.29,1429,USD,2505.46,5000.0,5411,M_5411_00025
TX_00000717,CARD_000993,414720******7455,PROD_GPR_PREPAID,C1_HOURLY_GIG_WORKER,2024-01-15T14:47:13.884498+00:00,1705330033.88,0100,000718,170533003318,A69930,00,00,051,00,,Y,8,20.56,2056,USD,2491.17,5000.0,5411,M_5411_00025
TX_00000718,CARD_000852,414720******2758,PROD_CLASSIC_REVOLVING,C4_SUBURBAN_FAMILY,2024-01-15T14:53:37.644714+00:00,1705330417.64,0100,000719,170533041719,A16056,00,00,071,00,,Y,35,29.66,2966,USD,2936.83,3117.3339841077695,5999,M_5999_00142
TX_00000719,CARD_000993,414720******7455,PROD_GPR_PREPAID,C1_HOURLY_GIG_WORKER,2024-01-15T14:55:32.763854+00:00,1705330532.76,0100,000720,170533053220,A88345,00,00,071,00,,Y,33,16.53,1653,USD,2470.61,5000.0,5812,M_5812_00071
TX_00000720,CARD_000993,414720******7455,PROD_GPR_PREPAID,C1_HOURLY_GIG_WORKER,2024-01-15T14:58:55.898280+00:00,1705330735.9,0100,000721,170533073521,A34303,00,00,012,59,05,Y,19,27.41,2741,USD,2454.08,5000.0,5912,M_5912_00091
TX_00000721,CARD_000993,414720******7455,PROD_GPR_PREPAID,C1_HOURLY_GIG_WORKER,2024-01-15T15:10:04.220692+00:00,1705331404.22,0100,000722,170533140422,A47333,00,00,051,00,,Y,19,10.04,1004,USD,2426.66,5000.0,5812,M_5812_00071
TX_00000722,CARD_000167,414720******4950,PROD_TOKENIZED_DPAN,C4_SUBURBAN_FAMILY,2024-01-15T15:12:37.343868+00:00,1705331557.34,0100,000723,170533155723,A56220,00,00,012,59,05,Y,13,36.06,3606,USD,4064.74,5000.0,5999,M_5999_00142
TX_00000723,CARD_000852,414720******2758,PROD_CLASSIC_REVOLVING,C4_SUBURBAN_FAMILY,2024-01-15T15:19:55.116804+00:00,1705331995.12,0100,000724,170533199524,A95339,00,00,012,59,05,Y,34,11.33,1133,USD,2907.17,3117.3339841077695,5812,M_5812_00021
TX_00000724,CARD_000993,414720******7455,PROD_GPR_PREPAID,C1_HOURLY_GIG_WORKER,2024-01-15T15:22:02.599100+00:00,1705332122.6,0100,000725,170533212225,A57607,00,00,051,00,,Y,22,19.49,1949,USD,2416.62,5000.0,5812,M_5812_00071
TX_00000725,CARD_000852,414720******2758,PROD_CLASSIC_REVOLVING,C4_SUBURBAN_FAMILY,2024-01-15T15:25:32.970782+00:00,1705332332.97,0100,000726,170533233226,A29582,00,00,071,00,,Y,13,134.3,13430,USD,2895.84,3117.3339841077695,5411,M_5411_00097
TX_00000726,CARD_000167,414720******4950,PROD_TOKENIZED_DPAN,C4_SUBURBAN_FAMILY,2024-01-15T15:26:49.649163+00:00,1705332409.65,0100,000727,170533240927,A37118,00,00,051,00,,Y,33,250.0,25000,USD,4028.68,5000.0,5812,M_5812_00046
TX_00000727,CARD_000852,414720******2758,PROD_CLASSIC_REVOLVING,C4_SUBURBAN_FAMILY,2024-01-15T15:31:47.775521+00:00,1705332707.78,0100,000728,170533270728,A42815,00,00,071,00,,Y,32,180.28,18028,USD,2761.54,3117.3339841077695,5411,M_5411_00097
TX_00000728,CARD_000167,414720******4950,PROD_TOKENIZED_DPAN,C4_SUBURBAN_FAMILY,2024-01-15T15:37:15.115992+00:00,1705333035.12,0100,000729,170533303529,A18473,00,00,012,59,05,Y,9,41.76,4176,USD,3778.68,5000.0,5999,M_5999_00142
TX_00000729,CARD_000993,414720******7455,PROD_GPR_PREPAID,C1_HOURLY_GIG_WORKER,2024-01-15T15:40:21.679221+00:00,1705333221.68,0100,000730,170533322130,A65472,00,00,051,00,,Y,8,10.61,1061,USD,2397.12,5000.0,5812,M_5812_00071
TX_00000730,CARD_000167,414720******4950,PROD_TOKENIZED_DPAN,C4_SUBURBAN_FAMILY,2024-01-15T15:47:58.276644+00:00,1705333678.28,0100,000731,170533367831,,82,82,012,59,05,Y,38,90.0,9000,USD,3736.92,5000.0,5999,M_5999_00142
TX_00000731,CARD_000993,414720******7455,PROD_GPR_PREPAID,C1_HOURLY_GIG_WORKER,2024-01-15T16:05:45.771962+00:00,1705334745.77,0100,000732,170533474532,A91761,00,00,051,00,,Y,53,16.68,1668,USD,2386.52,5000.0,5814,M_5814_00140
TX_00000732,CARD_000993,414720******7455,PROD_GPR_PREPAID,C1_HOURLY_GIG_WORKER,2024-01-15T16:22:45.879459+00:00,1705335765.88,0100,000733,170533576533,A98127,00,00,071,00,,Y,11,32.75,3275,USD,2369.84,5000.0,5812,M_5812_00071
TX_00000733,CARD_000867,414720******7421,PROD_CHECKING_DEBIT,C2_FIXED_INCOME_SENIOR,2024-01-15T16:25:31.901825+00:00,1705335931.9,0100,000734,170533593134,A33572,00,00,051,00,,Y,15,55.61,5561,USD,2856.91,3140.414916276708,5812,M_5812_00145
TX_00000734,CARD_000625,414720******4766,PROD_BNPL_SINGLE_USE_VIRTUAL,C3_YOUNG_ADULT_STUDENT,2024-01-15T16:57:14.681289+00:00,1705337834.68,0100,000735,170533783435,A44605,00,00,051,00,,Y,11,12.78,1278,USD,626.54,561.4357442259774,5541,M_5541_00113
TX_00000735,CARD_000625,414720******4766,PROD_BNPL_SINGLE_USE_VIRTUAL,C3_YOUNG_ADULT_STUDENT,2024-01-15T17:02:36.315736+00:00,1705338156.32,0100,000736,170533815636,A33355,00,00,102,59,05,Y,20,32.67,3267,USD,613.76,561.4357442259774,6051,M_6051_00023
TX_00000736,CARD_000625,414720******4766,PROD_BNPL_SINGLE_USE_VIRTUAL,C3_YOUNG_ADULT_STUDENT,2024-01-15T17:05:51.681151+00:00,1705338351.68,0100,000737,170533835137,A80550,00,00,071,00,,Y,2,14.84,1484,USD,581.09,561.4357442259774,5541,M_5541_00113
TX_00000737,CARD_000625,414720******4766,PROD_BNPL_SINGLE_USE_VIRTUAL,C3_YOUNG_ADULT_STUDENT,2024-01-15T17:10:02.870339+00:00,1705338602.87,0100,000738,170533860238,A37733,00,00,071,00,,Y,11,26.8,2680,USD,566.25,561.4357442259774,5541,M_5541_00113
TX_00000738,CARD_000631,414720******7119,PROD_ULTRA_PREMIUM_INFINITE,C7_LUXURY_AFFLUENT,2024-01-15T17:14:26.331928+00:00,1705338866.33,0100,000739,170533886639,A70987,00,00,012,59,05,Y,6,78.91,7891,USD,50142.84,57909.811484667734,5812,M_5812_00021
TX_00000739,CARD_000631,414720******7119,PROD_ULTRA_PREMIUM_INFINITE,C7_LUXURY_AFFLUENT,2024-01-15T17:21:14.037175+00:00,1705339274.04,0100,000740,170533927440,A55297,00,00,071,00,,Y,23,1468.42,146842,USD,50063.93,57909.811484667734,5999,M_5999_00142
TX_00000740,CARD_000625,414720******4766,PROD_BNPL_SINGLE_USE_VIRTUAL,C3_YOUNG_ADULT_STUDENT,2024-01-15T17:22:41.641595+00:00,1705339361.64,0100,000741,170533936141,A50491,00,00,102,59,05,Y,10,16.98,1698,USD,539.45,561.4357442259774,5812,M_5812_00021
TX_00000741,CARD_000625,414720******4766,PROD_BNPL_SINGLE_USE_VIRTUAL,C3_YOUNG_ADULT_STUDENT,2024-01-15T17:35:57.749885+00:00,1705340157.75,0100,000742,170534015742,A87408,00,00,012,59,05,Y,16,23.42,2342,USD,522.47,561.4357442259774,5814,M_5814_00066
TX_00000742,CARD_000625,414720******4766,PROD_BNPL_SINGLE_USE_VIRTUAL,C3_YOUNG_ADULT_STUDENT,2024-01-15T17:42:51.509942+00:00,1705340571.51,0100,000743,170534057143,A46653,00,00,071,00,,Y,2,5.15,515,USD,499.05,561.4357442259774,5812,M_5812_00046
TX_00000743,CARD_000631,414720******7119,PROD_ULTRA_PREMIUM_INFINITE,C7_LUXURY_AFFLUENT,2024-01-15T17:43:10.740574+00:00,1705340590.74,0100,000744,170534059044,A33872,00,00,102,59,05,C,6,138.44,13844,USD,48595.5,57909.811484667734,5311,M_5311_00138
TX_00000744,CARD_000631,414720******7119,PROD_ULTRA_PREMIUM_INFINITE,C7_LUXURY_AFFLUENT,2024-01-15T17:49:16.274860+00:00,1705340956.27,0100,000745,170534095645,A67030,00,00,012,59,05,C,26,126.4,12640,USD,48457.06,57909.811484667734,5812,M_5812_00021
TX_00000745,CARD_000631,414720******7119,PROD_ULTRA_PREMIUM_INFINITE,C7_LUXURY_AFFLUENT,2024-01-15T18:19:16.274860+00:00,1705342756.27,0100,000746,170534275646,A42443,00,00,051,00,,Y,13,306.4,30640,USD,48330.67,57909.811484667734,5812,M_5812_00102
TX_00000746,CARD_000631,414720******7119,PROD_ULTRA_PREMIUM_INFINITE,C7_LUXURY_AFFLUENT,2024-01-15T18:47:16.549046+00:00,1705344436.55,0100,000747,170534443647,A67124,00,00,051,00,,Y,21,120.68,12068,USD,48024.27,57909.811484667734,5812,M_5812_00102
TX_00000747,CARD_000631,414720******7119,PROD_ULTRA_PREMIUM_INFINITE,C7_LUXURY_AFFLUENT,2024-01-15T18:51:04.763088+00:00,1705344664.76,0100,000748,170534466448,A81101,00,00,012,59,05,Y,32,76.31,7631,USD,47903.58,57909.811484667734,5912,M_5912_00048
TX_00000748,CARD_000240,414720******7047,PROD_CLASSIC_REVOLVING,C4_SUBURBAN_FAMILY,2024-01-15T18:59:19.423597+00:00,1705345159.42,0100,000749,170534515949,A32433,00,00,071,00,,Y,13,53.53,5353,USD,2416.21,2416.2063657130943,5814,M_5814_00066
TX_00000749,CARD_000240,414720******7047,PROD_CLASSIC_REVOLVING,C4_SUBURBAN_FAMILY,2024-01-15T19:09:59.027411+00:00,1705345799.03,0100,000750,170534579950,A33831,00,00,071,00,,Y,32,54.62,5462,USD,2362.67,2416.2063657130943,5814,M_5814_00066
TX_00000750,CARD_000240,414720******7047,PROD_CLASSIC_REVOLVING,C4_SUBURBAN_FAMILY,2024-01-15T19:12:37.196602+00:00,1705345957.2,0100,000751,170534595751,A11255,00,00,071,00,,Y,5,72.24,7224,USD,2308.05,2416.2063657130943,5814,M_5814_00066
TX_00000751,CARD_000240,414720******7047,PROD_CLASSIC_REVOLVING,C4_SUBURBAN_FAMILY,2024-01-15T19:31:12.713154+00:00,1705347072.71,0100,000752,170534707252,A74335,00,00,051,00,,Y,32,50.2,5020,USD,2235.81,2416.2063657130943,5814,M_5814_00066
TX_00000752,CARD_000240,414720******7047,PROD_CLASSIC_REVOLVING,C4_SUBURBAN_FAMILY,2024-01-15T19:51:21.159633+00:00,1705348281.16,0100,000753,170534828153,A67036,00,00,071,00,,Y,20,40.99,4099,USD,2185.61,2416.2063657130943,5814,M_5814_00147
TX_00000753,CARD_000240,414720******7047,PROD_CLASSIC_REVOLVING,C4_SUBURBAN_FAMILY,2024-01-15T20:17:32.853221+00:00,1705349852.85,0100,000754,170534985254,A80400,00,00,071,00,,Y,22,23.47,2347,USD,2144.62,2416.2063657130943,5814,M_5814_00147
TX_00000754,CARD_000204,414720******5852,PROD_COMMERCIAL_FLEET,C6_SMALL_BUSINESS_OWNER,2024-01-15T20:34:02.429739+00:00,1705350842.43,0100,000755,170535084255,A16730,00,00,102,59,05,Y,26,13.71,1371,USD,4934.71,5000.0,5732,M_5732_00013
TX_00000755,CARD_000240,414720******7047,PROD_CLASSIC_REVOLVING,C4_SUBURBAN_FAMILY,2024-01-15T20:34:07.770185+00:00,1705350847.77,0100,000756,170535084756,A79988,00,00,102,59,05,Y,24,76.38,7638,USD,2121.15,2416.2063657130943,5411,M_5411_00015
TX_00000756,CARD_000240,414720******7047,PROD_CLASSIC_REVOLVING,C4_SUBURBAN_FAMILY,2024-01-15T20:52:42.640332+00:00,1705351962.64,0100,000757,170535196257,A14985,00,00,071,00,,Y,10,164.58,16458,USD,2044.77,2416.2063657130943,5814,M_5814_00147
TX_00000757,CARD_000240,414720******7047,PROD_CLASSIC_REVOLVING,C4_SUBURBAN_FAMILY,2024-01-15T21:06:29.124234+00:00,1705352789.12,0100,000758,170535278958,A54540,00,00,051,00,,Y,16,76.44,7644,USD,1880.19,2416.2063657130943,5814,M_5814_00147
TX_00000758,CARD_000240,414720******7047,PROD_CLASSIC_REVOLVING,C4_SUBURBAN_FAMILY,2024-01-15T21:09:46.408339+00:00,1705352986.41,0100,000759,170535298659,A62077,00,00,071,00,,Y,13,40.43,4043,USD,1803.75,2416.2063657130943,5814,M_5814_00147
TX_00000759,CARD_000240,414720******7047,PROD_CLASSIC_REVOLVING,C4_SUBURBAN_FAMILY,2024-01-15T21:12:26.341720+00:00,1705353146.34,0100,000760,170535314660,A73687,00,00,012,59,05,Y,7,34.9,3490,USD,1763.32,2416.2063657130943,5411,M_5411_00050
TX_00000760,CARD_000214,414720******1937,PROD_ULTRA_PREMIUM_INFINITE,C5_URBAN_TECH_PROFESSIONAL,2024-01-15T21:32:08.509536+00:00,1705354328.51,0100,000761,170535432861,A89887,00,00,051,00,,Y,37,9.86,986,USD,50400.7,50400.70042223018,5999,M_5999_00142
TX_00000761,CARD_000671,414720******1219,PROD_TOKENIZED_DPAN,C5_URBAN_TECH_PROFESSIONAL,2024-01-15T21:33:39.009365+00:00,1705354419.01,0100,000762,170535441962,A67132,00,00,071,00,,Y,2,142.43,14243,USD,5000.0,5000.0,5814,M_5814_00092
TX_00000762,CARD_000214,414720******1937,PROD_ULTRA_PREMIUM_INFINITE,C5_URBAN_TECH_PROFESSIONAL,2024-01-15T21:36:41.974615+00:00,1705354601.97,0100,000763,170535460163,A25463,00,00,102,59,05,Y,34,100.77,10077,USD,50390.84,50400.70042223018,5411,M_5411_00015
TX_00000763,CARD_000013,414720******8188,PROD_COMMERCIAL_FLEET,C6_SMALL_BUSINESS_OWNER,2024-01-15T22:18:02.470640+00:00,1705357082.47,0100,000764,170535708264,A65838,00,00,012,59,05,Y,48,30.16,3016,USD,5000.0,5000.0,5812,M_5812_00021
TX_00000764,CARD_000013,414720******8188,PROD_COMMERCIAL_FLEET,C6_SMALL_BUSINESS_OWNER,2024-01-15T22:18:20.187406+00:00,1705357100.19,0100,000765,170535710065,A85483,00,00,102,59,05,Y,0,153.72,15372,USD,4969.84,5000.0,5814,M_5814_00066
TX_00000765,CARD_000013,414720******8188,PROD_COMMERCIAL_FLEET,C6_SMALL_BUSINESS_OWNER,2024-01-15T22:19:29.601363+00:00,1705357169.6,0100,000766,170535716966,A43286,00,00,051,00,,Y,19,50.25,5025,USD,4816.12,5000.0,5812,M_5812_00081
TX_00000766,CARD_000013,414720******8188,PROD_COMMERCIAL_FLEET,C6_SMALL_BUSINESS_OWNER,2024-01-15T22:24:42.098798+00:00,1705357482.1,0100,000767,170535748267,A35768,00,00,051,00,,Y,43,565.62,56562,USD,4765.86,5000.0,5812,M_5812_00081
TX_00000767,CARD_000013,414720******8188,PROD_COMMERCIAL_FLEET,C6_SMALL_BUSINESS_OWNER,2024-01-15T22:33:17.720315+00:00,1705357997.72,0100,000768,170535799768,A41073,00,00,051,00,,Y,39,423.17,42317,USD,4200.24,5000.0,5812,M_5812_00081
TX_00000768,CARD_000006,414720******1816,PROD_REWARDS_SIGNATURE,C4_SUBURBAN_FAMILY,2024-01-16T07:16:12.384139+00:00,1705389372.38,0100,000769,170538937269,A38805,00,00,071,00,,Y,36,56.32,5632,USD,12996.41,12996.408043325167,5541,M_5541_00064
TX_00000769,CARD_000131,414720******7046,PROD_CLASSIC_REVOLVING,C4_SUBURBAN_FAMILY,2024-01-16T07:56:36.849418+00:00,1705391796.85,0100,000770,170539179670,A30557,00,00,051,00,,Y,35,65.87,6587,USD,3570.05,3570.0531516548126,5542,M_5542_00060
TX_00000770,CARD_000809,414720******3622,PROD_CHECKING_DEBIT,C3_YOUNG_ADULT_STUDENT,2024-01-16T08:26:55.446130+00:00,1705393615.45,0100,000771,170539361571,A10837,00,00,071,00,,Y,20,7.41,741,USD,6668.9,8899.507819081893,5814,M_5814_00141
TX_00000771,CARD_000809,414720******3622,PROD_CHECKING_DEBIT,C3_YOUNG_ADULT_STUDENT,2024-01-16T08:29:48.090826+00:00,1705393788.09,0100,000772,170539378872,A62618,00,00,102,59,05,Y,39,31.74,3174,USD,6661.49,8899.507819081893,5812,M_5812_00145
TX_00000772,CARD_000809,414720******3622,PROD_CHECKING_DEBIT,C3_YOUNG_ADULT_STUDENT,2024-01-16T08:34:14.635224+00:00,1705394054.64,0100,000773,170539405473,A86028,00,00,012,59,05,Y,5,15.06,1506,USD,6629.75,8899.507819081893,5812,M_5812_00021
TX_00000773,CARD_000809,414720******3622,PROD_CHECKING_DEBIT,C3_YOUNG_ADULT_STUDENT,2024-01-16T08:35:01.555897+00:00,1705394101.56,0100,000774,170539410174,,65,65,102,59,07,N,31,10.92,1092,USD,6614.69,8899.507819081893,5311,M_5311_00006
TX_00000774,CARD_000300,414720******3485,PROD_BNPL_SINGLE_USE_VIRTUAL,C3_YOUNG_ADULT_STUDENT,2024-01-16T09:08:55.383828+00:00,1705396135.38,0100,000775,170539613575,A22877,00,00,051,00,,Y,2,9.03,903,USD,701.29,609.8132704428692,5814,M_5814_00034
TX_00000775,CARD_000300,414720******3485,PROD_BNPL_SINGLE_USE_VIRTUAL,C3_YOUNG_ADULT_STUDENT,2024-01-16T09:12:42.912812+00:00,1705396362.91,0100,000776,170539636276,A63637,00,00,071,00,,Y,47,13.62,1362,USD,692.26,609.8132704428692,5814,M_5814_00034
TX_00000776,CARD_000324,414720******4564,PROD_CHECKING_DEBIT,C3_YOUNG_ADULT_STUDENT,2024-01-16T09:40:55.985942+00:00,1705398055.99,0100,000777,170539805577,A78893,00,00,051,00,,Y,15,380.89,38089,USD,2347.87,1487.9811840246339,5812,M_5812_00021
TX_00000777,CARD_000324,414720******4564,PROD_CHECKING_DEBIT,C3_YOUNG_ADULT_STUDENT,2024-01-16T09:45:21.977674+00:00,1705398321.98,0100,000778,170539832178,A22263,00,00,051,00,,Y,11,423.52,42352,USD,1966.97,1487.9811840246339,5812,M_5812_00021
TX_00000778,CARD_000523,414720******4057,PROD_ULTRA_PREMIUM_INFINITE,C7_LUXURY_AFFLUENT,2024-01-16T11:04:54.624725+00:00,1705403094.62,0100,000779,170540309479,A48708,00,00,051,00,,Y,20,146.19,14619,USD,110245.01,110245.0148777868,5944,M_5944_00002
TX_00000779,CARD_000523,414720******4057,PROD_ULTRA_PREMIUM_INFINITE,C7_LUXURY_AFFLUENT,2024-01-16T11:08:33.942390+00:00,1705403313.94,0100,000780,170540331380,A74714,00,00,012,59,05,Y,59,92.5,9250,USD,110098.82,110245.0148777868,5311,M_5311_00104
TX_00000780,CARD_000654,414720******8051,PROD_CHECKING_DEBIT,C2_FIXED_INCOME_SENIOR,2024-01-16T11:32:53.635218+00:00,1705404773.64,0100,000781,170540477381,A68096,00,00,051,00,,Y,19,8.31,831,USD,5261.26,1350.2858695200819,5812,M_5812_00112
TX_00000781,CARD_000728,414720******5713,PROD_TOKENIZED_DPAN,C4_SUBURBAN_FAMILY,2024-01-16T13:05:34.721650+00:00,1705410334.72,0100,000782,170541033482,A72282,00,00,051,00,,Y,14,190.37,19037,USD,5000.0,5000.0,5812,M_5812_00093
TX_00000782,CARD_000728,414720******5713,PROD_TOKENIZED_DPAN,C4_SUBURBAN_FAMILY,2024-01-16T13:18:35.746164+00:00,1705411115.75,0100,000783,170541111583,A48014,00,00,051,00,,Y,23,34.77,3477,USD,4809.63,5000.0,5812,M_5812_00093
TX_00000783,CARD_000728,414720******5713,PROD_TOKENIZED_DPAN,C4_SUBURBAN_FAMILY,2024-01-16T13:36:22.878147+00:00,1705412182.88,0100,000784,170541218284,A49535,00,00,051,00,,Y,17,25.35,2535,USD,4774.86,5000.0,5812,M_5812_00093
TX_00000784,CARD_000504,414720******6276,PROD_CHECKING_DEBIT,C2_FIXED_INCOME_SENIOR,2024-01-16T13:48:37.514469+00:00,1705412917.51,0100,000785,170541291785,A86339,00,00,071,00,,Y,12,34.61,3461,USD,4236.36,5110.3490035615105,5812,M_5812_00021
TX_00000785,CARD_000462,414720******5909,PROD_CLASSIC_REVOLVING,C4_SUBURBAN_FAMILY,2024-01-16T15:40:06.878030+00:00,1705419606.88,0100,000786,170541960686,A49146,00,00,071,00,,Y,14,70.16,7016,USD,2457.24,2945.603668737761,5999,M_5999_00142
TX_00000786,CARD_000462,414720******5909,PROD_CLASSIC_REVOLVING,C4_SUBURBAN_FAMILY,2024-01-16T15:44:36.765426+00:00,1705419876.77,0100,000787,170541987687,A15476,00,00,051,00,,Y,24,48.5,4850,USD,2387.08,2945.603668737761,5999,M_5999_00142
TX_00000787,CARD_000186,414720******7343,PROD_TOKENIZED_DPAN,C5_URBAN_TECH_PROFESSIONAL,2024-01-16T15:46:27.918652+00:00,1705419987.92,0100,000788,170541998788,A28417,00,00,102,59,05,Y,12,40.2,4020,USD,5000.0,5000.0,5812,M_5812_00081
TX_00000788,CARD_000320,414720******7807,PROD_TOKENIZED_DPAN,C3_YOUNG_ADULT_STUDENT,2024-01-16T15:47:10.628342+00:00,1705420030.63,0100,000789,170542003089,A12803,00,00,051,00,,Y,29,14.44,1444,USD,4565.15,5000.0,5999,M_5999_00142
TX_00000789,CARD_000462,414720******5909,PROD_CLASSIC_REVOLVING,C4_SUBURBAN_FAMILY,2024-01-16T15:58:32.587470+00:00,1705420712.59,0100,000790,170542071290,A66377,00,00,051,00,,Y,4,18.95,1895,USD,2338.58,2945.603668737761,5999,M_5999_00142
TX_00000790,CARD_000462,414720******5909,PROD_CLASSIC_REVOLVING,C4_SUBURBAN_FAMILY,2024-01-16T16:05:25.079127+00:00,1705421125.08,0100,000791,170542112591,A20272,00,00,071,00,,Y,8,8.55,855,USD,2319.63,2945.603668737761,5999,M_5999_00142
TX_00000791,CARD_000186,414720******7343,PROD_TOKENIZED_DPAN,C5_URBAN_TECH_PROFESSIONAL,2024-01-16T16:12:07.330907+00:00,1705421527.33,0100,000792,170542152792,A88658,00,00,071,00,,Y,35,27.64,2764,USD,4959.8,5000.0,5812,M_5812_00046
TX_00000792,CARD_000772,414720******7025,PROD_TOKENIZED_DPAN,C4_SUBURBAN_FAMILY,2024-01-16T16:22:50.239180+00:00,1705422170.24,0100,000793,170542217093,A31244,00,00,071,00,,Y,20,85.59,8559,USD,5000.0,5000.0,5999,M_5999_00142
TX_00000793,CARD_000772,414720******7025,PROD_TOKENIZED_DPAN,C4_SUBURBAN_FAMILY,2024-01-16T16:39:51.431423+00:00,1705423191.43,0100,000794,170542319194,A72603,00,00,071,00,,Y,15,65.98,6598,USD,4914.41,5000.0,5999,M_5999_00142
TX_00000794,CARD_000772,414720******7025,PROD_TOKENIZED_DPAN,C4_SUBURBAN_FAMILY,2024-01-16T17:03:14.619884+00:00,1705424594.62,0100,000795,170542459495,A79502,00,00,071,00,,Y,48,122.5,12250,USD,4848.43,5000.0,5999,M_5999_00142
TX_00000795,CARD_000772,414720******7025,PROD_TOKENIZED_DPAN,C4_SUBURBAN_FAMILY,2024-01-16T17:15:55.091550+00:00,1705425355.09,0100,000796,170542535596,A92508,00,00,071,00,,Y,25,185.65,18565,USD,4725.93,5000.0,5999,M_5999_00142
TX_00000796,CARD_000527,414720******7644,PROD_CLASSIC_REVOLVING,C2_FIXED_INCOME_SENIOR,2024-01-16T18:24:35.046970+00:00,1705429475.05,0100,000797,170542947597,A55196,00,00,051,00,,Y,7,46.8,4680,USD,3653.35,3797.6426888690858,5411,M_5411_00149
TX_00000797,CARD_000235,414720******3457,PROD_CHECKING_DEBIT,C1_HOURLY_GIG_WORKER,2024-01-16T19:03:38.987390+00:00,1705431818.99,0100,000798,170543181898,A59847,00,00,051,00,,Y,1,24.4,2440,USD,5283.89,5282.839052471454,5912,M_5912_00117
TX_00000798,CARD_000949,414720******8050,PROD_REWARDS_SIGNATURE,C5_URBAN_TECH_PROFESSIONAL,2024-01-16T20:50:45.126407+00:00,1705438245.13,0100,000799,170543824599,A95808,00,00,071,00,,Y,26,24.56,2456,USD,12649.22,12649.221643442097,5812,M_5812_00021
TX_00000799,CARD_000949,414720******8050,PROD_REWARDS_SIGNATURE,C5_URBAN_TECH_PROFESSIONAL,2024-01-16T20:53:01.657693+00:00,1705438381.66,0100,000800,170543838100,A48730,00,00,102,59,05,Y,22,22.27,2227,USD,12624.66,12649.221643442097,5411,M_5411_00073
TX_00000800,CARD_000833,414720******8043,PROD_CLASSIC_REVOLVING,C4_SUBURBAN_FAMILY,2024-01-17T04:49:35.089041+00:00,1705466975.09,0100,000801,170546697501,,59,59,012,59,07,N,75,7.21,721,USD,1869.71,1988.2969032008211,5311,M_5311_00063
TX_00000801,CARD_000998,414720******7124,PROD_CLASSIC_REVOLVING,C2_FIXED_INCOME_SENIOR,2024-01-17T07:46:14.935270+00:00,1705477574.94,0100,000802,170547757402,A96328,00,00,051,00,,Y,4,86.51,8651,USD,1700.85,1935.5016161478788,5311,M_5311_00007
TX_00000802,CARD_000194,414720******3107,PROD_REWARDS_SIGNATURE,C4_SUBURBAN_FAMILY,2024-01-17T08:44:22.954735+00:00,1705481062.95,0100,000803,170548106203,A14453,00,00,071,00,,Y,3,51.97,5197,USD,12470.73,12470.726987877671,5542,M_5542_00053
TX_00000803,CARD_000194,414720******3107,PROD_REWARDS_SIGNATURE,C4_SUBURBAN_FAMILY,2024-01-17T08:58:11.621687+00:00,1705481891.62,0100,000804,170548189104,A99953,00,00,051,00,,Y,8,206.35,20635,USD,12418.75,12470.726987877671,5542,M_5542_00053
TX_00000804,CARD_000194,414720******3107,PROD_REWARDS_SIGNATURE,C4_SUBURBAN_FAMILY,2024-01-17T09:15:27.069547+00:00,1705482927.07,0100,000805,170548292705,A79720,00,00,012,59,05,Y,22,50.36,5036,USD,12212.4,12470.726987877671,5912,M_5912_00101
TX_00000805,CARD_000194,414720******3107,PROD_REWARDS_SIGNATURE,C4_SUBURBAN_FAMILY,2024-01-17T09:39:40.934170+00:00,1705484380.93,0100,000806,170548438006,A72770,00,00,071,00,,Y,8,19.28,1928,USD,12162.04,12470.726987877671,5541,M_5541_00143
TX_00000806,CARD_000492,414720******1924,PROD_REWARDS_SIGNATURE,C4_SUBURBAN_FAMILY,2024-01-17T09:59:10.504263+00:00,1705485550.5,0100,000807,170548555007,A94838,00,00,012,59,05,Y,16,42.21,4221,USD,16633.48,16915.007869835645,5812,M_5812_00021
TX_00000807,CARD_000194,414720******3107,PROD_REWARDS_SIGNATURE,C4_SUBURBAN_FAMILY,2024-01-17T10:04:04.512930+00:00,1705485844.51,0100,000808,170548584408,A29491,00,00,071,00,,Y,22,34.2,3420,USD,12142.77,12470.726987877671,5541,M_5541_00143
TX_00000808,CARD_000194,414720******3107,PROD_REWARDS_SIGNATURE,C4_SUBURBAN_FAMILY,2024-01-17T10:16:39.729311+00:00,1705486599.73,0100,000809,170548659909,A73048,00,00,012,59,05,Y,23,69.46,6946,USD,12108.57,12470.726987877671,5812,M_5812_00021
TX_00000809,CARD_000593,414720******4716,PROD_CHECKING_DEBIT,C1_HOURLY_GIG_WORKER,2024-01-17T10:22:30.573995+00:00,1705486950.57,0100,000810,170548695010,A21742,00,00,051,00,,Y,5,31.67,3167,USD,2819.86,2481.5185431047003,5912,M_5912_00117
TX_00000810,CARD_000194,414720******3107,PROD_REWARDS_SIGNATURE,C4_SUBURBAN_FAMILY,2024-01-17T10:29:46.709213+00:00,1705487386.71,0100,000811,170548738611,A51576,00,00,071,00,,Y,22,446.68,44668,USD,12039.11,12470.726987877671,5541,M_5541_00143
TX_00000811,CARD_000194,414720******3107,PROD_REWARDS_SIGNATURE,C4_SUBURBAN_FAMILY,2024-01-17T10:38:58.439264+00:00,1705487938.44,0100,000812,170548793812,A17961,00,00,012,59,05,Y,10,42.12,4212,USD,11592.43,12470.726987877671,5812,M_5812_00021
TX_00000812,CARD_000593,414720******4716,PROD_CHECKING_DEBIT,C1_HOURLY_GIG_WORKER,2024-01-17T10:40:08.159738+00:00,1705488008.16,0100,000813,170548800813,A10785,00,00,051,00,,Y,10,17.53,1753,USD,2788.2,2481.5185431047003,5912,M_5912_00117
TX_00000813,CARD_000593,414720******4716,PROD_CHECKING_DEBIT,C1_HOURLY_GIG_WORKER,2024-01-17T11:00:15.882716+00:00,1705489215.88,0100,000814,170548921514,A51621,00,00,051,00,,Y,3,28.18,2818,USD,2770.67,2481.5185431047003,5814,M_5814_00056
TX_00000814,CARD_000593,414720******4716,PROD_CHECKING_DEBIT,C1_HOURLY_GIG_WORKER,2024-01-17T11:28:20.691194+00:00,1705490900.69,0100,000815,170549090015,A78852,00,00,051,00,,Y,11,7.57,757,USD,2742.49,2481.5185431047003,5411,M_5411_00058
TX_00000815,CARD_000593,414720******4716,PROD_CHECKING_DEBIT,C1_HOURLY_GIG_WORKER,2024-01-17T11:39:46.808378+00:00,1705491586.81,0100,000816,170549158616,A67772,00,00,012,59,05,Y,6,24.62,2462,USD,2734.92,2481.5185431047003,5411,M_5411_00058
TX_00000816,CARD_000377,414720******3585,PROD_CLASSIC_REVOLVING,C2_FIXED_INCOME_SENIOR,2024-01-17T11:58:07.752957+00:00,1705492687.75,0100,000817,170549268717,A58246,00,00,051,00,,Y,18,10.35,1035,USD,2570.77,3004.10012560465,5912,M_5912_00086
TX_00000817,CARD_000133,414720******7245,PROD_CHECKING_DEBIT,C2_FIXED_INCOME_SENIOR,2024-01-17T12:06:56.731758+00:00,1705493216.73,0100,000818,170549321618,A91490,00,00,051,00,,Y,14,24.37,2437,USD,7048.71,7086.730267632093,5812,M_5812_00146
TX_00000818,CARD_000377,414720******3585,PROD_CLASSIC_REVOLVING,C2_FIXED_INCOME_SENIOR,2024-01-17T12:27:19.770660+00:00,1705494439.77,0100,000819,170549443919,A74469,00,00,051,00,,Y,39,18.86,1886,USD,2560.42,3004.10012560465,5912,M_5912_00086
TX_00000819,CARD_000377,414720******3585,PROD_CLASSIC_REVOLVING,C2_FIXED_INCOME_SENIOR,2024-01-17T12:40:03.094938+00:00,1705495203.09,0100,000820,170549520320,A86791,00,00,051,00,,Y,18,27.53,2753,USD,2541.56,3004.10012560465,5912,M_5912_00086
TX_00000820,CARD_000377,414720******3585,PROD_CLASSIC_REVOLVING,C2_FIXED_INCOME_SENIOR,2024-01-17T12:56:16.442335+00:00,1705496176.44,0100,000821,170549617621,A81551,00,00,051,00,,Y,38,8.36,836,USD,2514.03,3004.10012560465,5912,M_5912_00086
TX_00000821,CARD_000377,414720******3585,PROD_CLASSIC_REVOLVING,C2_FIXED_INCOME_SENIOR,2024-01-17T13:13:29.751150+00:00,1705497209.75,0100,000822,170549720922,A40509,00,00,012,59,05,Y,34,22.79,2279,USD,2505.67,3004.10012560465,5311,M_5311_00052
TX_00000822,CARD_000463,414720******3986,PROD_ULTRA_PREMIUM_INFINITE,C5_URBAN_TECH_PROFESSIONAL,2024-01-17T13:14:42.581062+00:00,1705497282.58,0100,000823,170549728223,A72499,00,00,012,59,05,Y,55,45.68,4568,USD,114111.11,114111.11320519718,5311,M_5311_00104
TX_00000823,CARD_000342,414720******5560,PROD_CHECKING_DEBIT,C2_FIXED_INCOME_SENIOR,2024-01-17T15:44:16.289522+00:00,1705506256.29,0100,000824,170550625624,A99568,00,00,051,00,,Y,38,22.44,2244,USD,2717.51,2361.238947600778,5812,M_5812_00021
TX_00000824,CARD_000342,414720******5560,PROD_CHECKING_DEBIT,C2_FIXED_INCOME_SENIOR,2024-01-17T16:08:45.491678+00:00,1705507725.49,0100,000825,170550772525,A79648,00,00,051,00,,Y,11,31.87,3187,USD,2695.08,2361.238947600778,5812,M_5812_00021
TX_00000825,CARD_000342,414720******5560,PROD_CHECKING_DEBIT,C2_FIXED_INCOME_SENIOR,2024-01-17T16:21:51.008346+00:00,1705508511.01,0100,000826,170550851126,A99170,00,00,071,00,,Y,31,74.33,7433,USD,2663.2,2361.238947600778,5812,M_5812_00021
TX_00000826,CARD_000165,414720******2538,PROD_ULTRA_PREMIUM_INFINITE,C7_LUXURY_AFFLUENT,2024-01-17T16:23:33.349537+00:00,1705508613.35,0100,000827,170550861327,A56850,00,00,071,00,,Y,16,10.19,1019,USD,116944.51,116944.51209915234,5311,M_5311_00006
TX_00000827,CARD_000342,414720******5560,PROD_CHECKING_DEBIT,C2_FIXED_INCOME_SENIOR,2024-01-17T16:36:45.695337+00:00,1705509405.7,0100,000828,170550940528,A71497,00,00,051,00,,Y,3,30.92,3092,USD,2588.87,2361.238947600778,5812,M_5812_00021
TX_00000828,CARD_000342,414720******5560,PROD_CHECKING_DEBIT,C2_FIXED_INCOME_SENIOR,2024-01-17T16:53:49.676975+00:00,1705510429.68,0100,000829,170551042929,A14224,00,00,051,00,,Y,22,118.99,11899,USD,2557.95,2361.238947600778,5812,M_5812_00021
TX_00000829,CARD_000367,414720******7132,PROD_CLASSIC_REVOLVING,C4_SUBURBAN_FAMILY,2024-01-17T17:18:22.410122+00:00,1705511902.41,0100,000830,170551190230,A97429,00,00,012,59,05,Y,9,80.9,8090,USD,776.77,2199.2139946843217,5814,M_5814_00066
TX_00000830,CARD_000687,414720******2920,PROD_TOKENIZED_DPAN,C4_SUBURBAN_FAMILY,2024-01-17T17:24:57.145136+00:00,1705512297.15,0100,000831,170551229731,A65389,00,00,071,00,,Y,31,88.13,8813,USD,4797.04,5000.0,5411,M_5411_00036
TX_00000831,CARD_000186,414720******7343,PROD_TOKENIZED_DPAN,C5_URBAN_TECH_PROFESSIONAL,2024-01-17T17:25:44.427273+00:00,1705512344.43,0100,000832,170551234432,A56802,00,00,071,00,,Y,41,34.29,3429,USD,4932.16,5000.0,5999,M_5999_00142
TX_00000832,CARD_000687,414720******2920,PROD_TOKENIZED_DPAN,C4_SUBURBAN_FAMILY,2024-01-17T17:28:17.891515+00:00,1705512497.89,0100,000833,170551249733,A82185,00,00,012,59,05,Y,39,16.12,1612,USD,4708.91,5000.0,5411,M_5411_00015
TX_00000833,CARD_000037,414720******6168,PROD_CHECKING_DEBIT,C1_HOURLY_GIG_WORKER,2024-01-17T17:40:52.366249+00:00,1705513252.37,0100,000834,170551325234,,63,63,012,59,07,N,68,1086.67,108667,USD,7157.36,10234.050360718727,5732,M_5732_00082
TX_00000834,CARD_000607,414720******7794,PROD_ULTRA_PREMIUM_INFINITE,C7_LUXURY_AFFLUENT,2024-01-17T18:10:10.397458+00:00,1705515010.4,0100,000835,170551501035,A65046,00,00,012,59,05,Y,6,80.0,8000,USD,87880.27,87880.27233025193,5944,M_5944_00072
TX_00000835,CARD_000791,414720******8282,PROD_CLASSIC_REVOLVING,C4_SUBURBAN_FAMILY,2024-01-17T19:06:55.982863+00:00,1705518415.98,0100,000836,170551841536,A20032,00,00,051,00,,Y,32,30.36,3036,USD,3259.23,3259.22583041407,5411,M_5411_00098
TX_00000836,CARD_000201,414720******3795,PROD_TOKENIZED_DPAN,C5_URBAN_TECH_PROFESSIONAL,2024-01-17T19:25:32.023164+00:00,1705519532.02,0100,000837,170551953237,A70744,00,00,071,00,,Y,3,126.87,12687,USD,5000.0,5000.0,5812,M_5812_00081
TX_00000837,CARD_000249,414720******9819,PROD_CHECKING_DEBIT,C2_FIXED_INCOME_SENIOR,2024-01-17T19:58:44.038931+00:00,1705521524.04,0100,000838,170552152438,A36175,00,00,051,00,,Y,32,19.76,1976,USD,6842.89,3476.1004650617942,5311,M_5311_00006
TX_00000838,CARD_000573,414720******2145,PROD_GPR_PREPAID,C1_HOURLY_GIG_WORKER,2024-01-17T21:20:47.000033+00:00,1705526447.0,0100,000839,170552644739,A18549,00,00,012,59,05,Y,43,6.11,611,USD,1534.59,5000.0,5814,M_5814_00106
TX_00000839,CARD_000211,414720******7112,PROD_COMMERCIAL_FLEET,C6_SMALL_BUSINESS_OWNER,2024-01-18T01:33:13.636836+00:00,1705541593.64,0100,000840,170554159340,A73058,00,00,071,00,,Y,35,154.52,15452,USD,5000.0,5000.0,5812,M_5812_00094
TX_00000840,CARD_000211,414720******7112,PROD_COMMERCIAL_FLEET,C6_SMALL_BUSINESS_OWNER,2024-01-18T01:38:12.876590+00:00,1705541892.88,0100,000841,170554189241,A71716,00,00,071,00,,Y,28,26.65,2665,USD,4845.48,5000.0,5812,M_5812_00094
TX_00000841,CARD_000901,414720******7811,PROD_TOKENIZED_DPAN,C4_SUBURBAN_FAMILY,2024-01-18T06:11:42.080198+00:00,1705558302.08,0100,000842,170555830242,A62985,00,00,012,59,05,Y,13,76.61,7661,USD,5000.0,5000.0,5411,M_5411_00111
TX_00000842,CARD_000543,414720******8687,PROD_CHECKING_DEBIT,C2_FIXED_INCOME_SENIOR,2024-01-18T07:05:33.206238+00:00,1705561533.21,0100,000843,170556153343,A27970,00,00,071,00,,Y,21,37.84,3784,USD,6918.63,10648.396261256592,5912,M_5912_00091
TX_00000843,CARD_000945,414720******1217,PROD_CHECKING_DEBIT,C1_HOURLY_GIG_WORKER,2024-01-18T08:28:43.337043+00:00,1705566523.34,0100,000844,170556652344,A91549,00,00,051,00,,Y,29,3.94,394,USD,11211.55,13977.71315519552,5411,M_5411_00058
TX_00000844,CARD_000976,414720******7971,PROD_CHECKING_DEBIT,C2_FIXED_INCOME_SENIOR,2024-01-18T08:36:39.224417+00:00,1705566999.22,0100,000845,170556699945,A37895,00,00,051,00,,Y,6,30.01,3001,USD,3148.97,3279.227729937529,5541,M_5541_00129
TX_00000845,CARD_000064,414720******5075,PROD_REWARDS_SIGNATURE,C4_SUBURBAN_FAMILY,2024-01-18T08:44:37.751565+00:00,1705567477.75,0100,000846,170556747746,A12806,00,00,012,59,05,Y,21,73.79,7379,USD,20726.51,20726.50610543644,5311,M_5311_00079
TX_00000846,CARD_000976,414720******7971,PROD_CHECKING_DEBIT,C2_FIXED_INCOME_SENIOR,2024-01-18T08:46:54.495507+00:00,1705567614.5,0100,000847,170556761447,A77264,00,00,051,00,,Y,35,47.5,4750,USD,3118.96,3279.227729937529,5541,M_5541_00129
TX_00000847,CARD_000976,414720******7971,PROD_CHECKING_DEBIT,C2_FIXED_INCOME_SENIOR,2024-01-18T08:59:07.620201+00:00,1705568347.62,0100,000848,170556834748,A55818,00,00,051,00,,Y,36,62.54,6254,USD,3071.47,3279.227729937529,5541,M_5541_00129
TX_00000848,CARD_000053,414720******5675,PROD_REWARDS_SIGNATURE,C4_SUBURBAN_FAMILY,2024-01-18T09:07:09.612715+00:00,1705568829.61,0100,000849,170556882949,A83426,00,00,071,00,,Y,26,98.65,9865,USD,13900.34,13900.33918666801,5814,M_5814_00066
TX_00000849,CARD_000976,414720******7971,PROD_CHECKING_DEBIT,C2_FIXED_INCOME_SENIOR,2024-01-18T09:12:37.925157+00:00,1705569157.93,0100,000850,170556915750,A92615,00,00,051,00,,Y,18,18.75,1875,USD,3008.92,3279.227729937529,5541,M_5541_00129
TX_00000850,CARD_000053,414720******5675,PROD_REWARDS_SIGNATURE,C4_SUBURBAN_FAMILY,2024-01-18T09:16:32.381136+00:00,1705569392.38,0100,000851,170556939251,A66676,00,00,102,59,05,Y,1,25.21,2521,USD,13801.69,13900.33918666801,5814,M_5814_00092
TX_00000851,CARD_000053,414720******5675,PROD_REWARDS_SIGNATURE,C4_SUBURBAN_FAMILY,2024-01-18T09:17:03.331531+00:00,1705569423.33,0100,000852,170556942352,A20363,00,00,071,00,,Y,21,95.99,9599,USD,13776.49,13900.33918666801,5814,M_5814_00066
TX_00000852,CARD_000976,414720******7971,PROD_CHECKING_DEBIT,C2_FIXED_INCOME_SENIOR,2024-01-18T09:21:11.546123+00:00,1705569671.55,0100,000853,170556967153,A59527,00,00,051,00,,Y,28,53.23,5323,USD,2990.18,3279.227729937529,5541,M_5541_00129
TX_00000853,CARD_000053,414720******5675,PROD_REWARDS_SIGNATURE,C4_SUBURBAN_FAMILY,2024-01-18T09:21:22.177768+00:00,1705569682.18,0100,000854,170556968254,A69289,00,00,051,00,,Y,16,42.46,4246,USD,13680.5,13900.33918666801,5814,M_5814_00066
TX_00000854,CARD_000182,414720******7082,PROD_GPR_PREPAID,C1_HOURLY_GIG_WORKER,2024-01-18T09:24:45.847217+00:00,1705569885.85,0100,000855,170556988555,A65574,00,00,051,00,,Y,19,749.97,74997,USD,2627.61,5000.0,5912,M_5912_00105
TX_00000855,CARD_000182,414720******7082,PROD_GPR_PREPAID,C1_HOURLY_GIG_WORKER,2024-01-18T09:27:50.934164+00:00,1705570070.93,0100,000856,170557007056,A71325,00,00,051,00,,Y,28,20.37,2037,USD,1877.64,5000.0,5912,M_5912_00105
TX_00000856,CARD_000536,414720******8597,PROD_TOKENIZED_DPAN,C5_URBAN_TECH_PROFESSIONAL,2024-01-18T09:39:37.337235+00:00,1705570777.34,0100,000857,170557077757,A76445,00,00,102,59,05,Y,20,20.86,2086,USD,5000.0,5000.0,5999,M_5999_00142
TX_00000857,CARD_000536,414720******8597,PROD_TOKENIZED_DPAN,C5_URBAN_TECH_PROFESSIONAL,2024-01-18T09:41:07.207123+00:00,1705570867.21,0100,000858,170557086758,A47669,00,00,012,59,05,Y,8,83.13,8313,USD,4979.14,5000.0,5812,M_5812_00021
TX_00000858,CARD_000053,414720******5675,PROD_REWARDS_SIGNATURE,C4_SUBURBAN_FAMILY,2024-01-18T09:45:26.515615+00:00,1705571126.52,0100,000859,170557112659,A58468,00,00,012,59,05,Y,7,34.69,3469,USD,13638.04,13900.33918666801,5411,M_5411_00036
TX_00000859,CARD_000053,414720******5675,PROD_REWARDS_SIGNATURE,C4_SUBURBAN_FAMILY,2024-01-18T09:57:21.359802+00:00,1705571841.36,0100,000860,170557184160,A21491,00,00,071,00,,Y,25,19.42,1942,USD,13603.34,13900.33918666801,5812,M_5812_00145
TX_00000860,CARD_000053,414720******5675,PROD_REWARDS_SIGNATURE,C4_SUBURBAN_FAMILY,2024-01-18T10:01:28.799430+00:00,1705572088.8,0100,000861,170557208861,A81413,00,00,012,59,05,Y,22,40.74,4074,USD,13583.93,13900.33918666801,5411,M_5411_00058
TX_00000861,CARD_000053,414720******5675,PROD_REWARDS_SIGNATURE,C4_SUBURBAN_FAMILY,2024-01-18T10:02:09.632054+00:00,1705572129.63,0100,000862,170557212962,A29838,00,00,102,59,05,Y,11,57.91,5791,USD,13543.18,13900.33918666801,5311,M_5311_00104
TX_00000862,CARD_000570,414720******4707,PROD_ULTRA_PREMIUM_INFINITE,C7_LUXURY_AFFLUENT,2024-01-18T10:02:25.664948+00:00,1705572145.66,0100,000863,170557214563,A72969,00,00,051,00,,Y,36,93.75,9375,USD,129814.44,129814.44430559801,5812,M_5812_00021
TX_00000863,CARD_000053,414720******5675,PROD_REWARDS_SIGNATURE,C4_SUBURBAN_FAMILY,2024-01-18T10:08:49.937000+00:00,1705572529.94,0100,000864,170557252964,A59590,00,00,071,00,,Y,13,69.85,6985,USD,13485.27,13900.33918666801,5812,M_5812_00145
TX_00000864,CARD_000053,414720******5675,PROD_REWARDS_SIGNATURE,C4_SUBURBAN_FAMILY,2024-01-18T10:21:06.075476+00:00,1705573266.08,0100,000865,170557326665,A39994,00,00,012,59,05,Y,32,22.44,2244,USD,13415.42,13900.33918666801,5812,M_5812_00021
TX_00000865,CARD_000053,414720******5675,PROD_REWARDS_SIGNATURE,C4_SUBURBAN_FAMILY,2024-01-18T10:21:28.377458+00:00,1705573288.38,0100,000866,170557328866,A93612,00,00,051,00,,Y,68,254.89,25489,USD,13392.98,13900.33918666801,5812,M_5812_00145
TX_00000866,CARD_000053,414720******5675,PROD_REWARDS_SIGNATURE,C4_SUBURBAN_FAMILY,2024-01-18T10:26:29.075872+00:00,1705573589.08,0100,000867,170557358967,A88471,00,00,071,00,,Y,30,30.42,3042,USD,13138.08,13900.33918666801,5812,M_5812_00145
TX_00000867,CARD_000053,414720******5675,PROD_REWARDS_SIGNATURE,C4_SUBURBAN_FAMILY,2024-01-18T10:42:10.396269+00:00,1705574530.4,0100,000868,170557453068,A76368,00,00,102,59,05,Y,49,18.48,1848,USD,13107.67,13900.33918666801,5814,M_5814_00106
TX_00000868,CARD_000053,414720******5675,PROD_REWARDS_SIGNATURE,C4_SUBURBAN_FAMILY,2024-01-18T11:00:09.599017+00:00,1705575609.6,0100,000869,170557560969,A51205,00,00,071,00,,Y,20,106.8,10680,USD,13089.18,13900.33918666801,5812,M_5812_00145
TX_00000869,CARD_000053,414720******5675,PROD_REWARDS_SIGNATURE,C4_SUBURBAN_FAMILY,2024-01-18T11:08:33.697662+00:00,1705576113.7,0100,000870,170557611370,A15454,00,00,102,59,05,Y,39,17.39,1739,USD,12982.38,13900.33918666801,5812,M_5812_00021
TX_00000870,CARD_000224,414720******3332,PROD_ULTRA_PREMIUM_INFINITE,C7_LUXURY_AFFLUENT,2024-01-18T11:10:51.223506+00:00,1705576251.22,0100,000871,170557625171,A69027,00,00,071,00,,Y,19,73.93,7393,USD,115160.99,115160.98788405923,5411,M_5411_00074
TX_00000871,CARD_000053,414720******5675,PROD_REWARDS_SIGNATURE,C4_SUBURBAN_FAMILY,2024-01-18T11:14:48.595854+00:00,1705576488.6,0100,000872,170557648872,A67274,00,00,071,00,,Y,12,39.26,3926,USD,12964.99,13900.33918666801,5812,M_5812_00145
TX_00000872,CARD_000224,414720******3332,PROD_ULTRA_PREMIUM_INFINITE,C7_LUXURY_AFFLUENT,2024-01-18T11:24:59.989694+00:00,1705577099.99,0100,000873,170557709973,A75836,00,00,071,00,,Y,8,23.32,2332,USD,115087.06,115160.98788405923,5944,M_5944_00002
TX_00000873,CARD_000053,414720******5675,PROD_REWARDS_SIGNATURE,C4_SUBURBAN_FAMILY,2024-01-18T11:42:47.645855+00:00,1705578167.65,0100,000874,170557816774,A98167,00,00,071,00,,Y,17,40.29,4029,USD,12925.73,13900.33918666801,5541,M_5541_00132
TX_00000874,CARD_000224,414720******3332,PROD_ULTRA_PREMIUM_INFINITE,C7_LUXURY_AFFLUENT,2024-01-18T11:54:59.989694+00:00,1705578899.99,0100,000875,170557889975,A14124,00,00,071,00,,Y,10,88.57,8857,USD,115063.73,115160.98788405923,5912,M_5912_00048
TX_00000875,CARD_000053,414720******5675,PROD_REWARDS_SIGNATURE,C4_SUBURBAN_FAMILY,2024-01-18T11:56:22.643916+00:00,1705578982.64,0100,000876,170557898276,A69184,00,00,051,00,,Y,10,1.43,143,USD,12885.45,13900.33918666801,5541,M_5541_00132
TX_00000876,CARD_000224,414720******3332,PROD_ULTRA_PREMIUM_INFINITE,C7_LUXURY_AFFLUENT,2024-01-18T11:59:10.464692+00:00,1705579150.46,0100,000877,170557915077,A75697,00,00,012,59,05,Y,18,37.07,3707,USD,114975.16,115160.98788405923,5411,M_5411_00015
TX_00000877,CARD_000224,414720******3332,PROD_ULTRA_PREMIUM_INFINITE,C7_LUXURY_AFFLUENT,2024-01-18T11:59:36.632434+00:00,1705579176.63,0100,000878,170557917678,A63271,00,00,071,00,,Y,18,70.11,7011,USD,114938.09,115160.98788405923,5912,M_5912_00048
TX_00000878,CARD_000053,414720******5675,PROD_REWARDS_SIGNATURE,C4_SUBURBAN_FAMILY,2024-01-18T12:02:36.902691+00:00,1705579356.9,0100,000879,170557935679,A76201,00,00,051,00,,Y,48,35.66,3566,USD,12884.02,13900.33918666801,5541,M_5541_00132
TX_00000879,CARD_000224,414720******3332,PROD_ULTRA_PREMIUM_INFINITE,C7_LUXURY_AFFLUENT,2024-01-18T12:04:34.220759+00:00,1705579474.22,0100,000880,170557947480,A53678,00,00,102,59,05,C,37,197.32,19732,USD,114867.98,115160.98788405923,5999,M_5999_00142
TX_00000880,CARD_000224,414720******3332,PROD_ULTRA_PREMIUM_INFINITE,C7_LUXURY_AFFLUENT,2024-01-18T12:05:25.354311+00:00,1705579525.35,0100,000881,170557952581,A96441,00,00,012,59,05,Y,54,76.48,7648,USD,114670.66,115160.98788405923,5812,M_5812_00021
TX_00000881,CARD_000224,414720******3332,PROD_ULTRA_PREMIUM_INFINITE,C7_LUXURY_AFFLUENT,2024-01-18T12:05:39.704913+00:00,1705579539.7,0100,000882,170557953982,A56795,00,00,051,00,,Y,11,1017.62,101762,USD,114594.18,115160.98788405923,5912,M_5912_00048
TX_00000882,CARD_000053,414720******5675,PROD_REWARDS_SIGNATURE,C4_SUBURBAN_FAMILY,2024-01-18T12:12:24.573905+00:00,1705579944.57,0100,000883,170557994483,A30919,00,00,051,00,,Y,32,40.35,4035,USD,12848.35,13900.33918666801,5541,M_5541_00132
TX_00000883,CARD_000224,414720******3332,PROD_ULTRA_PREMIUM_INFINITE,C7_LUXURY_AFFLUENT,2024-01-18T12:28:01.811136+00:00,1705580881.81,0100,000884,170558088184,A40672,00,00,051,00,,Y,3,39.21,3921,USD,113576.56,115160.98788405923,5912,M_5912_00048
TX_00000884,CARD_000053,414720******5675,PROD_REWARDS_SIGNATURE,C4_SUBURBAN_FAMILY,2024-01-18T12:28:09.408930+00:00,1705580889.41,0100,000885,170558088985,A25531,00,00,012,59,05,Y,4,47.86,4786,USD,12808.0,13900.33918666801,5812,M_5812_00021
TX_00000885,CARD_000053,414720******5675,PROD_REWARDS_SIGNATURE,C4_SUBURBAN_FAMILY,2024-01-18T12:36:09.019906+00:00,1705581369.02,0100,000886,170558136986,A40315,00,00,051,00,,Y,48,28.1,2810,USD,12760.14,13900.33918666801,5311,M_5311_00104
TX_00000886,CARD_000053,414720******5675,PROD_REWARDS_SIGNATURE,C4_SUBURBAN_FAMILY,2024-01-18T12:39:48.537930+00:00,1705581588.54,0100,000887,170558158887,A65573,00,00,102,59,05,Y,6,34.37,3437,USD,12732.04,13900.33918666801,5411,M_5411_00058
TX_00000887,CARD_000224,414720******3332,PROD_ULTRA_PREMIUM_INFINITE,C7_LUXURY_AFFLUENT,2024-01-18T12:58:01.811136+00:00,1705582681.81,0100,000888,170558268188,A62632,00,00,051,00,,Y,18,201.97,20197,USD,113537.35,115160.98788405923,5311,M_5311_00006
TX_00000888,CARD_000812,414720******8815,PROD_REWARDS_SIGNATURE,C4_SUBURBAN_FAMILY,2024-01-18T13:04:50.654503+00:00,1705583090.65,0100,000889,170558309089,A93767,00,00,071,00,,Y,13,54.47,5447,USD,13000.15,13000.152874553907,5411,M_5411_00108
TX_00000889,CARD_000224,414720******3332,PROD_ULTRA_PREMIUM_INFINITE,C7_LUXURY_AFFLUENT,2024-01-18T13:12:33.024146+00:00,1705583553.02,0100,000890,170558355390,A61260,00,00,012,59,05,Y,36,101.21,10121,USD,113335.38,115160.98788405923,5812,M_5812_00021
TX_00000890,CARD_000226,414720******3094,PROD_CLASSIC_REVOLVING,C4_SUBURBAN_FAMILY,2024-01-18T13:23:37.872913+00:00,1705584217.87,0100,000891,170558421791,A37011,00,00,071,00,,Y,27,24.92,2492,USD,2312.86,2809.9205173452447,5812,M_5812_00021
TX_00000891,CARD_000224,414720******3332,PROD_ULTRA_PREMIUM_INFINITE,C7_LUXURY_AFFLUENT,2024-01-18T13:30:11.919949+00:00,1705584611.92,0100,000892,170558461192,A96184,00,00,012,59,05,Y,29,76.09,7609,USD,113234.16,115160.98788405923,5812,M_5812_00021
TX_00000892,CARD_000814,414720******9100,PROD_CLASSIC_REVOLVING,C4_SUBURBAN_FAMILY,2024-01-18T13:34:33.771367+00:00,1705584873.77,0100,000893,170558487393,A98822,00,00,071,00,,Y,13,342.85,34285,USD,4492.74,4492.742576809916,5812,M_5812_00021
TX_00000893,CARD_000464,414720******1256,PROD_REWARDS_SIGNATURE,C4_SUBURBAN_FAMILY,2024-01-18T14:56:18.051122+00:00,1705589778.05,0100,000894,170558977894,A98035,00,00,012,59,05,Y,6,31.77,3177,USD,6242.46,6588.685164488943,5812,M_5812_00021
TX_00000894,CARD_000237,414720******6329,PROD_CLASSIC_REVOLVING,C2_FIXED_INCOME_SENIOR,2024-01-18T17:51:27.155978+00:00,1705600287.16,0100,000895,170560028795,A13656,00,00,071,00,,Y,27,50.37,5037,USD,2508.55,2508.546509738287,5542,M_5542_00053
TX_00000895,CARD_000237,414720******6329,PROD_CLASSIC_REVOLVING,C2_FIXED_INCOME_SENIOR,2024-01-18T17:54:21.952018+00:00,1705600461.95,0100,000896,170560046196,A83618,00,00,102,59,05,Y,23,53.2,5320,USD,2458.18,2508.546509738287,5912,M_5912_00048
TX_00000896,CARD_000980,414720******6084,PROD_ULTRA_PREMIUM_INFINITE,C7_LUXURY_AFFLUENT,2024-01-18T17:59:04.495278+00:00,1705600744.5,0100,000897,170560074497,A40342,00,00,102,59,05,Y,35,62.81,6281,USD,39084.16,39084.164310402695,5311,M_5311_00024
TX_00000897,CARD_000483,414720******7511,PROD_TOKENIZED_DPAN,C5_URBAN_TECH_PROFESSIONAL,2024-01-18T18:21:20.718423+00:00,1705602080.72,0100,000898,170560208098,A48317,00,00,102,59,05,Y,9,23.48,2348,USD,5000.0,5000.0,5814,M_5814_00066
TX_00000898,CARD_000483,414720******7511,PROD_TOKENIZED_DPAN,C5_URBAN_TECH_PROFESSIONAL,2024-01-18T18:25:49.132830+00:00,1705602349.13,0100,000899,170560234999,A94689,00,00,012,59,05,Y,59,51.22,5122,USD,4976.52,5000.0,5411,M_5411_00097
TX_00000899,CARD_000483,414720******7511,PROD_TOKENIZED_DPAN,C5_URBAN_TECH_PROFESSIONAL,2024-01-18T18:26:16.026547+00:00,1705602376.03,0100,000900,170560237600,A17699,00,00,012,59,05,Y,37,27.51,2751,USD,4925.31,5000.0,5411,M_5411_00015
TX_00000900,CARD_000483,414720******7511,PROD_TOKENIZED_DPAN,C5_URBAN_TECH_PROFESSIONAL,2024-01-18T18:37:07.316404+00:00,1705603027.32,0100,000901,170560302701,A38869,00,00,012,59,05,Y,35,51.39,5139,USD,4897.79,5000.0,5311,M_5311_00052
TX_00000901,CARD_000483,414720******7511,PROD_TOKENIZED_DPAN,C5_URBAN_TECH_PROFESSIONAL,2024-01-18T18:38:08.077448+00:00,1705603088.08,0100,000902,170560308802,A61235,00,00,102,59,05,Y,12,24.56,2456,USD,4846.41,5000.0,5541,M_5541_00113
TX_00000902,CARD_000483,414720******7511,PROD_TOKENIZED_DPAN,C5_URBAN_TECH_PROFESSIONAL,2024-01-18T18:39:51.608232+00:00,1705603191.61,0100,000903,170560319103,A87314,00,00,051,00,,Y,55,84.18,8418,USD,4821.84,5000.0,5411,M_5411_00111
TX_00000903,CARD_000483,414720******7511,PROD_TOKENIZED_DPAN,C5_URBAN_TECH_PROFESSIONAL,2024-01-18T18:44:38.421224+00:00,1705603478.42,0100,000904,170560347804,,65,65,102,59,07,N,57,65.96,6596,USD,4737.66,5000.0,4816,M_4816_00100
TX_00000904,CARD_000701,414720******2121,PROD_CLASSIC_REVOLVING,C4_SUBURBAN_FAMILY,2024-01-18T18:48:41.128685+00:00,1705603721.13,0100,000905,170560372105,A89597,00,00,012,59,05,Y,53,48.9,4890,USD,1987.52,1987.521710800038,5812,M_5812_00046
TX_00000905,CARD_000962,414720******2894,PROD_GPR_PREPAID,C1_HOURLY_GIG_WORKER,2024-01-18T18:50:58.744162+00:00,1705603858.74,0100,000906,170560385806,A25540,00,00,051,00,,Y,61,23.8,2380,USD,3222.22,5000.0,5411,M_5411_00098
TX_00000906,CARD_000635,414720******4637,PROD_REWARDS_SIGNATURE,C6_SMALL_BUSINESS_OWNER,2024-01-18T19:02:29.312510+00:00,1705604549.31,0100,000907,170560454907,A13751,00,00,051,00,,Y,26,161.37,16137,USD,17037.59,19699.304938378464,5311,M_5311_00007
TX_00000907,CARD_000488,414720******9003,PROD_REWARDS_SIGNATURE,C5_URBAN_TECH_PROFESSIONAL,2024-01-18T19:03:31.167536+00:00,1705604611.17,0100,000908,170560461108,A69652,00,00,102,59,05,Y,1,67.49,6749,USD,16859.72,16859.71589240494,5812,M_5812_00021
TX_00000908,CARD_000226,414720******3094,PROD_CLASSIC_REVOLVING,C4_SUBURBAN_FAMILY,2024-01-18T19:39:20.503340+00:00,1705606760.5,0100,000909,170560676009,A12429,00,00,102,59,05,Y,26,18.42,1842,USD,2287.94,2809.9205173452447,5411,M_5411_00015
TX_00000909,CARD_000226,414720******3094,PROD_CLASSIC_REVOLVING,C4_SUBURBAN_FAMILY,2024-01-18T19:52:39.347592+00:00,1705607559.35,0100,000910,170560755910,A81906,00,00,071,00,,Y,6,103.03,10303,USD,2269.52,2809.9205173452447,5812,M_5812_00021
TX_00000910,CARD_000453,414720******2098,PROD_CLASSIC_REVOLVING,C2_FIXED_INCOME_SENIOR,2024-01-18T20:56:16.493873+00:00,1705611376.49,0100,000911,170561137611,A62376,00,00,051,00,,Y,17,48.14,4814,USD,3275.03,3275.034995099276,5999,M_5999_00142
TX_00000911,CARD_000453,414720******2098,PROD_CLASSIC_REVOLVING,C2_FIXED_INCOME_SENIOR,2024-01-18T21:19:00.788735+00:00,1705612740.79,0100,000912,170561274012,A42232,00,00,051,00,,Y,38,23.77,2377,USD,3226.9,3275.034995099276,5999,M_5999_00142
TX_00000912,CARD_000715,414720******4082,PROD_REWARDS_SIGNATURE,C6_SMALL_BUSINESS_OWNER,2024-01-18T21:33:54.930193+00:00,1705613634.93,0100,000913,170561363413,A63884,00,00,012,59,05,Y,53,0.74,74,USD,14288.68,15545.326395970143,5812,M_5812_00021
TX_00000913,CARD_000631,414720******7119,PROD_ULTRA_PREMIUM_INFINITE,C7_LUXURY_AFFLUENT,2024-01-18T22:26:58.179353+00:00,1705616818.18,0100,000914,170561681814,A54840,00,00,012,59,05,Y,24,80.05,8005,USD,47736.84,57909.811484667734,5999,M_5999_00142
TX_00000914,CARD_000631,414720******7119,PROD_ULTRA_PREMIUM_INFINITE,C7_LUXURY_AFFLUENT,2024-01-18T22:31:46.927151+00:00,1705617106.93,0100,000915,170561710615,A12206,00,00,071,00,,Y,20,40.52,4052,USD,47656.79,57909.811484667734,5542,M_5542_00053
TX_00000915,CARD_000631,414720******7119,PROD_ULTRA_PREMIUM_INFINITE,C7_LUXURY_AFFLUENT,2024-01-18T22:36:01.472303+00:00,1705617361.47,0100,000916,170561736116,A18453,00,00,071,00,,Y,2,607.91,60791,USD,47616.27,57909.811484667734,5542,M_5542_00053
TX_00000916,CARD_000631,414720******7119,PROD_ULTRA_PREMIUM_INFINITE,C7_LUXURY_AFFLUENT,2024-01-18T22:39:24.754999+00:00,1705617564.75,0100,000917,170561756417,A13909,00,00,012,59,05,Y,2,136.53,13653,USD,47008.37,57909.811484667734,6513,M_6513_00022
TX_00000917,CARD_000631,414720******7119,PROD_ULTRA_PREMIUM_INFINITE,C7_LUXURY_AFFLUENT,2024-01-18T22:45:04.434332+00:00,1705617904.43,0100,000918,170561790418,A83637,00,00,012,59,05,Y,5,15.42,1542,USD,46871.83,57909.811484667734,5812,M_5812_00021
TX_00000918,CARD_000631,414720******7119,PROD_ULTRA_PREMIUM_INFINITE,C7_LUXURY_AFFLUENT,2024-01-18T22:45:47.463898+00:00,1705617947.46,0100,000919,170561794719,A53763,00,00,071,00,,Y,10,145.08,14508,USD,46856.42,57909.811484667734,5542,M_5542_00053
TX_00000919,CARD_000631,414720******7119,PROD_ULTRA_PREMIUM_INFINITE,C7_LUXURY_AFFLUENT,2024-01-18T22:49:50.289103+00:00,1705618190.29,0100,000920,170561819020,A55031,00,00,012,59,05,Y,7,74.19,7419,USD,46711.34,57909.811484667734,5732,M_5732_00045
TX_00000920,CARD_000631,414720******7119,PROD_ULTRA_PREMIUM_INFINITE,C7_LUXURY_AFFLUENT,2024-01-18T22:51:58.957762+00:00,1705618318.96,0100,000921,170561831821,A96129,00,00,051,00,,Y,21,467.98,46798,USD,46637.15,57909.811484667734,5542,M_5542_00053
TX_00000921,CARD_000631,414720******7119,PROD_ULTRA_PREMIUM_INFINITE,C7_LUXURY_AFFLUENT,2024-01-18T22:55:43.002912+00:00,1705618543.0,0100,000922,170561854322,A72167,00,00,051,00,,Y,19,97.8,9780,USD,46169.17,57909.811484667734,5542,M_5542_00053
TX_00000922,CARD_000037,414720******6168,PROD_CHECKING_DEBIT,C1_HOURLY_GIG_WORKER,2024-01-18T22:57:48.844251+00:00,1705618668.84,0100,000923,170561866823,,63,63,012,59,07,N,41,1367.84,136784,USD,7157.36,10234.050360718727,5812,M_5812_00021
TX_00000923,CARD_000631,414720******7119,PROD_ULTRA_PREMIUM_INFINITE,C7_LUXURY_AFFLUENT,2024-01-18T22:59:21.460263+00:00,1705618761.46,0100,000924,170561876124,A26762,00,00,071,00,,Y,37,17.68,1768,USD,46071.37,57909.811484667734,5542,M_5542_00053
TX_00000924,CARD_000631,414720******7119,PROD_ULTRA_PREMIUM_INFINITE,C7_LUXURY_AFFLUENT,2024-01-18T23:03:38.164682+00:00,1705619018.16,0100,000925,170561901825,,65,65,071,00,,Y,26,228.6,22860,USD,46053.69,57909.811484667734,5542,M_5542_00053
TX_00000925,CARD_000752,414720******1070,PROD_ULTRA_PREMIUM_INFINITE,C5_URBAN_TECH_PROFESSIONAL,2024-01-19T04:59:35.967073+00:00,1705640375.97,0100,000926,170564037526,A34218,00,00,102,59,05,Y,25,48.2,4820,USD,170674.97,170674.96792805425,5812,M_5812_00021
TX_00000926,CARD_000985,414720******8147,PROD_CLASSIC_REVOLVING,C4_SUBURBAN_FAMILY,2024-01-19T06:07:20.632311+00:00,1705644440.63,0100,000927,170564444027,A35361,00,00,051,00,,Y,21,40.21,4021,USD,2396.83,2396.834951082833,5812,M_5812_00076
TX_00000927,CARD_000857,414720******9103,PROD_COMMERCIAL_FLEET,C6_SMALL_BUSINESS_OWNER,2024-01-19T06:40:54.613305+00:00,1705646454.61,0100,000928,170564645428,A18378,00,00,071,00,,Y,10,164.95,16495,USD,3952.56,5000.0,5541,M_5541_00132
TX_00000928,CARD_000677,414720******7134,PROD_REWARDS_SIGNATURE,C4_SUBURBAN_FAMILY,2024-01-19T08:24:29.940215+00:00,1705652669.94,0100,000929,170565266929,A77136,00,00,071,00,,Y,1,250.0,25000,USD,5820.89,6024.398004393777,5999,M_5999_00142
TX_00000929,CARD_000677,414720******7134,PROD_REWARDS_SIGNATURE,C4_SUBURBAN_FAMILY,2024-01-19T08:36:26.893926+00:00,1705653386.89,0100,000930,170565338630,A81486,00,00,051,00,,Y,28,62.6,6260,USD,5570.89,6024.398004393777,5411,M_5411_00050
TX_00000930,CARD_000849,414720******7750,PROD_REWARDS_SIGNATURE,C4_SUBURBAN_FAMILY,2024-01-19T08:44:58.229564+00:00,1705653898.23,0100,000931,170565389831,A68709,00,00,071,00,,Y,3,34.24,3424,USD,8816.22,8816.218152040512,5999,M_5999_00142
TX_00000931,CARD_000849,414720******7750,PROD_REWARDS_SIGNATURE,C4_SUBURBAN_FAMILY,2024-01-19T08:48:12.839004+00:00,1705654092.84,0100,000932,170565409232,A60668,00,00,071,00,,Y,19,20.68,2068,USD,8781.98,8816.218152040512,5999,M_5999_00142
TX_00000932,CARD_000677,414720******7134,PROD_REWARDS_SIGNATURE,C4_SUBURBAN_FAMILY,2024-01-19T08:49:20.556137+00:00,1705654160.56,0100,000933,170565416033,A91294,00,00,071,00,,Y,35,545.19,54519,USD,5508.28,6024.398004393777,5411,M_5411_00050
TX_00000933,CARD_000677,414720******7134,PROD_REWARDS_SIGNATURE,C4_SUBURBAN_FAMILY,2024-01-19T09:03:02.031004+00:00,1705654982.03,0100,000934,170565498234,A83147,00,00,102,59,05,Y,13,24.38,2438,USD,4963.1,6024.398004393777,5912,M_5912_00117
TX_00000934,CARD_000677,414720******7134,PROD_REWARDS_SIGNATURE,C4_SUBURBAN_FAMILY,2024-01-19T09:04:19.667901+00:00,1705655059.67,0100,000935,170565505935,A56819,00,00,012,59,05,Y,31,128.43,12843,USD,4938.71,6024.398004393777,5411,M_5411_00070
TX_00000935,CARD_000677,414720******7134,PROD_REWARDS_SIGNATURE,C4_SUBURBAN_FAMILY,2024-01-19T09:08:18.223273+00:00,1705655298.22,0100,000936,170565529836,A97464,00,00,071,00,,Y,70,3.49,349,USD,4810.28,6024.398004393777,5411,M_5411_00135
TX_00000936,CARD_000849,414720******7750,PROD_REWARDS_SIGNATURE,C4_SUBURBAN_FAMILY,2024-01-19T09:12:12.522037+00:00,1705655532.52,0100,000937,170565553237,A85940,00,00,102,59,05,Y,5,212.35,21235,USD,8761.3,8816.218152040512,6051,M_6051_00023
TX_00000937,CARD_000677,414720******7134,PROD_REWARDS_SIGNATURE,C4_SUBURBAN_FAMILY,2024-01-19T09:26:07.133557+00:00,1705656367.13,0100,000938,170565636738,A79225,00,00,071,00,,Y,24,72.0,7200,USD,4806.79,6024.398004393777,5411,M_5411_00135
TX_00000938,CARD_000849,414720******7750,PROD_REWARDS_SIGNATURE,C4_SUBURBAN_FAMILY,2024-01-19T09:29:31.798855+00:00,1705656571.8,0100,000939,170565657139,A12262,00,00,012,59,05,Y,39,48.36,4836,USD,8548.95,8816.218152040512,5812,M_5812_00021
TX_00000939,CARD_000677,414720******7134,PROD_REWARDS_SIGNATURE,C4_SUBURBAN_FAMILY,2024-01-19T09:42:05.700902+00:00,1705657325.7,0100,000940,170565732540,A41563,00,00,012,59,05,Y,17,68.54,6854,USD,4734.79,6024.398004393777,6051,M_6051_00023
TX_00000940,CARD_000849,414720******7750,PROD_REWARDS_SIGNATURE,C4_SUBURBAN_FAMILY,2024-01-19T09:59:31.798855+00:00,1705658371.8,0100,000941,170565837141,A68506,00,00,012,59,05,Y,13,64.01,6401,USD,8500.59,8816.218152040512,4816,M_4816_00011
TX_00000941,CARD_000132,414720******6077,PROD_BNPL_SINGLE_USE_VIRTUAL,C3_YOUNG_ADULT_STUDENT,2024-01-19T10:01:05.098374+00:00,1705658465.1,0100,000942,170565846542,A62866,00,00,012,59,05,Y,1,27.7,2770,USD,718.88,662.8358361294337,5411,M_5411_00051
TX_00000942,CARD_000677,414720******7134,PROD_REWARDS_SIGNATURE,C4_SUBURBAN_FAMILY,2024-01-19T10:04:16.634036+00:00,1705658656.63,0100,000943,170565865643,A74705,00,00,012,59,05,Y,5,25.73,2573,USD,4666.26,6024.398004393777,5812,M_5812_00021
TX_00000943,CARD_000132,414720******6077,PROD_BNPL_SINGLE_USE_VIRTUAL,C3_YOUNG_ADULT_STUDENT,2024-01-19T10:08:34.564549+00:00,1705658914.56,0100,000944,170565891444,A52536,00,00,051,00,,Y,14,7.11,711,USD,691.17,662.8358361294337,5814,M_5814_00066
TX_00000944,CARD_000132,414720******6077,PROD_BNPL_SINGLE_USE_VIRTUAL,C3_YOUNG_ADULT_STUDENT,2024-01-19T10:27:19.584283+00:00,1705660039.58,0100,000945,170566003945,A12179,00,00,102,59,05,Y,4,7.84,784,USD,684.06,662.8358361294337,5814,M_5814_00066
TX_00000945,CARD_000132,414720******6077,PROD_BNPL_SINGLE_USE_VIRTUAL,C3_YOUNG_ADULT_STUDENT,2024-01-19T10:57:19.584283+00:00,1705661839.58,0100,000946,170566183946,A21720,00,00,051,00,,Y,17,12.28,1228,USD,676.22,662.8358361294337,5814,M_5814_00066
TX_00000946,CARD_000132,414720******6077,PROD_BNPL_SINGLE_USE_VIRTUAL,C3_YOUNG_ADULT_STUDENT,2024-01-19T11:26:24.626168+00:00,1705663584.63,0100,000947,170566358447,A92149,00,00,102,59,05,Y,23,17.46,1746,USD,663.94,662.8358361294337,5812,M_5812_00093
TX_00000947,CARD_000136,414720******7566,PROD_COMMERCIAL_FLEET,C6_SMALL_BUSINESS_OWNER,2024-01-19T12:11:53.864519+00:00,1705666313.86,0100,000948,170566631348,A69425,00,00,071,00,,Y,35,170.01,17001,USD,4515.83,5000.0,5812,M_5812_00032
TX_00000948,CARD_000819,414720******9885,PROD_REWARDS_SIGNATURE,C4_SUBURBAN_FAMILY,2024-01-19T12:19:16.843855+00:00,1705666756.84,0100,000949,170566675649,A30726,00,00,071,00,,Y,4,20.31,2031,USD,10939.35,10939.349533184395,5812,M_5812_00021
TX_00000949,CARD_000136,414720******7566,PROD_COMMERCIAL_FLEET,C6_SMALL_BUSINESS_OWNER,2024-01-19T12:27:51.543201+00:00,1705667271.54,0100,000950,170566727150,A49260,00,00,071,00,,Y,48,20.1,2010,USD,4345.82,5000.0,5812,M_5812_00032
TX_00000950,CARD_000819,414720******9885,PROD_REWARDS_SIGNATURE,C4_SUBURBAN_FAMILY,2024-01-19T12:33:29.018527+00:00,1705667609.02,0100,000951,170566760951,A92471,00,00,071,00,,Y,26,111.17,11117,USD,10919.04,10939.349533184395,5812,M_5812_00021
TX_00000951,CARD_000819,414720******9885,PROD_REWARDS_SIGNATURE,C4_SUBURBAN_FAMILY,2024-01-19T12:37:41.818242+00:00,1705667861.82,0100,000952,170566786152,A71672,00,00,051,00,,Y,12,17.59,1759,USD,10807.87,10939.349533184395,5812,M_5812_00021
TX_00000952,CARD_000251,414720******1334,PROD_REWARDS_SIGNATURE,C4_SUBURBAN_FAMILY,2024-01-19T12:43:55.493594+00:00,1705668235.49,0100,000953,170566823553,A89786,00,00,102,59,05,Y,14,50.12,5012,USD,14278.78,14437.828043735823,5411,M_5411_00139
TX_00000953,CARD_000136,414720******7566,PROD_COMMERCIAL_FLEET,C6_SMALL_BUSINESS_OWNER,2024-01-19T12:44:27.992384+00:00,1705668267.99,0100,000954,170566826754,A87788,00,00,051,00,,Y,7,115.73,11573,USD,4325.72,5000.0,5812,M_5812_00032
TX_00000954,CARD_000819,414720******9885,PROD_REWARDS_SIGNATURE,C4_SUBURBAN_FAMILY,2024-01-19T12:51:20.248908+00:00,1705668680.25,0100,000955,170566868055,A56104,00,00,071,00,,Y,19,42.37,4237,USD,10790.28,10939.349533184395,5812,M_5812_00021
TX_00000955,CARD_000136,414720******7566,PROD_COMMERCIAL_FLEET,C6_SMALL_BUSINESS_OWNER,2024-01-19T12:57:28.472142+00:00,1705669048.47,0100,000956,170566904856,A47048,00,00,102,59,05,Y,5,84.33,8433,USD,4209.99,5000.0,5999,M_5999_00142
TX_00000956,CARD_000275,414720******2993,PROD_REWARDS_SIGNATURE,C6_SMALL_BUSINESS_OWNER,2024-01-19T13:00:00.475843+00:00,1705669200.48,0100,000957,170566920057,A82978,00,00,102,59,05,Y,12,64.12,6412,USD,12134.53,13042.033843308536,5812,M_5812_00021
TX_00000957,CARD_000136,414720******7566,PROD_COMMERCIAL_FLEET,C6_SMALL_BUSINESS_OWNER,2024-01-19T13:03:28.616568+00:00,1705669408.62,0100,000958,170566940858,A78640,00,00,051,00,,Y,14,30.97,3097,USD,4125.65,5000.0,5311,M_5311_00116
TX_00000958,CARD_000819,414720******9885,PROD_REWARDS_SIGNATURE,C4_SUBURBAN_FAMILY,2024-01-19T13:20:27.460841+00:00,1705670427.46,0100,000959,170567042759,A65174,00,00,051,00,,Y,5,33.23,3323,USD,10747.91,10939.349533184395,5311,M_5311_00052
TX_00000959,CARD_000819,414720******9885,PROD_REWARDS_SIGNATURE,C4_SUBURBAN_FAMILY,2024-01-19T13:24:56.784893+00:00,1705670696.78,0100,000960,170567069660,A17165,00,00,051,00,,Y,48,25.25,2525,USD,10714.68,10939.349533184395,5311,M_5311_00052
TX_00000960,CARD_000819,414720******9885,PROD_REWARDS_SIGNATURE,C4_SUBURBAN_FAMILY,2024-01-19T13:35:11.484915+00:00,1705671311.48,0100,000961,170567131161,A34928,00,00,012,59,05,Y,26,36.07,3607,USD,10689.43,10939.349533184395,5411,M_5411_00068
TX_00000961,CARD_000043,414720******7043,PROD_TOKENIZED_DPAN,C4_SUBURBAN_FAMILY,2024-01-19T13:40:02.554480+00:00,1705671602.55,0100,000962,170567160262,A21118,00,00,071,00,,Y,46,9.48,948,USD,4696.73,5000.0,5999,M_5999_00142
TX_00000962,CARD_000819,414720******9885,PROD_REWARDS_SIGNATURE,C4_SUBURBAN_FAMILY,2024-01-19T13:50:35.677264+00:00,1705672235.68,0100,000963,170567223563,A51640,00,00,071,00,,Y,9,73.92,7392,USD,10653.35,10939.349533184395,5311,M_5311_00052
TX_00000963,CARD_000043,414720******7043,PROD_TOKENIZED_DPAN,C4_SUBURBAN_FAMILY,2024-01-19T13:52:28.555666+00:00,1705672348.56,0100,000964,170567234864,A82831,00,00,071,00,,Y,17,177.29,17729,USD,4687.25,5000.0,5999,M_5999_00142
TX_00000964,CARD_000043,414720******7043,PROD_TOKENIZED_DPAN,C4_SUBURBAN_FAMILY,2024-01-19T14:01:01.024887+00:00,1705672861.02,0100,000965,170567286165,A32998,00,00,012,59,05,Y,7,34.97,3497,USD,4509.96,5000.0,5814,M_5814_00066
TX_00000965,CARD_000043,414720******7043,PROD_TOKENIZED_DPAN,C4_SUBURBAN_FAMILY,2024-01-19T14:18:41.157125+00:00,1705673921.16,0100,000966,170567392166,A30772,00,00,071,00,,Y,10,71.68,7168,USD,4474.99,5000.0,5541,M_5541_00113
TX_00000966,CARD_000627,414720******3638,PROD_REWARDS_SIGNATURE,C4_SUBURBAN_FAMILY,2024-01-19T14:29:46.157960+00:00,1705674586.16,0100,000967,170567458667,A79128,00,00,102,59,05,Y,50,14.23,1423,USD,9670.28,11645.081480572919,5812,M_5812_00021
TX_00000967,CARD_000592,414720******6106,PROD_CLASSIC_REVOLVING,C4_SUBURBAN_FAMILY,2024-01-19T16:19:35.852203+00:00,1705681175.85,0100,000968,170568117568,A71188,00,00,071,00,,Y,11,28.78,2878,USD,2351.95,2351.9483454092956,5812,M_5812_00021
TX_00000968,CARD_000184,414720******7415,PROD_COMMERCIAL_FLEET,C6_SMALL_BUSINESS_OWNER,2024-01-19T16:45:45.595105+00:00,1705682745.6,0100,000969,170568274569,A52725,00,00,051,00,,Y,40,815.94,81594,USD,3974.83,5000.0,5812,M_5812_00021
TX_00000969,CARD_000184,414720******7415,PROD_COMMERCIAL_FLEET,C6_SMALL_BUSINESS_OWNER,2024-01-19T16:49:24.076107+00:00,1705682964.08,0100,000970,170568296470,A12237,00,00,012,59,05,Y,34,24.13,2413,USD,3158.89,5000.0,5999,M_5999_00142
TX_00000970,CARD_000184,414720******7415,PROD_COMMERCIAL_FLEET,C6_SMALL_BUSINESS_OWNER,2024-01-19T16:52:37.079942+00:00,1705683157.08,0100,000971,170568315771,A69780,00,00,102,59,05,Y,17,82.11,8211,USD,3134.76,5000.0,5814,M_5814_00066
TX_00000971,CARD_000184,414720******7415,PROD_COMMERCIAL_FLEET,C6_SMALL_BUSINESS_OWNER,2024-01-19T16:54:08.851845+00:00,1705683248.85,0100,000972,170568324872,A42805,00,00,051,00,,Y,15,428.46,42846,USD,3052.65,5000.0,5812,M_5812_00021
TX_00000972,CARD_000428,414720******6926,PROD_ULTRA_PREMIUM_INFINITE,C5_URBAN_TECH_PROFESSIONAL,2024-01-19T18:18:15.878005+00:00,1705688295.88,0100,000973,170568829573,A52088,00,00,071,00,,Y,42,1.86,186,USD,137589.66,143430.88177423744,5812,M_5812_00123
TX_00000973,CARD_000428,414720******6926,PROD_ULTRA_PREMIUM_INFINITE,C5_URBAN_TECH_PROFESSIONAL,2024-01-19T18:21:05.868439+00:00,1705688465.87,0100,000974,170568846574,A12667,00,00,071,00,,Y,39,59.04,5904,USD,137587.8,143430.88177423744,5812,M_5812_00123
TX_00000974,CARD_000428,414720******6926,PROD_ULTRA_PREMIUM_INFINITE,C5_URBAN_TECH_PROFESSIONAL,2024-01-19T18:28:48.244819+00:00,1705688928.24,0100,000975,170568892875,A16655,00,00,102,59,05,Y,16,158.34,15834,USD,137528.76,143430.88177423744,5812,M_5812_00021
TX_00000975,CARD_000662,414720******6004,PROD_CHECKING_DEBIT,C1_HOURLY_GIG_WORKER,2024-01-19T18:43:19.000011+00:00,1705689799.0,0100,000976,170568979976,A26439,00,00,051,00,,Y,6,12.92,1292,USD,3141.75,2265.0179785724563,5541,M_5541_00113
TX_00000976,CARD_000662,414720******6004,PROD_CHECKING_DEBIT,C1_HOURLY_GIG_WORKER,2024-01-19T18:56:47.198699+00:00,1705690607.2,0100,000977,170569060777,A70356,00,00,051,00,,Y,4,1253.16,125316,USD,3128.83,2265.0179785724563,5541,M_5541_00113
TX_00000977,CARD_000523,414720******4057,PROD_ULTRA_PREMIUM_INFINITE,C7_LUXURY_AFFLUENT,2024-01-19T18:59:59.527933+00:00,1705690799.53,0100,000978,170569079978,A37764,00,00,012,59,05,Y,15,46.29,4629,USD,110006.32,110245.0148777868,5812,M_5812_00021
TX_00000978,CARD_000523,414720******4057,PROD_ULTRA_PREMIUM_INFINITE,C7_LUXURY_AFFLUENT,2024-01-19T19:00:55.370549+00:00,1705690855.37,0100,000979,170569085579,A28270,00,00,071,00,,Y,0,84.23,8423,USD,109960.03,110245.0148777868,5812,M_5812_00102
TX_00000979,CARD_000523,414720******4057,PROD_ULTRA_PREMIUM_INFINITE,C7_LUXURY_AFFLUENT,2024-01-19T19:19:11.427980+00:00,1705691951.43,0100,000980,170569195180,A89616,00,00,051,00,,Y,46,15.22,1522,USD,109875.8,110245.0148777868,5812,M_5812_00102
TX_00000980,CARD_000989,414720******6479,PROD_REWARDS_SIGNATURE,C4_SUBURBAN_FAMILY,2024-01-19T19:28:16.450473+00:00,1705692496.45,0100,000981,170569249681,A97927,00,00,012,59,05,Y,31,68.2,6820,USD,15563.94,15582.22607220478,5999,M_5999_00142
TX_00000981,CARD_000989,414720******6479,PROD_REWARDS_SIGNATURE,C4_SUBURBAN_FAMILY,2024-01-19T19:31:30.665009+00:00,1705692690.67,0100,000982,170569269082,A88644,00,00,071,00,,Y,0,72.66,7266,USD,15495.74,15582.22607220478,5812,M_5812_00021
TX_00000982,CARD_000523,414720******4057,PROD_ULTRA_PREMIUM_INFINITE,C7_LUXURY_AFFLUENT,2024-01-19T19:40:05.178323+00:00,1705693205.18,0100,000983,170569320583,A79338,00,00,071,00,,Y,21,10.3,1030,USD,109860.59,110245.0148777868,5812,M_5812_00102
TX_00000983,CARD_000523,414720******4057,PROD_ULTRA_PREMIUM_INFINITE,C7_LUXURY_AFFLUENT,2024-01-19T19:53:40.964400+00:00,1705694020.96,0100,000984,170569402084,A81736,00,00,012,59,05,Y,28,117.77,11777,USD,109850.28,110245.0148777868,5814,M_5814_00089
TX_00000984,CARD_000523,414720******4057,PROD_ULTRA_PREMIUM_INFINITE,C7_LUXURY_AFFLUENT,2024-01-19T20:04:49.431829+00:00,1705694689.43,0100,000985,170569468985,A49988,00,00,051,00,,Y,43,126.87,12687,USD,109732.52,110245.0148777868,5812,M_5812_00102
TX_00000985,CARD_000523,414720******4057,PROD_ULTRA_PREMIUM_INFINITE,C7_LUXURY_AFFLUENT,2024-01-19T20:20:32.711654+00:00,1705695632.71,0100,000986,170569563286,A90044,00,00,051,00,,Y,4,587.82,58782,USD,109605.65,110245.0148777868,5732,M_5732_00018
TX_00000986,CARD_000523,414720******4057,PROD_ULTRA_PREMIUM_INFINITE,C7_LUXURY_AFFLUENT,2024-01-19T20:46:08.070401+00:00,1705697168.07,0100,000987,170569716887,A76030,00,00,051,00,,Y,15,12.07,1207,USD,109017.83,110245.0148777868,5411,M_5411_00068
TX_00000987,CARD_000681,414720******9455,PROD_CLASSIC_REVOLVING,C4_SUBURBAN_FAMILY,2024-01-20T08:02:52.274420+00:00,1705737772.27,0100,000988,170573777288,A25106,00,00,071,00,,Y,21,13.91,1391,USD,2487.26,2487.256153098914,5542,M_5542_00121
TX_00000988,CARD_000681,414720******9455,PROD_CLASSIC_REVOLVING,C4_SUBURBAN_FAMILY,2024-01-20T08:07:24.703352+00:00,1705738044.7,0100,000989,170573804489,A19971,00,00,071,00,,Y,34,84.7,8470,USD,2473.35,2487.256153098914,5542,M_5542_00121
TX_00000989,CARD_000681,414720******9455,PROD_CLASSIC_REVOLVING,C4_SUBURBAN_FAMILY,2024-01-20T08:11:46.421552+00:00,1705738306.42,0100,000990,170573830690,A54668,00,00,012,59,05,Y,29,8.49,849,USD,2388.65,2487.256153098914,5814,M_5814_00066
TX_00000990,CARD_000681,414720******9455,PROD_CLASSIC_REVOLVING,C4_SUBURBAN_FAMILY,2024-01-20T08:16:34.423947+00:00,1705738594.42,0100,000991,170573859491,A71291,00,00,051,00,,Y,10,46.84,4684,USD,2380.15,2487.256153098914,5542,M_5542_00121
TX_00000991,CARD_000165,414720******2538,PROD_ULTRA_PREMIUM_INFINITE,C7_LUXURY_AFFLUENT,2024-01-20T11:21:25.049932+00:00,1705749685.05,0100,000992,170574968592,A14305,00,00,012,59,05,Y,15,31.71,3171,USD,116934.32,116944.51209915234,5411,M_5411_00038
TX_00000992,CARD_000702,414720******4027,PROD_TOKENIZED_DPAN,C4_SUBURBAN_FAMILY,2024-01-20T11:34:57.041415+00:00,1705750497.04,0100,000993,170575049793,A37074,00,00,012,59,05,Y,19,50.59,5059,USD,5000.0,5000.0,5094,M_5094_00041
TX_00000993,CARD_000702,414720******4027,PROD_TOKENIZED_DPAN,C4_SUBURBAN_FAMILY,2024-01-20T11:38:03.252001+00:00,1705750683.25,0100,000994,170575068394,A89219,00,00,051,00,,Y,4,32.86,3286,USD,4949.41,5000.0,5812,M_5812_00021
TX_00000994,CARD_000702,414720******4027,PROD_TOKENIZED_DPAN,C4_SUBURBAN_FAMILY,2024-01-20T11:42:41.484408+00:00,1705750961.48,0100,000995,170575096195,A99281,00,00,071,00,,Y,11,102.89,10289,USD,4916.56,5000.0,5812,M_5812_00021
TX_00000995,CARD_000587,414720******7320,PROD_REWARDS_SIGNATURE,C5_URBAN_TECH_PROFESSIONAL,2024-01-20T11:42:53.326023+00:00,1705750973.33,0100,000996,170575097396,A12857,00,00,071,00,,Y,27,35.63,3563,USD,12564.22,14340.399229734183,5311,M_5311_00116
TX_00000996,CARD_000702,414720******4027,PROD_TOKENIZED_DPAN,C4_SUBURBAN_FAMILY,2024-01-20T11:46:38.779088+00:00,1705751198.78,0100,000997,170575119897,A34185,00,00,051,00,,Y,14,32.94,3294,USD,4813.67,5000.0,5812,M_5812_00021
TX_00000997,CARD_000702,414720******4027,PROD_TOKENIZED_DPAN,C4_SUBURBAN_FAMILY,2024-01-20T11:58:19.716259+00:00,1705751899.72,0100,000998,170575189998,A63270,00,00,051,00,,Y,34,38.29,3829,USD,4780.73,5000.0,5812,M_5812_00021
TX_00000998,CARD_000587,414720******7320,PROD_REWARDS_SIGNATURE,C5_URBAN_TECH_PROFESSIONAL,2024-01-20T11:58:59.727912+00:00,1705751939.73,0100,000999,170575193999,A57422,00,00,102,59,05,Y,58,54.54,5454,USD,12528.59,14340.399229734183,5812,M_5812_00021
TX_00000999,CARD_000702,414720******4027,PROD_TOKENIZED_DPAN,C4_SUBURBAN_FAMILY,2024-01-20T12:13:24.336418+00:00,1705752804.34,0100,001000,170575280400,A94434,00,00,012,59,05,Y,18,29.09,2909,USD,4742.45,5000.0,5999,M_5999_00136
