transaction_id,clearing_mti,clearing_delay_hours,amount,amount_minor,settled_amount,settled_amount_minor,currency,interchange_fee_minor,mcc,merchant_id,mid,acquirer_bin
TX_00000000,0200,24,1423.45,142345,1423.4494147372916,142345,INR,2491,5411,M_5411_00068,MID_524180_000068,524180
TX_00000001,0200,33,3260.59,326059,3260.591440296679,326059,INR,5706,5311,M_5311_00007,MID_524180_000007,524180
TX_00000002,0200,37,2335.3,233530,2712.62,271262,INR,4747,5812,M_5812_00081,MID_400814_000081,400814
TX_00000003,0200,57,2766.67,276667,2766.6721081237524,276667,INR,4842,5411,M_5411_00058,MID_607152_000058,607152
TX_00000004,0200,39,890.65,89065,890.6505031633413,89065,INR,1559,5411,M_5411_00068,MID_524180_000068,524180
TX_00000005,0200,57,1441.1,144110,1441.0990125645274,144110,INR,2522,5411,M_5411_00068,MID_524180_000068,524180
TX_00000006,0200,63,5929.01,592901,5929.0109252095845,592901,INR,10376,5814,M_5814_00066,MID_524180_000066,524180
TX_00000007,0200,62,2623.54,262354,2623.5435569977676,262354,INR,4591,5541,M_5541_00019,MID_524180_000019,524180
TX_00000008,0200,68,1478.2,147820,1478.1976698733524,147820,INR,2587,5541,M_5541_00019,MID_524180_000019,524180
TX_00000009,0200,46,1623.76,162376,3074.15,307415,INR,5380,5542,M_5542_00121,MID_524180_000121,524180
TX_00000010,0200,44,1210.18,121018,3498.25,349825,INR,6122,5542,M_5542_00121,MID_524180_000121,524180
TX_00000011,0200,70,1762.45,176245,1762.4515126033284,176245,INR,3084,6051,M_6051_00023,MID_400814_000023,400814
TX_00000012,0200,49,436.02,43602,436.01966427566396,43602,INR,763,5311,M_5311_00079,MID_607152_000079,607152
TX_00000013,0200,61,2284.35,228435,2284.352500311915,228435,INR,3998,5311,M_5311_00052,MID_459110_000052,459110
TX_00000014,0200,57,2511.83,251183,2511.8251097754173,251183,INR,4396,5311,M_5311_00052,MID_459110_000052,459110
TX_00000015,0200,47,1720.06,172006,1720.060502379107,172006,INR,3010,5311,M_5311_00052,MID_459110_000052,459110
TX_00000016,0200,56,3313.59,331359,3970.37,397037,INR,6948,5812,M_5812_00021,MID_400814_000021,400814
TX_00000017,0200,35,518.56,51856,518.5557676276962,51856,INR,907,5999,M_5999_00142,MID_459110_000142,459110
TX_00000018,0200,65,2286.52,228652,2286.5182145655945,228652,INR,4001,5999,M_5999_00142,MID_459110_000142,459110
TX_00000019,0200,54,670.7,67070,787.24,78724,INR,1378,5812,M_5812_00123,MID_524180_000123,524180
TX_00000020,0200,63,2077.09,207709,2411.84,241184,INR,4221,5812,M_5812_00021,MID_400814_000021,400814
TX_00000021,0200,26,1113.44,111344,1316.84,131684,INR,2304,5812,M_5812_00081,MID_400814_000081,400814
TX_00000022,0200,47,711.04,71104,847.59,84759,INR,1483,5812,M_5812_00081,MID_400814_000081,400814
TX_00000023,0200,50,1895.05,189505,2268.64,226864,INR,3970,5812,M_5812_00081,MID_400814_000081,400814
TX_00000024,0200,59,1178.15,117815,1178.1504605268115,117815,INR,2062,5814,M_5814_00118,MID_400814_000118,400814
TX_00000025,0200,48,1481.34,148134,1481.34,148134,INR,2592,5812,M_5812_00021,MID_400814_000021,400814
TX_00000026,0200,55,2731.74,273174,2731.73536910604,273174,INR,4781,5411,M_5411_00068,MID_524180_000068,524180
TX_00000027,0200,39,1799.37,179937,1799.3659396601242,179937,INR,3149,5411,M_5411_00068,MID_524180_000068,524180
TX_00000028,0200,25,1822.7,182270,1822.6993508871667,182270,INR,3190,5411,M_5411_00068,MID_524180_000068,524180
TX_00000029,0200,27,571.0,57100,571.0018281463458,57100,INR,999,5411,M_5411_00068,MID_524180_000068,524180
TX_00000030,0200,60,33049.82,3304982,39469.95,3946995,INR,69072,5812,M_5812_00047,MID_459110_000047,459110
TX_00000031,0200,28,6477.69,647769,6477.69170132995,647769,INR,11336,5411,M_5411_00058,MID_607152_000058,607152
TX_00000032,0200,61,1432.48,143248,1638.82,163882,INR,2868,5812,M_5812_00021,MID_400814_000021,400814
TX_00000033,0200,31,1070.95,107095,1191.67,119167,INR,2085,5812,M_5812_00021,MID_400814_000021,400814
TX_00000034,0200,39,4753.24,475324,5268.93,526893,INR,9221,5812,M_5812_00021,MID_400814_000021,400814
TX_00000035,0200,53,1339.12,133912,1339.1177636384787,133912,INR,2343,5999,M_5999_00142,MID_459110_000142,459110
TX_00000036,0200,56,1723.81,172381,1723.8131499290896,172381,INR,3017,5812,M_5812_00081,MID_400814_000081,400814
TX_00000037,0200,63,4199.63,419963,4199.6349033892275,419963,INR,7349,5411,M_5411_00015,MID_607152_000015,607152
TX_00000038,0200,55,4268.87,426887,4268.8704950477795,426887,INR,7471,5411,M_5411_00015,MID_607152_000015,607152
TX_00000039,0200,39,10134.89,1013489,10134.885112377417,1013489,INR,17736,5542,M_5542_00121,MID_524180_000121,524180
TX_00000040,0200,45,1051.4,105140,1551.16,155116,INR,2715,5542,M_5542_00121,MID_524180_000121,524180
TX_00000041,0200,51,598.22,59822,598.2212896866146,59822,INR,1047,5912,M_5912_00003,MID_524180_000003,524180
TX_00000042,0200,47,11483.88,1148388,3072.4,307240,INR,5377,5542,M_5542_00121,MID_524180_000121,524180
TX_00000043,0200,52,3583.97,358397,4259.59,425959,INR,7454,5812,M_5812_00021,MID_400814_000021,400814
TX_00000044,0200,48,31531.95,3153195,2664.95,266495,INR,4664,5542,M_5542_00121,MID_524180_000121,524180
TX_00000045,0200,49,34468.15,3446815,3217.16,321716,INR,5630,5542,M_5542_00121,MID_524180_000121,524180
TX_00000046,0200,32,16254.94,1625494,2506.11,250611,INR,4386,5542,M_5542_00121,MID_524180_000121,524180
TX_00000047,0200,57,2100.9,210090,2100.9014499499785,210090,INR,3677,5541,M_5541_00132,MID_607152_000132,607152
TX_00000048,0200,69,1392.06,139206,1392.0566029562804,139206,INR,2436,5541,M_5541_00132,MID_607152_000132,607152
TX_00000049,0200,61,2377.51,237751,2377.5096369141793,237751,INR,4161,5541,M_5541_00132,MID_607152_000132,607152
TX_00000050,0200,64,1366.94,136694,1366.9430197054623,136694,INR,2392,5541,M_5541_00132,MID_607152_000132,607152
TX_00000051,0200,53,1888.09,188809,1888.0907214275621,188809,INR,3304,5541,M_5541_00132,MID_607152_000132,607152
TX_00000052,0200,62,1096.52,109652,1241.19,124119,INR,2172,5812,M_5812_00102,MID_607152_000102,607152
TX_00000053,0200,59,343.66,34366,343.6596302763221,34366,INR,601,5541,M_5541_00132,MID_607152_000132,607152
TX_00000054,0200,46,1183.63,118363,1183.6289223127662,118363,INR,2071,5541,M_5541_00132,MID_607152_000132,607152
TX_00000055,0200,70,1205.56,120556,1205.564816471628,120556,INR,2110,5541,M_5541_00132,MID_607152_000132,607152
TX_00000056,0200,61,1907.94,190794,1907.942209011192,190794,INR,3339,5541,M_5541_00132,MID_607152_000132,607152
TX_00000057,0200,26,42681.52,4268152,2657.86,265786,INR,4651,5542,M_5542_00053,MID_524180_000053,524180
TX_00000058,0200,66,24238.21,2423821,2454.77,245477,INR,4296,5542,M_5542_00053,MID_524180_000053,524180
TX_00000059,0200,59,2616.4,261640,2964.39,296439,INR,5188,5812,M_5812_00021,MID_400814_000021,400814
TX_00000060,0200,55,2030.52,203052,2030.5164566078433,203052,INR,3553,5311,M_5311_00079,MID_607152_000079,607152
TX_00000061,0200,50,3097.93,309793,3097.9265582963963,309793,INR,5421,5311,M_5311_00104,MID_459110_000104,459110
TX_00000062,0200,32,3473.97,347397,3473.9705636310728,347397,INR,6079,5411,M_5411_00036,MID_459110_000036,459110
TX_00000063,0200,43,30318.59,3031859,30318.59480237678,3031859,INR,53058,5311,M_5311_00052,MID_459110_000052,459110
TX_00000064,0200,39,2439.37,243937,2912.98,291298,INR,5098,5812,M_5812_00021,MID_400814_000021,400814
TX_00000065,0200,57,612.63,61263,612.6321150700675,61263,INR,1072,5999,M_5999_00142,MID_459110_000142,459110
TX_00000066,0200,63,32197.48,3219748,32197.47976744918,3219748,INR,56346,5311,M_5311_00052,MID_459110_000052,459110
TX_00000067,0200,55,2177.38,217738,2416.23,241623,INR,4228,5812,M_5812_00021,MID_400814_000021,400814
TX_00000068,0200,38,302.65,30265,302.646904907157,30265,INR,530,5814,M_5814_00065,MID_607152_000065,607152
TX_00000069,0200,62,1159.13,115913,1159.130630359285,115913,INR,2028,5812,M_5812_00021,MID_400814_000021,400814
TX_00000070,0200,28,1003.28,100328,1003.2843686650257,100328,INR,1756,5814,M_5814_00066,MID_524180_000066,524180
TX_00000071,0200,25,2338.78,233878,2338.7837370318484,233878,INR,4093,5814,M_5814_00056,MID_459110_000056,459110
TX_00000072,0200,53,128.69,12869,128.69,12869,INR,225,5812,M_5812_00021,MID_400814_000021,400814
TX_00000073,0200,48,1585.69,158569,1585.694371225581,158569,INR,2775,5411,M_5411_00074,MID_459110_000074,459110
TX_00000074,0200,56,10199.53,1019953,11763.08,1176308,INR,20585,5812,M_5812_00021,MID_400814_000021,400814
TX_00000075,0200,52,11528.72,1152872,11528.71542834671,1152872,INR,20175,5999,M_5999_00142,MID_459110_000142,459110
TX_00000076,0200,34,1458.66,145866,1458.6551622139782,145866,INR,2553,5411,M_5411_00028,MID_607152_000028,607152
TX_00000077,0200,27,370.57,37057,370.56896108545607,37057,INR,648,5411,M_5411_00015,MID_607152_000015,607152
TX_00000078,0200,53,574.17,57417,675.09,67509,INR,1181,5812,M_5812_00047,MID_459110_000047,459110
TX_00000079,0200,43,718.24,71824,839.89,83989,INR,1470,5812,M_5812_00102,MID_607152_000102,607152
TX_00000080,0200,43,151.15,15115,151.15,15115,INR,265,5411,M_5411_00015,MID_607152_000015,607152
TX_00000081,0200,29,2462.63,246263,2462.625763502054,246263,INR,4310,5411,M_5411_00028,MID_607152_000028,607152
TX_00000082,0200,58,1104.32,110432,1104.3182430035354,110432,INR,1933,6051,M_6051_00023,MID_400814_000023,400814
TX_00000083,0200,31,1429.74,142974,1429.743153681668,142974,INR,2502,5411,M_5411_00058,MID_607152_000058,607152
TX_00000084,0200,27,1262.69,126269,1411.67,141167,INR,2470,5812,M_5812_00067,MID_400814_000067,400814
TX_00000085,0200,37,618.08,61808,618.0753541767981,61808,INR,1082,5411,M_5411_00015,MID_607152_000015,607152
TX_00000086,0200,27,2756.84,275684,3305.34,330534,INR,5784,5812,M_5812_00021,MID_400814_000021,400814
TX_00000087,0200,42,3919.77,391977,3919.7671166252235,391977,INR,6860,5311,M_5311_00052,MID_459110_000052,459110
TX_00000088,0200,59,318.62,31862,318.61638338214897,31862,INR,558,5411,M_5411_00015,MID_607152_000015,607152
TX_00000089,0200,30,732.2,73220,732.1989024009833,73220,INR,1281,5999,M_5999_00142,MID_459110_000142,459110
TX_00000090,0200,25,1804.88,180488,2117.91,211791,INR,3706,5812,M_5812_00081,MID_400814_000081,400814
TX_00000091,0200,56,2610.17,261017,2610.1661221909644,261017,INR,4568,5411,M_5411_00097,MID_524180_000097,524180
TX_00000092,0200,26,11746.93,1174693,11746.929511637818,1174693,INR,20557,5411,M_5411_00015,MID_607152_000015,607152
TX_00000093,0200,41,1455.83,145583,1455.8297818496799,145583,INR,2548,5999,M_5999_00142,MID_459110_000142,459110
TX_00000094,0200,32,4518.28,451828,4993.75,499375,INR,8739,5812,M_5812_00021,MID_400814_000021,400814
TX_00000095,0200,37,1202.48,120248,1202.4789378531286,120248,INR,2104,5411,M_5411_00097,MID_524180_000097,524180
TX_00000096,0200,47,1089.96,108996,1207.45,120745,INR,2113,5812,M_5812_00102,MID_607152_000102,607152
TX_00000097,0200,63,665.52,66552,665.5177727815726,66552,INR,1165,5814,M_5814_00118,MID_400814_000118,400814
TX_00000098,0200,40,1365.89,136589,1365.8907796441572,136589,INR,2390,5411,M_5411_00097,MID_524180_000097,524180
TX_00000099,0200,49,406.74,40674,406.7371222247261,40674,INR,712,5812,M_5812_00145,MID_607152_000145,607152
TX_00000100,0200,27,466.01,46601,466.01046936726453,46601,INR,816,5812,M_5812_00145,MID_607152_000145,607152
TX_00000101,0200,71,1375.81,137581,1375.8120868630645,137581,INR,2408,5411,M_5411_00097,MID_524180_000097,524180
TX_00000102,0200,69,646.41,64641,646.4085197928036,64641,INR,1131,5411,M_5411_00090,MID_459110_000090,459110
TX_00000103,0200,38,422.34,42234,422.3405512807082,42234,INR,739,5411,M_5411_00015,MID_607152_000015,607152
TX_00000104,0200,55,3731.93,373193,4370.11,437011,INR,7648,5812,M_5812_00021,MID_400814_000021,400814
TX_00000105,0200,63,1831.26,183126,2065.93,206593,INR,3615,5812,M_5812_00021,MID_400814_000021,400814
TX_00000106,0200,40,394.98,39498,434.71,43471,INR,761,5812,M_5812_00021,MID_400814_000021,400814
TX_00000107,0200,38,3051.17,305117,3467.98,346798,INR,6069,5812,M_5812_00021,MID_400814_000021,400814
TX_00000108,0200,68,2888.99,288899,2888.985617412276,288899,INR,5056,6513,M_6513_00022,MID_400814_000022,400814
TX_00000109,0200,63,332.99,33299,372.92,37292,INR,653,5812,M_5812_00021,MID_400814_000021,400814
TX_00000110,0200,28,775.79,77579,868.83,86883,INR,1520,5812,M_5812_00123,MID_524180_000123,524180
TX_00000111,0200,25,2068.75,206875,2404.68,240468,INR,4208,5812,M_5812_00123,MID_524180_000123,524180
TX_00000112,0200,43,530.65,53065,630.15,63015,INR,1103,5812,M_5812_00021,MID_400814_000021,400814
TX_00000113,0200,71,901.93,90193,901.9267363349572,90193,INR,1578,5541,M_5541_00113,MID_459110_000113,459110
TX_00000114,0200,67,1338.66,133866,1516.73,151673,INR,2654,5812,M_5812_00021,MID_400814_000021,400814
TX_00000115,0200,41,5313.98,531398,1540.25,154025,INR,2695,5542,M_5542_00053,MID_524180_000053,524180
TX_00000116,0200,39,2201.25,220125,2201.250365555707,220125,INR,3852,5812,M_5812_00021,MID_400814_000021,400814
TX_00000117,0200,63,1752.22,175222,1752.2212044884309,175222,INR,3066,5999,M_5999_00142,MID_459110_000142,459110
TX_00000118,0200,67,880.67,88067,975.09,97509,INR,1706,5812,M_5812_00067,MID_400814_000067,400814
TX_00000119,0200,31,1038.78,103878,1221.59,122159,INR,2138,5812,M_5812_00102,MID_607152_000102,607152
TX_00000120,0200,62,927.89,92789,1032.25,103225,INR,1806,5812,M_5812_00067,MID_400814_000067,400814
TX_00000121,0200,63,2234.9,223490,2501.79,250179,INR,4378,5812,M_5812_00021,MID_400814_000021,400814
TX_00000122,0200,60,375.75,37575,375.7499093774676,37575,INR,658,5411,M_5411_00028,MID_607152_000028,607152
TX_00000123,0200,61,3795.76,379576,3795.7596515318796,379576,INR,6643,5411,M_5411_00028,MID_607152_000028,607152
TX_00000124,0200,45,2662.37,266237,2662.3687398791826,266237,INR,4659,5411,M_5411_00028,MID_607152_000028,607152
TX_00000125,0200,45,1753.03,175303,1753.0284435874862,175303,INR,3068,5411,M_5411_00070,MID_400814_000070,400814
TX_00000126,0200,29,1379.58,137958,1379.5759795837762,137958,INR,2414,5541,M_5541_00095,MID_459110_000095,459110
TX_00000127,0200,30,1361.38,136138,1361.381222663062,136138,INR,2382,5411,M_5411_00036,MID_459110_000036,459110
TX_00000128,0200,53,1553.23,155323,3019.78,301978,INR,5285,5542,M_5542_00077,MID_400814_000077,400814
TX_00000129,0200,64,1804.43,180443,1804.4283095254889,180443,INR,3158,5411,M_5411_00036,MID_459110_000036,459110
TX_00000130,0200,62,1206.37,120637,1445.38,144538,INR,2529,5812,M_5812_00032,MID_400814_000032,400814
TX_00000131,0200,59,1999.39,199939,2221.83,222183,INR,3888,5812,M_5812_00032,MID_400814_000032,400814
TX_00000132,0200,57,1377.99,137799,1579.54,157954,INR,2764,5812,M_5812_00032,MID_400814_000032,400814
TX_00000133,0200,52,1376.07,137607,1533.87,153387,INR,2684,5812,M_5812_00032,MID_400814_000032,400814
TX_00000134,0200,47,802.5,80250,889.79,88979,INR,1557,5812,M_5812_00032,MID_400814_000032,400814
TX_00000135,0200,29,11035.02,1103502,11035.015641227275,1103502,INR,19311,5541,M_5541_00019,MID_524180_000019,524180
TX_00000136,0200,24,218.44,21844,218.4420016833584,21844,INR,382,5999,M_5999_00142,MID_459110_000142,459110
TX_00000137,0200,71,1276.1,127610,1276.1,127610,INR,2233,5814,M_5814_00140,MID_607152_000140,607152
TX_00000138,0200,66,2266.63,226663,2678.23,267823,INR,4687,5812,M_5812_00021,MID_400814_000021,400814
TX_00000139,0200,35,1093.47,109347,1093.466866366113,109347,INR,1914,5999,M_5999_00031,MID_400814_000031,400814
TX_00000140,0200,25,797.68,79768,951.26,95126,INR,1665,5812,M_5812_00021,MID_400814_000021,400814
TX_00000141,0200,41,3304.08,330408,3918.55,391855,INR,6857,5812,M_5812_00021,MID_400814_000021,400814
TX_00000142,0200,51,3007.06,300706,3007.062115829055,300706,INR,5262,5411,M_5411_00028,MID_607152_000028,607152
TX_00000143,0200,52,643.24,64324,767.78,76778,INR,1344,5812,M_5812_00021,MID_400814_000021,400814
TX_00000144,0200,40,1546.54,154654,1546.5416894102073,154654,INR,2706,5999,M_5999_00142,MID_459110_000142,459110
TX_00000145,0200,65,2514.63,251463,2514.6334368790363,251463,INR,4401,5912,M_5912_00117,MID_524180_000117,524180
TX_00000146,0200,26,688.09,68809,688.0939156762701,68809,INR,1204,5912,M_5912_00086,MID_459110_000086,459110
TX_00000147,0200,42,759.25,75925,759.2481862877894,75925,INR,1329,5311,M_5311_00104,MID_459110_000104,459110
TX_00000148,0200,64,706.96,70696,706.9559121964162,70696,INR,1237,5411,M_5411_00058,MID_607152_000058,607152
TX_00000149,0200,36,890.14,89014,890.1372352336548,89014,INR,1558,5411,M_5411_00058,MID_607152_000058,607152
TX_00000150,0200,69,986.02,98602,986.0194183678601,98602,INR,1726,5411,M_5411_00058,MID_607152_000058,607152
TX_00000151,0200,47,1041.37,104137,1041.3702560465,104137,INR,1822,5411,M_5411_00058,MID_607152_000058,607152
TX_00000152,0200,26,5800.86,580086,6465.19,646519,INR,11314,5812,M_5812_00021,MID_400814_000021,400814
TX_00000153,0200,37,935.57,93557,935.5722149117253,93557,INR,1637,5411,M_5411_00015,MID_607152_000015,607152
TX_00000154,0200,45,804.09,80409,804.0882728993818,80409,INR,1407,5999,M_5999_00142,MID_459110_000142,459110
TX_00000155,0200,63,4712.67,471267,4712.669959520294,471267,INR,8247,5999,M_5999_00142,MID_459110_000142,459110
TX_00000156,0200,29,1893.31,189331,1893.3093811784624,189331,INR,3313,5814,M_5814_00089,MID_524180_000089,524180
TX_00000157,0200,52,643.23,64323,643.2308274076793,64323,INR,1126,5411,M_5411_00059,MID_524180_000059,524180
TX_00000158,0200,35,1977.08,197708,1977.0756037050999,197708,INR,3460,5912,M_5912_00091,MID_459110_000091,459110
TX_00000159,0200,52,1182.12,118212,1182.1158026008682,118212,INR,2069,5814,M_5814_00066,MID_524180_000066,524180
TX_00000160,0200,52,2349.75,234975,2671.02,267102,INR,4674,5812,M_5812_00021,MID_400814_000021,400814
TX_00000161,0200,52,137.11,13711,137.1123586169715,13711,INR,240,5812,M_5812_00046,MID_400814_000046,400814
TX_00000162,0200,25,868.3,86830,868.3004338820148,86830,INR,1520,5814,M_5814_00066,MID_524180_000066,524180
TX_00000163,0200,36,695.0,69500,694.9980511168835,69500,INR,1216,5814,M_5814_00066,MID_524180_000066,524180
TX_00000164,0200,58,675.45,67545,675.4465835760466,67545,INR,1182,5814,M_5814_00066,MID_524180_000066,524180
TX_00000165,0200,26,1231.36,123136,1389.8,138980,INR,2432,5812,M_5812_00021,MID_400814_000021,400814
TX_00000166,0200,24,628.66,62866,628.659653868158,62866,INR,1100,5999,M_5999_00142,MID_459110_000142,459110
TX_00000167,0200,33,2888.84,288884,2888.83668497929,288884,INR,5055,5411,M_5411_00025,MID_607152_000025,607152
TX_00000168,0200,24,63.36,6336,63.36,6336,INR,111,5411,M_5411_00025,MID_607152_000025,607152
TX_00000169,0200,33,3201.5,320150,3201.4961680165006,320150,INR,5603,5732,M_5732_00082,MID_607152_000082,607152
TX_00000170,0200,45,60.0,6000,60.0,6000,INR,105,5411,M_5411_00025,MID_607152_000025,607152
TX_00000171,0200,60,3106.24,310624,3106.235898963071,310624,INR,5436,5411,M_5411_00025,MID_607152_000025,607152
TX_00000172,0200,68,1941.47,194147,1941.4730995984673,194147,INR,3398,5411,M_5411_00025,MID_607152_000025,607152
TX_00000173,0200,34,61.11,6111,61.11,6111,INR,107,5311,M_5311_00055,MID_524180_000055,524180
TX_00000174,0200,52,32512.51,3251251,32512.51121494398,3251251,INR,56897,5311,M_5311_00055,MID_524180_000055,524180
TX_00000175,0200,47,7137.91,713791,7137.912557929314,713791,INR,12491,5411,M_5411_00025,MID_607152_000025,607152
TX_00000176,0200,40,1509.38,150938,1509.3764980039377,150938,INR,2641,5411,M_5411_00025,MID_607152_000025,607152
TX_00000177,0200,61,4870.5,487050,4870.503018102514,487050,INR,8523,5814,M_5814_00066,MID_524180_000066,524180
TX_00000178,0200,65,2060.52,206052,2060.5177826763197,206052,INR,3606,5541,M_5541_00113,MID_459110_000113,459110
TX_00000179,0200,40,3355.58,335558,3355.5833473974444,335558,INR,5872,5311,M_5311_00055,MID_524180_000055,524180
TX_00000180,0200,70,1671.06,167106,1671.060214098725,167106,INR,2924,4816,M_4816_00011,MID_459110_000011,459110
TX_00000181,0200,59,2758.78,275878,3205.43,320543,INR,5610,5812,M_5812_00021,MID_400814_000021,400814
TX_00000182,0200,38,1194.65,119465,1194.6468537596552,119465,INR,2091,5311,M_5311_00055,MID_524180_000055,524180
TX_00000183,0200,59,33435.81,3343581,33435.80654970881,3343581,INR,58513,5311,M_5311_00055,MID_524180_000055,524180
TX_00000184,0200,44,870.62,87062,870.624870557699,87062,INR,1524,5411,M_5411_00051,MID_400814_000051,400814
TX_00000185,0200,28,3139.86,313986,3139.857012985201,313986,INR,5495,5311,M_5311_00055,MID_524180_000055,524180
TX_00000186,0200,29,1960.91,196091,1960.9077072732182,196091,INR,3432,5311,M_5311_00055,MID_524180_000055,524180
TX_00000187,0200,47,14187.95,1418795,14187.954435275442,1418795,INR,24829,5311,M_5311_00055,MID_524180_000055,524180
TX_00000188,0200,71,24843.81,2484381,28331.42,2833142,INR,49580,5812,M_5812_00102,MID_607152_000102,607152
TX_00000189,0200,50,10712.04,1071204,10712.037585389335,1071204,INR,18746,5311,M_5311_00055,MID_524180_000055,524180
TX_00000190,0200,42,3825.84,382584,4342.07,434207,INR,7599,5812,M_5812_00021,MID_400814_000021,400814
TX_00000191,0200,27,1318.2,131820,1318.2002736959416,131820,INR,2307,5814,M_5814_00147,MID_607152_000147,607152
TX_00000192,0200,48,47314.18,4731418,47314.182352799646,4731418,INR,82800,5999,M_5999_00142,MID_459110_000142,459110
TX_00000193,0200,47,3159.2,315920,3159.202677958191,315920,INR,5529,5912,M_5912_00117,MID_524180_000117,524180
TX_00000194,0200,47,437.03,43703,437.0259348620135,43703,INR,765,5814,M_5814_00089,MID_524180_000089,524180
TX_00000195,0200,46,1678.28,167828,1678.2802817086315,167828,INR,2937,5411,M_5411_00015,MID_607152_000015,607152
TX_00000196,0200,33,2983.12,298312,2983.117515259973,298312,INR,5220,5411,M_5411_00015,MID_607152_000015,607152
TX_00000197,0200,68,1475.03,147503,1475.03,147503,INR,2581,5999,M_5999_00142,MID_459110_000142,459110
TX_00000198,0200,42,1440.67,144067,1440.67,144067,INR,2521,5812,M_5812_00021,MID_400814_000021,400814
TX_00000199,0200,59,14129.89,1412989,16906.71,1690671,INR,29587,5812,M_5812_00021,MID_400814_000021,400814
TX_00000200,0200,44,872.99,87299,1026.34,102634,INR,1796,5812,M_5812_00021,MID_400814_000021,400814
TX_00000201,0200,48,627.77,62777,627.7746428985694,62777,INR,1099,5732,M_5732_00082,MID_607152_000082,607152
TX_00000202,0200,30,1492.99,149299,1492.9869011964272,149299,INR,2613,5732,M_5732_00082,MID_607152_000082,607152
TX_00000203,0200,26,3480.99,348099,3480.9901027457418,348099,INR,6092,5411,M_5411_00074,MID_459110_000074,459110
TX_00000204,0200,32,1379.37,137937,1594.31,159431,INR,2790,5812,M_5812_00102,MID_607152_000102,607152
TX_00000205,0200,41,1102.82,110282,1102.8219713120914,110282,INR,1930,5999,M_5999_00142,MID_459110_000142,459110
TX_00000206,0200,64,2077.12,207712,2077.1199625966547,207712,INR,3635,5999,M_5999_00142,MID_459110_000142,459110
TX_00000207,0200,69,1445.64,144564,1642.34,164234,INR,2874,5812,M_5812_00021,MID_400814_000021,400814
TX_00000208,0200,39,2811.94,281194,2811.944446552613,281194,INR,4921,5999,M_5999_00142,MID_459110_000142,459110
TX_00000209,0200,31,1873.84,187384,2132.58,213258,INR,3732,5812,M_5812_00067,MID_400814_000067,400814
TX_00000210,0200,62,4519.11,451911,5200.84,520084,INR,9101,5812,M_5812_00067,MID_400814_000067,400814
TX_00000211,0200,71,1022.57,102257,1174.03,117403,INR,2055,5812,M_5812_00067,MID_400814_000067,400814
TX_00000212,0200,70,1195.0,119500,1195.0043415266443,119500,INR,2091,5814,M_5814_00001,MID_524180_000001,524180
TX_00000213,0200,63,4228.15,422815,4228.146400504225,422815,INR,7399,5411,M_5411_00149,MID_524180_000149,524180
TX_00000214,0200,69,586.5,58650,586.4968301592855,58650,INR,1026,5311,M_5311_00052,MID_459110_000052,459110
TX_00000215,0200,25,1699.76,169976,1699.759000268365,169976,INR,2975,5411,M_5411_00015,MID_607152_000015,607152
TX_00000216,0200,26,873.69,87369,1028.01,102801,INR,1799,5812,M_5812_00046,MID_400814_000046,400814
TX_00000217,0200,33,1201.53,120153,1201.5302496587226,120153,INR,2103,5411,M_5411_00015,MID_607152_000015,607152
TX_00000218,0200,46,1320.74,132074,1320.742024299911,132074,INR,2311,5732,M_5732_00045,MID_459110_000045,459110
TX_00000219,0200,51,736.54,73654,736.5439405163813,73654,INR,1289,5732,M_5732_00045,MID_459110_000045,459110
TX_00000220,0200,35,729.78,72978,729.7842217078818,72978,INR,1277,5732,M_5732_00045,MID_459110_000045,459110
TX_00000221,0200,61,668.83,66883,668.829713656904,66883,INR,1170,5311,M_5311_00104,MID_459110_000104,459110
TX_00000222,0200,62,20772.22,2077222,20772.22211418765,2077222,INR,36351,5411,M_5411_00058,MID_607152_000058,607152
TX_00000223,0200,31,446.03,44603,446.0346789322219,44603,INR,781,5814,M_5814_00144,MID_400814_000144,400814
TX_00000224,0200,40,1599.68,159968,1915.62,191562,INR,3352,5812,M_5812_00021,MID_400814_000021,400814
TX_00000225,0200,26,292.2,29220,292.2004101207477,29220,INR,511,5311,M_5311_00116,MID_524180_000116,524180
TX_00000226,0200,42,153.46,15346,153.4610837627707,15346,INR,269,5311,M_5311_00116,MID_524180_000116,524180
TX_00000227,0200,29,3567.45,356745,4035.61,403561,INR,7062,5812,M_5812_00021,MID_400814_000021,400814
TX_00000228,0200,46,232.65,23265,232.64965291772222,23265,INR,407,5311,M_5311_00116,MID_524180_000116,524180
TX_00000229,0200,41,511.97,51197,511.9714028196041,51197,INR,896,5311,M_5311_00116,MID_524180_000116,524180
TX_00000230,0200,58,697.14,69714,697.1426153038922,69714,INR,1220,5912,M_5912_00091,MID_459110_000091,459110
TX_00000231,0200,31,1364.42,136442,1364.4235511679765,136442,INR,2388,5999,M_5999_00142,MID_459110_000142,459110
TX_00000232,0200,63,351.23,35123,351.2272410583941,35123,INR,615,5411,M_5411_00051,MID_400814_000051,400814
TX_00000233,0200,65,660.0,66000,659.9995982489055,66000,INR,1155,5311,M_5311_00007,MID_524180_000007,524180
TX_00000234,0200,71,750.44,75044,750.4370673336425,75044,INR,1313,5311,M_5311_00007,MID_524180_000007,524180
TX_00000235,0200,62,32763.7,3276370,32763.696499104342,3276370,INR,57336,5311,M_5311_00007,MID_524180_000007,524180
TX_00000236,0200,43,220.17,22017,220.17244265611848,22017,INR,385,5411,M_5411_00049,MID_524180_000049,524180
TX_00000237,0200,50,209.37,20937,238.71,23871,INR,418,5812,M_5812_00021,MID_400814_000021,400814
TX_00000238,0200,25,1720.59,172059,1720.5885091573518,172059,INR,3011,5411,M_5411_00073,MID_459110_000073,459110
TX_00000239,0200,31,492.12,49212,575.53,57553,INR,1007,5812,M_5812_00102,MID_607152_000102,607152
TX_00000240,0200,66,615.55,61555,615.5462059058842,61555,INR,1077,5311,M_5311_00007,MID_524180_000007,524180
TX_00000241,0200,61,834.62,83462,834.6161340855002,83462,INR,1461,5311,M_5311_00007,MID_524180_000007,524180
TX_00000242,0200,59,1850.76,185076,2230.24,223024,INR,3903,5542,M_5542_00053,MID_524180_000053,524180
TX_00000243,0200,66,4247.6,424760,4907.17,490717,INR,8588,5812,M_5812_00102,MID_607152_000102,607152
TX_00000244,0200,35,809.79,80979,809.7898279523223,80979,INR,1417,5912,M_5912_00105,MID_607152_000105,607152
TX_00000245,0200,64,896.87,89687,896.8716259115746,89687,INR,1570,5311,M_5311_00138,MID_607152_000138,607152
TX_00000246,0200,43,2195.05,219505,2195.047771318645,219505,INR,3841,5311,M_5311_00024,MID_607152_000024,607152
TX_00000247,0200,51,1027.29,102729,1027.2912416700724,102729,INR,1798,5411,M_5411_00084,MID_607152_000084,607152
TX_00000248,0200,39,1222.27,122227,1222.2666075699467,122227,INR,2139,5912,M_5912_00048,MID_524180_000048,524180
TX_00000249,0200,51,4701.09,470109,5526.82,552682,INR,9672,5812,M_5812_00126,MID_459110_000126,459110
TX_00000250,0200,64,1711.33,171133,1998.77,199877,INR,3498,5812,M_5812_00126,MID_459110_000126,459110
TX_00000251,0200,29,1179.56,117956,1333.12,133312,INR,2333,5812,M_5812_00126,MID_459110_000126,459110
TX_00000252,0200,36,1558.2,155820,1735.84,173584,INR,3038,5812,M_5812_00021,MID_400814_000021,400814
TX_00000253,0200,50,3528.61,352861,3900.56,390056,INR,6826,5812,M_5812_00112,MID_400814_000112,400814
TX_00000254,0200,38,971.57,97157,971.5712698455826,97157,INR,1700,5411,M_5411_00025,MID_607152_000025,607152
TX_00000255,0200,40,1683.26,168326,1683.2634734732692,168326,INR,2946,5814,M_5814_00066,MID_524180_000066,524180
TX_00000256,0200,35,709.46,70946,806.4,80640,INR,1411,5812,M_5812_00102,MID_607152_000102,607152
TX_00000257,0200,39,1026.92,102692,1026.9152100714184,102692,INR,1797,5732,M_5732_00045,MID_459110_000045,459110
TX_00000258,0200,31,448.49,44849,448.48891802792446,44849,INR,785,5814,M_5814_00140,MID_607152_000140,607152
TX_00000259,0200,45,409.75,40975,409.74889011425466,40975,INR,717,5732,M_5732_00045,MID_459110_000045,459110
TX_00000260,0200,63,384.24,38424,384.24096881771817,38424,INR,672,5732,M_5732_00045,MID_459110_000045,459110
TX_00000261,0200,52,481.48,48148,481.4808080520194,48148,INR,843,5814,M_5814_00069,MID_459110_000069,459110
TX_00000262,0200,33,528.99,52899,608.0,60800,INR,1064,5812,M_5812_00021,MID_400814_000021,400814
TX_00000263,0200,42,693.48,69348,815.48,81548,INR,1427,5812,M_5812_00021,MID_400814_000021,400814
TX_00000264,0200,51,2215.42,221542,2215.4191735132345,221542,INR,3877,5814,M_5814_00066,MID_524180_000066,524180
TX_00000265,0200,40,31106.08,3110608,31106.079482801477,3110608,INR,54436,5814,M_5814_00066,MID_524180_000066,524180
TX_00000266,0200,48,3214.92,321492,3214.922608369684,321492,INR,5626,5732,M_5732_00045,MID_459110_000045,459110
TX_00000267,0200,39,1741.69,174169,1741.6879667966477,174169,INR,3048,5541,M_5541_00019,MID_524180_000019,524180
TX_00000268,0200,25,319.69,31969,319.6909030676112,31969,INR,559,5732,M_5732_00013,MID_459110_000013,459110
TX_00000269,0200,33,210.28,21028,245.59,24559,INR,430,5812,M_5812_00081,MID_400814_000081,400814
TX_00000270,0200,44,2724.56,272456,2724.5612891823803,272456,INR,4768,5541,M_5541_00113,MID_459110_000113,459110
TX_00000271,0200,34,24645.75,2464575,24645.752861427914,2464575,INR,43130,5541,M_5541_00113,MID_459110_000113,459110
TX_00000272,0200,52,3239.96,323996,3239.9552479906874,323996,INR,5670,5541,M_5541_00113,MID_459110_000113,459110
TX_00000273,0200,44,7201.87,720187,7201.867428612032,720187,INR,12603,5411,M_5411_00058,MID_607152_000058,607152
TX_00000274,0200,34,1848.08,184808,1848.082106912871,184808,INR,3234,5912,M_5912_00003,MID_524180_000003,524180
TX_00000275,0200,47,2841.03,284103,2841.0298192996875,284103,INR,4972,5541,M_5541_00113,MID_459110_000113,459110
TX_00000276,0200,69,15103.34,1510334,17909.07,1790907,INR,31341,5812,M_5812_00021,MID_400814_000021,400814
TX_00000277,0200,48,1489.45,148945,1489.4461339364273,148945,INR,2607,4816,M_4816_00109,MID_459110_000109,459110
TX_00000278,0200,66,3809.37,380937,3809.3722271752627,380937,INR,6666,5541,M_5541_00129,MID_400814_000129,400814
TX_00000279,0200,27,1233.46,123346,1447.74,144774,INR,2534,5812,M_5812_00021,MID_400814_000021,400814
TX_00000280,0200,55,3291.05,329105,3926.19,392619,INR,6871,5812,M_5812_00021,MID_400814_000021,400814
TX_00000281,0200,54,1143.32,114332,1301.16,130116,INR,2277,5812,M_5812_00021,MID_400814_000021,400814
TX_00000282,0200,71,5675.66,567566,6387.37,638737,INR,11178,5812,M_5812_00021,MID_400814_000021,400814
TX_00000283,0200,45,1747.91,174791,1935.4,193540,INR,3387,5812,M_5812_00021,MID_400814_000021,400814
TX_00000284,0200,68,3864.63,386463,4635.53,463553,INR,8112,5812,M_5812_00021,MID_400814_000021,400814
TX_00000285,0200,64,3343.98,334398,3343.9764673060645,334398,INR,5852,5411,M_5411_00015,MID_607152_000015,607152
TX_00000286,0200,33,2425.78,242578,2425.7833798134493,242578,INR,4245,5812,M_5812_00021,MID_400814_000021,400814
TX_00000287,0200,47,1010.67,101067,1010.6741483330006,101067,INR,1769,5812,M_5812_00096,MID_459110_000096,459110
TX_00000288,0200,26,757.88,75788,757.8780617624288,75788,INR,1326,5999,M_5999_00142,MID_459110_000142,459110
TX_00000289,0200,40,5748.3,574830,5748.299349993722,574830,INR,10060,5411,M_5411_00015,MID_607152_000015,607152
TX_00000290,0200,29,1103.06,110306,1103.0637670451852,110306,INR,1930,5732,M_5732_00045,MID_459110_000045,459110
TX_00000291,0200,45,3126.47,312647,3126.4651490581373,312647,INR,5471,5411,M_5411_00015,MID_607152_000015,607152
TX_00000292,0200,57,3844.95,384495,3844.9515666172833,384495,INR,6729,5411,M_5411_00015,MID_607152_000015,607152
TX_00000293,0200,55,5312.2,531220,5312.200699481591,531220,INR,9296,5411,M_5411_00015,MID_607152_000015,607152
TX_00000294,0200,63,2046.23,204623,2046.2297065034131,204623,INR,3581,5912,M_5912_00101,MID_459110_000101,459110
TX_00000295,0200,68,1904.2,190420,2203.96,220396,INR,3857,5812,M_5812_00021,MID_400814_000021,400814
TX_00000296,0200,38,4077.56,407756,4077.5573526258336,407756,INR,7136,5411,M_5411_00068,MID_524180_000068,524180
TX_00000297,0200,46,635.97,63597,713.05,71305,INR,1248,5812,M_5812_00021,MID_400814_000021,400814
TX_00000298,0200,53,8315.6,831560,9307.27,930727,INR,16288,5812,M_5812_00021,MID_400814_000021,400814
TX_00000299,0200,54,125.29,12529,125.29,12529,INR,219,5411,M_5411_00098,MID_524180_000098,524180
TX_00000300,0200,59,644.66,64466,644.6639829971917,64466,INR,1128,5411,M_5411_00098,MID_524180_000098,524180
TX_00000301,0200,26,1388.99,138899,1388.988647220647,138899,INR,2431,5541,M_5541_00057,MID_607152_000057,607152
TX_00000302,0200,64,1793.38,179338,1793.377832906811,179338,INR,3138,5944,M_5944_00115,MID_400814_000115,400814
TX_00000303,0200,31,1522.8,152280,2105.08,210508,INR,3684,5542,M_5542_00053,MID_524180_000053,524180
TX_00000304,0200,42,2638.81,263881,3149.68,314968,INR,5512,5812,M_5812_00102,MID_607152_000102,607152
TX_00000305,0200,30,753.22,75322,753.2212183339407,75322,INR,1318,5912,M_5912_00030,MID_400814_000030,400814
TX_00000306,0200,60,2849.6,284960,2849.5955044027787,284960,INR,4987,5541,M_5541_00057,MID_607152_000057,607152
TX_00000307,0200,68,228.71,22871,228.70649352113412,22871,INR,400,5999,M_5999_00142,MID_459110_000142,459110
TX_00000308,0200,30,703.49,70349,703.4935133087946,70349,INR,1231,5541,M_5541_00057,MID_607152_000057,607152
TX_00000309,0200,29,584.18,58418,584.1795650589667,58418,INR,1022,5311,M_5311_00079,MID_607152_000079,607152
TX_00000310,0200,25,15014.83,1501483,15014.83135636448,1501483,INR,26276,5411,M_5411_00049,MID_524180_000049,524180
TX_00000311,0200,62,35663.39,3566339,35663.393768054986,3566339,INR,62411,5541,M_5541_00057,MID_607152_000057,607152
TX_00000312,0200,45,3297.3,329730,3297.297667187375,329730,INR,5770,5541,M_5541_00057,MID_607152_000057,607152
TX_00000313,0200,67,1119.71,111971,1119.7099134519924,111971,INR,1959,5541,M_5541_00057,MID_607152_000057,607152
TX_00000314,0200,34,2904.84,290484,2904.842085182076,290484,INR,5083,5541,M_5541_00057,MID_607152_000057,607152
TX_00000315,0200,65,3876.18,387618,3876.1817176807945,387618,INR,6783,5732,M_5732_00082,MID_607152_000082,607152
TX_00000316,0200,53,1590.8,159080,1590.8002386760077,159080,INR,2784,5732,M_5732_00082,MID_607152_000082,607152
TX_00000317,0200,58,824.21,82421,908.35,90835,INR,1590,5812,M_5812_00021,MID_400814_000021,400814
TX_00000318,0200,26,415.67,41567,415.66563106403123,41567,INR,727,5411,M_5411_00058,MID_607152_000058,607152
TX_00000319,0200,43,13125.49,1312549,13125.48998362348,1312549,INR,22970,5411,M_5411_00058,MID_607152_000058,607152
TX_00000320,0200,71,224.99,22499,262.95,26295,INR,460,5812,M_5812_00081,MID_400814_000081,400814
TX_00000321,0200,40,1029.73,102973,1231.65,123165,INR,2155,5812,M_5812_00081,MID_400814_000081,400814
TX_00000322,0200,64,1445.0,144500,1661.34,166134,INR,2907,5812,M_5812_00081,MID_400814_000081,400814
TX_00000323,0200,63,487.97,48797,487.9712114165579,48797,INR,854,5541,M_5541_00113,MID_459110_000113,459110
TX_00000324,0200,52,763.33,76333,763.3303889199599,76333,INR,1336,5814,M_5814_00034,MID_607152_000034,607152
TX_00000325,0200,63,396.15,39615,396.14972711064064,39615,INR,693,5814,M_5814_00034,MID_607152_000034,607152
TX_00000326,0200,27,898.65,89865,898.650184083356,89865,INR,1573,5814,M_5814_00034,MID_607152_000034,607152
TX_00000327,0200,58,5210.67,521067,5210.669085158366,521067,INR,9119,5999,M_5999_00142,MID_459110_000142,459110
TX_00000328,0200,59,1374.15,137415,1374.1543474709354,137415,INR,2405,5999,M_5999_00142,MID_459110_000142,459110
TX_00000329,0200,58,17913.07,1791307,17913.074576248415,1791307,INR,31348,5999,M_5999_00142,MID_459110_000142,459110
TX_00000330,0200,36,6558.57,655857,6558.57394438823,655857,INR,11478,5411,M_5411_00149,MID_524180_000149,524180
TX_00000331,0200,51,1871.54,187154,2215.27,221527,INR,3877,5812,M_5812_00102,MID_607152_000102,607152
TX_00000332,0200,27,3061.17,306117,3061.1730285035064,306117,INR,5357,5311,M_5311_00104,MID_459110_000104,459110
TX_00000333,0200,34,7545.01,754501,7545.012217489655,754501,INR,13204,5411,M_5411_00073,MID_459110_000073,459110
TX_00000334,0200,37,7714.58,771458,7714.583454408563,771458,INR,13501,5812,M_5812_00067,MID_400814_000067,400814
TX_00000335,0200,52,2760.55,276055,2760.5543387828684,276055,INR,4831,5411,M_5411_00058,MID_607152_000058,607152
TX_00000336,0200,32,726.18,72618,726.18,72618,INR,1271,5812,M_5812_00021,MID_400814_000021,400814
TX_00000337,0200,28,2214.52,221452,2537.67,253767,INR,4441,5812,M_5812_00021,MID_400814_000021,400814
TX_00000338,0200,53,3545.25,354525,3545.2527405182236,354525,INR,6204,5411,M_5411_00051,MID_400814_000051,400814
TX_00000339,0200,33,4638.09,463809,4638.093854655234,463809,INR,8117,6513,M_6513_00022,MID_400814_000022,400814
TX_00000340,0200,38,7929.8,792980,7929.802959495546,792980,INR,13877,5814,M_5814_00066,MID_524180_000066,524180
TX_00000341,0200,44,2304.34,230434,2304.344771378938,230434,INR,4033,5814,M_5814_00066,MID_524180_000066,524180
TX_00000342,0200,63,1581.51,158151,1761.49,176149,INR,3083,5812,M_5812_00021,MID_400814_000021,400814
TX_00000343,0200,58,459.07,45907,459.0652361203663,45907,INR,803,5814,M_5814_00118,MID_400814_000118,400814
TX_00000344,0200,44,558.91,55891,558.9124396510713,55891,INR,978,5311,M_5311_00138,MID_607152_000138,607152
TX_00000345,0200,64,1445.14,144514,1445.138489290355,144514,INR,2529,5999,M_5999_00142,MID_459110_000142,459110
TX_00000346,0200,56,1809.36,180936,1809.3588081029895,180936,INR,3166,5999,M_5999_00099,MID_400814_000099,400814
TX_00000347,0200,35,2043.11,204311,2043.1050374505903,204311,INR,3575,5814,M_5814_00066,MID_524180_000066,524180
TX_00000348,0200,54,2567.33,256733,2567.3304856770965,256733,INR,4493,5814,M_5814_00066,MID_524180_000066,524180
TX_00000349,0200,59,728.59,72859,728.5916979016981,72859,INR,1275,5814,M_5814_00066,MID_524180_000066,524180
TX_00000350,0200,61,890.18,89018,890.176723816718,89018,INR,1558,5912,M_5912_00117,MID_524180_000117,524180
TX_00000351,0200,60,952.46,95246,952.4587108980971,95246,INR,1667,5944,M_5944_00002,MID_524180_000002,524180
TX_00000352,0200,57,4678.31,467831,4678.311124650634,467831,INR,8187,5944,M_5944_00002,MID_524180_000002,524180
TX_00000353,0200,53,1523.17,152317,1523.1702468394633,152317,INR,2666,5944,M_5944_00002,MID_524180_000002,524180
TX_00000354,0200,33,12120.88,1212088,12120.882699935351,1212088,INR,21212,5541,M_5541_00113,MID_459110_000113,459110
TX_00000355,0200,30,1008.61,100861,1008.6082957515674,100861,INR,1765,5814,M_5814_00037,MID_459110_000037,459110
TX_00000356,0200,61,327.84,32784,327.8418250794102,32784,INR,574,5814,M_5814_00037,MID_459110_000037,459110
TX_00000357,0200,30,628.6,62860,628.6035637530373,62860,INR,1100,5814,M_5814_00037,MID_459110_000037,459110
TX_00000358,0200,60,72900.13,7290013,72900.13113122198,7290013,INR,127575,5812,M_5812_00021,MID_400814_000021,400814
TX_00000359,0200,47,1758.06,175806,1982.21,198221,INR,3469,5812,M_5812_00146,MID_524180_000146,524180
TX_00000360,0200,57,1625.87,162587,1625.871930176204,162587,INR,2845,5814,M_5814_00037,MID_459110_000037,459110
TX_00000361,0200,54,668.0,66800,779.7,77970,INR,1364,5812,M_5812_00021,MID_400814_000021,400814
TX_00000362,0200,29,1075.04,107504,1075.037510171788,107504,INR,1881,5732,M_5732_00045,MID_459110_000045,459110
TX_00000363,0200,70,822.16,82216,822.1559744609613,82216,INR,1439,5912,M_5912_00101,MID_459110_000101,459110
TX_00000364,0200,46,3197.62,319762,3197.6150274532947,319762,INR,5596,5999,M_5999_00142,MID_459110_000142,459110
TX_00000365,0200,62,1516.6,151660,1727.86,172786,INR,3024,5812,M_5812_00145,MID_607152_000145,607152
TX_00000366,0200,55,547.39,54739,547.3929843403582,54739,INR,958,5814,M_5814_00037,MID_459110_000037,459110
TX_00000367,0200,53,32000.0,3200000,32000.0,3200000,INR,56000,5912,M_5912_00101,MID_459110_000101,459110
TX_00000368,0200,66,498.41,49841,498.4148379255354,49841,INR,872,5814,M_5814_00118,MID_400814_000118,400814
TX_00000369,0200,52,1618.59,161859,1618.5919803856427,161859,INR,2833,5912,M_5912_00101,MID_459110_000101,459110
TX_00000370,0200,29,512.72,51272,512.7193680606097,51272,INR,897,5411,M_5411_00015,MID_607152_000015,607152
TX_00000371,0200,41,406.36,40636,406.3551509677282,40636,INR,711,5999,M_5999_00142,MID_459110_000142,459110
TX_00000372,0200,34,324.25,32425,324.2515059580096,32425,INR,567,5311,M_5311_00104,MID_459110_000104,459110
TX_00000373,0200,50,470.62,47062,470.6178598252775,47062,INR,824,5411,M_5411_00015,MID_607152_000015,607152
TX_00000374,0200,44,1115.16,111516,1115.1580698788043,111516,INR,1952,5311,M_5311_00104,MID_459110_000104,459110
TX_00000375,0200,31,526.31,52631,526.3055183175483,52631,INR,921,5541,M_5541_00129,MID_400814_000129,400814
TX_00000376,0200,62,403.35,40335,403.35262173868705,40335,INR,706,5311,M_5311_00104,MID_459110_000104,459110
TX_00000377,0200,33,356.55,35655,356.5508452138665,35655,INR,624,5311,M_5311_00104,MID_459110_000104,459110
TX_00000378,0200,54,2230.48,223048,2230.4762593989103,223048,INR,3903,5411,M_5411_00015,MID_607152_000015,607152
TX_00000379,0200,63,1233.11,123311,1233.108355344643,123311,INR,2158,5732,M_5732_00045,MID_459110_000045,459110
TX_00000380,0200,44,648.32,64832,648.317603908002,64832,INR,1135,5999,M_5999_00142,MID_459110_000142,459110
TX_00000381,0200,37,18301.59,1830159,18301.585029496448,1830159,INR,32028,5411,M_5411_00051,MID_400814_000051,400814
TX_00000382,0200,53,1333.95,133395,1333.9451509922865,133395,INR,2334,5411,M_5411_00098,MID_524180_000098,524180
TX_00000383,0200,37,1412.06,141206,1693.01,169301,INR,2963,5812,M_5812_00081,MID_400814_000081,400814
TX_00000384,0200,56,556.92,55692,556.9173894116146,55692,INR,975,5541,M_5541_00143,MID_607152_000143,607152
TX_00000385,0200,32,814.29,81429,814.2915569901415,81429,INR,1425,5912,M_5912_00117,MID_524180_000117,524180
TX_00000386,0200,57,965.22,96522,965.2219727364331,96522,INR,1689,5912,M_5912_00117,MID_524180_000117,524180
TX_00000387,0200,33,92546.63,9254663,92546.63329797497,9254663,INR,161957,5912,M_5912_00029,MID_459110_000029,459110
TX_00000388,0200,28,1309.78,130978,1309.7838893256112,130978,INR,2292,5311,M_5311_00020,MID_400814_000020,400814
TX_00000389,0200,64,1587.6,158760,1587.601432338255,158760,INR,2778,5311,M_5311_00104,MID_459110_000104,459110
TX_00000390,0200,41,9071.0,907100,9070.997527666585,907100,INR,15874,5311,M_5311_00104,MID_459110_000104,459110
TX_00000391,0200,51,1130.02,113002,1346.98,134698,INR,2357,5812,M_5812_00145,MID_607152_000145,607152
TX_00000392,0200,58,2169.48,216948,2169.4843123915334,216948,INR,3797,5541,M_5541_00113,MID_459110_000113,459110
TX_00000393,0200,60,2654.76,265476,2654.764914298091,265476,INR,4646,5411,M_5411_00049,MID_524180_000049,524180
TX_00000394,0200,32,7570.7,757070,7570.698844461612,757070,INR,13249,5541,M_5541_00113,MID_459110_000113,459110
TX_00000395,0200,31,3128.29,312829,3128.28568746462,312829,INR,5474,5311,M_5311_00104,MID_459110_000104,459110
TX_00000396,0200,53,6455.18,645518,6455.184605046086,645518,INR,11297,5541,M_5541_00113,MID_459110_000113,459110
TX_00000397,0200,45,9323.89,932389,9323.892482165485,932389,INR,16317,5814,M_5814_00089,MID_524180_000089,524180
TX_00000398,0200,41,1663.2,166320,1663.1987232442025,166320,INR,2911,5311,M_5311_00104,MID_459110_000104,459110
TX_00000399,0200,58,3565.37,356537,3565.367471389509,356537,INR,6239,5541,M_5541_00113,MID_459110_000113,459110
TX_00000400,0200,30,2947.57,294757,2947.5743454965886,294757,INR,5158,5541,M_5541_00113,MID_459110_000113,459110
TX_00000401,0200,63,1570.42,157042,1570.424650182445,157042,INR,2748,5541,M_5541_00113,MID_459110_000113,459110
TX_00000402,0200,52,1960.67,196067,1960.6736799158957,196067,INR,3431,5411,M_5411_00058,MID_607152_000058,607152
TX_00000403,0200,62,848.86,84886,848.8579803503894,84886,INR,1486,5814,M_5814_00089,MID_524180_000089,524180
TX_00000404,0200,65,1245.76,124576,1245.7614133670265,124576,INR,2180,5411,M_5411_00090,MID_459110_000090,459110
TX_00000405,0200,25,2177.24,217724,2177.236113858492,217724,INR,3810,5411,M_5411_00085,MID_459110_000085,459110
TX_00000406,0200,43,2091.02,209102,2091.0184564519336,209102,INR,3659,5814,M_5814_00066,MID_524180_000066,524180
TX_00000407,0200,64,2253.72,225372,2486.36,248636,INR,4351,5812,M_5812_00021,MID_400814_000021,400814
TX_00000408,0200,48,1532.34,153234,1532.3350476904038,153234,INR,2682,4816,M_4816_00011,MID_459110_000011,459110
TX_00000409,0200,46,864.09,86409,864.0916773783115,86409,INR,1512,5311,M_5311_00116,MID_524180_000116,524180
TX_00000410,0200,62,3936.36,393636,3936.363321223569,393636,INR,6889,5541,M_5541_00113,MID_459110_000113,459110
TX_00000411,0200,47,2871.5,287150,2871.4986225238404,287150,INR,5025,5411,M_5411_00098,MID_524180_000098,524180
TX_00000412,0200,58,2424.32,242432,2787.53,278753,INR,4878,5812,M_5812_00021,MID_400814_000021,400814
TX_00000413,0200,43,597.54,59754,597.5401411190195,59754,INR,1046,5814,M_5814_00137,MID_400814_000137,400814
TX_00000414,0200,45,1421.59,142159,1421.5885369981686,142159,INR,2488,4816,M_4816_00011,MID_459110_000011,459110
TX_00000415,0200,56,4990.3,499030,4990.301451951014,499030,INR,8733,5411,M_5411_00015,MID_607152_000015,607152
TX_00000416,0200,38,2063.97,206397,2344.19,234419,INR,4102,5812,M_5812_00081,MID_400814_000081,400814
TX_00000417,0200,59,2299.62,229962,2608.89,260889,INR,4566,5812,M_5812_00081,MID_400814_000081,400814
TX_00000418,0200,51,2315.25,231525,2763.33,276333,INR,4836,5812,M_5812_00021,MID_400814_000021,400814
TX_00000419,0200,66,131.51,13151,131.51,13151,INR,230,5411,M_5411_00015,MID_607152_000015,607152
TX_00000420,0200,52,443.81,44381,443.8133830752813,44381,INR,777,5912,M_5912_00003,MID_524180_000003,524180
TX_00000421,0200,33,1382.2,138220,1382.197790722939,138220,INR,2419,5411,M_5411_00059,MID_524180_000059,524180
TX_00000422,0200,42,1075.41,107541,1075.411340809906,107541,INR,1882,5411,M_5411_00073,MID_459110_000073,459110
TX_00000423,0200,40,1085.4,108540,1085.4009919283956,108540,INR,1899,4816,M_4816_00011,MID_459110_000011,459110
TX_00000424,0200,67,1315.88,131588,1315.8803660295964,131588,INR,2303,5411,M_5411_00059,MID_524180_000059,524180
TX_00000425,0200,39,1598.44,159844,1762.65,176265,INR,3085,5812,M_5812_00093,MID_524180_000093,524180
TX_00000426,0200,66,982.29,98229,982.2873953962585,98229,INR,1719,4816,M_4816_00100,MID_524180_000100,524180
TX_00000427,0200,65,2106.14,210614,2106.1352437513765,210614,INR,3686,5411,M_5411_00059,MID_524180_000059,524180
TX_00000428,0200,52,402.45,40245,472.66,47266,INR,827,5812,M_5812_00021,MID_400814_000021,400814
TX_00000429,0200,38,883.38,88338,883.3777721936781,88338,INR,1546,5411,M_5411_00059,MID_524180_000059,524180
TX_00000430,0200,42,1149.37,114937,1149.371941221831,114937,INR,2011,5411,M_5411_00059,MID_524180_000059,524180
TX_00000431,0200,69,1536.73,153673,1816.58,181658,INR,3179,5812,M_5812_00102,MID_607152_000102,607152
TX_00000432,0200,69,1024.11,102411,1024.1088105288898,102411,INR,1792,5912,M_5912_00117,MID_524180_000117,524180
TX_00000433,0200,50,475.35,47535,475.3516884834283,47535,INR,832,5912,M_5912_00117,MID_524180_000117,524180
TX_00000434,0200,69,1119.99,111999,1119.9927642408147,111999,INR,1960,5912,M_5912_00117,MID_524180_000117,524180
TX_00000435,0200,37,1001.3,100130,1001.3038516241244,100130,INR,1752,5814,M_5814_00061,MID_459110_000061,459110
TX_00000436,0200,53,1306.22,130622,1306.215836396203,130622,INR,2286,5912,M_5912_00117,MID_524180_000117,524180
TX_00000437,0200,62,1287.34,128734,1500.67,150067,INR,2626,5812,M_5812_00021,MID_400814_000021,400814
TX_00000438,0200,50,707.15,70715,707.1468764315766,70715,INR,1238,6513,M_6513_00022,MID_400814_000022,400814
TX_00000439,0200,54,4960.83,496083,5635.91,563591,INR,9863,5812,M_5812_00102,MID_607152_000102,607152
TX_00000440,0200,44,3489.26,348926,4130.21,413021,INR,7228,5812,M_5812_00021,MID_400814_000021,400814
TX_00000441,0200,34,4619.85,461985,5466.46,546646,INR,9566,5812,M_5812_00021,MID_400814_000021,400814
TX_00000442,0200,53,1668.05,166805,1927.06,192706,INR,3372,5812,M_5812_00046,MID_400814_000046,400814
TX_00000443,0200,58,572.56,57256,572.5623545260813,57256,INR,1002,5411,M_5411_00058,MID_607152_000058,607152
TX_00000444,0200,25,2790.18,279018,3137.85,313785,INR,5491,5812,M_5812_00102,MID_607152_000102,607152
TX_00000445,0200,43,2572.07,257207,3046.53,304653,INR,5331,5812,M_5812_00021,MID_400814_000021,400814
TX_00000446,0200,62,18296.05,1829605,21478.14,2147814,INR,37587,5812,M_5812_00021,MID_400814_000021,400814
TX_00000447,0200,57,2140.62,214062,2140.6244732031237,214062,INR,3746,5411,M_5411_00036,MID_459110_000036,459110
TX_00000448,0200,29,10534.11,1053411,10534.105377334019,1053411,INR,18435,5999,M_5999_00142,MID_459110_000142,459110
TX_00000449,0200,26,3914.07,391407,4650.15,465015,INR,8138,5812,M_5812_00021,MID_400814_000021,400814
TX_00000450,0200,25,100.55,10055,113.12,11312,INR,198,5812,M_5812_00075,MID_524180_000075,524180
TX_00000451,0200,57,1546.87,154687,1778.14,177814,INR,3112,5812,M_5812_00075,MID_524180_000075,524180
TX_00000452,0200,25,1666.0,166600,1665.998688781509,166600,INR,2915,5541,M_5541_00019,MID_524180_000019,524180
TX_00000453,0200,60,525.86,52586,604.13,60413,INR,1057,5812,M_5812_00021,MID_400814_000021,400814
TX_00000454,0200,71,2608.01,260801,2608.0105544875514,260801,INR,4564,5814,M_5814_00066,MID_524180_000066,524180
TX_00000455,0200,62,743.43,74343,850.42,85042,INR,1488,5812,M_5812_00021,MID_400814_000021,400814
TX_00000456,0200,34,432.44,43244,501.77,50177,INR,878,5812,M_5812_00021,MID_400814_000021,400814
TX_00000457,0200,44,1113.05,111305,1250.81,125081,INR,2189,5812,M_5812_00021,MID_400814_000021,400814
TX_00000458,0200,65,4202.1,420210,4202.095763924765,420210,INR,7354,6051,M_6051_00023,MID_400814_000023,400814
TX_00000459,0200,30,8054.89,805489,8054.889347303234,805489,INR,14096,5814,M_5814_00066,MID_524180_000066,524180
TX_00000460,0200,44,1501.54,150154,1501.5404978427362,150154,INR,2628,5814,M_5814_00148,MID_400814_000148,400814
TX_00000461,0200,24,1344.14,134414,1344.1414004680437,134414,INR,2352,5812,M_5812_00021,MID_400814_000021,400814
TX_00000462,0200,34,1226.77,122677,1226.7658647946103,122677,INR,2147,5411,M_5411_00097,MID_524180_000097,524180
TX_00000463,0200,63,1411.34,141134,1411.3432891522252,141134,INR,2470,5411,M_5411_00097,MID_524180_000097,524180
TX_00000464,0200,43,2102.97,210297,2102.972477707388,210297,INR,3680,5411,M_5411_00051,MID_400814_000051,400814
TX_00000465,0200,49,3191.42,319142,3191.4206432354563,319142,INR,5585,6513,M_6513_00022,MID_400814_000022,400814
TX_00000466,0200,43,3385.9,338590,3385.901824615594,338590,INR,5925,5411,M_5411_00098,MID_524180_000098,524180
TX_00000467,0200,36,1667.64,166764,1667.6441249349953,166764,INR,2918,5999,M_5999_00142,MID_459110_000142,459110
TX_00000468,0200,70,1033.4,103340,1033.3972365010245,103340,INR,1808,5999,M_5999_00142,MID_459110_000142,459110
TX_00000469,0200,34,838.62,83862,838.6172154298025,83862,INR,1468,5999,M_5999_00142,MID_459110_000142,459110
TX_00000470,0200,66,5342.15,534215,5923.09,592309,INR,10365,5812,M_5812_00021,MID_400814_000021,400814
TX_00000471,0200,54,3085.97,308597,3085.968037172246,308597,INR,5400,6051,M_6051_00023,MID_400814_000023,400814
TX_00000472,0200,25,6054.08,605408,6054.078342883154,605408,INR,10595,5541,M_5541_00129,MID_400814_000129,400814
TX_00000473,0200,69,1162.75,116275,1363.78,136378,INR,2387,5812,M_5812_00021,MID_400814_000021,400814
TX_00000474,0200,47,1447.12,144712,1447.1220826343538,144712,INR,2532,5311,M_5311_00104,MID_459110_000104,459110
TX_00000475,0200,56,1059.35,105935,1059.3507680330463,105935,INR,1854,5814,M_5814_00066,MID_524180_000066,524180
TX_00000476,0200,40,1396.99,139699,1396.990529609639,139699,INR,2445,5814,M_5814_00066,MID_524180_000066,524180
TX_00000477,0200,45,3527.46,352746,3527.456822338123,352746,INR,6173,5311,M_5311_00104,MID_459110_000104,459110
TX_00000478,0200,54,3146.07,314607,3602.2,360220,INR,6304,5812,M_5812_00145,MID_607152_000145,607152
TX_00000479,0200,26,3105.42,310542,3105.418761342381,310542,INR,5434,5411,M_5411_00098,MID_524180_000098,524180
TX_00000480,0200,48,1214.84,121484,1380.74,138074,INR,2416,5812,M_5812_00145,MID_607152_000145,607152
TX_00000481,0200,41,15.86,1586,18.11,1811,INR,32,5812,M_5812_00145,MID_607152_000145,607152
TX_00000482,0200,49,2022.61,202261,2235.34,223534,INR,3912,5812,M_5812_00145,MID_607152_000145,607152
TX_00000483,0200,65,1073.32,107332,1073.3188765420587,107332,INR,1878,5814,M_5814_00089,MID_524180_000089,524180
TX_00000484,0200,24,427.55,42755,427.551822473692,42755,INR,748,5814,M_5814_00066,MID_524180_000066,524180
TX_00000485,0200,41,2854.44,285444,2854.441675040951,285444,INR,4995,5814,M_5814_00089,MID_524180_000089,524180
TX_00000486,0200,54,5177.4,517740,5840.6,584060,INR,10221,5812,M_5812_00021,MID_400814_000021,400814
TX_00000487,0200,51,4653.11,465311,4653.1121320283855,465311,INR,8143,5311,M_5311_00104,MID_459110_000104,459110
TX_00000488,0200,30,10000.0,1000000,10000.0,1000000,INR,17500,5311,M_5311_00116,MID_524180_000116,524180
TX_00000489,0200,39,1596.67,159667,1596.671534022544,159667,INR,2794,5814,M_5814_00089,MID_524180_000089,524180
TX_00000490,0200,59,3139.38,313938,3139.3777437858316,313938,INR,5494,5814,M_5814_00089,MID_524180_000089,524180
TX_00000491,0200,51,2235.87,223587,2235.866799877721,223587,INR,3913,5814,M_5814_00089,MID_524180_000089,524180
TX_00000492,0200,70,953.72,95372,953.7169599150905,95372,INR,1669,5814,M_5814_00089,MID_524180_000089,524180
TX_00000493,0200,56,4900.52,490052,4900.518517702184,490052,INR,8576,5814,M_5814_00066,MID_524180_000066,524180
TX_00000494,0200,26,207.4,20740,207.39777532481665,20740,INR,363,4816,M_4816_00011,MID_459110_000011,459110
TX_00000495,0200,41,1090.94,109094,1090.9387927012308,109094,INR,1909,5411,M_5411_00027,MID_524180_000027,524180
TX_00000496,0200,30,2201.25,220125,2494.14,249414,INR,4365,5812,M_5812_00021,MID_400814_000021,400814
TX_00000497,0200,38,1182.43,118243,1937.77,193777,INR,3391,5542,M_5542_00053,MID_524180_000053,524180
TX_00000498,0200,65,4087.64,408764,2106.62,210662,INR,3687,5542,M_5542_00053,MID_524180_000053,524180
TX_00000499,0200,68,3579.76,357976,1850.62,185062,INR,3239,5542,M_5542_00053,MID_524180_000053,524180
TX_00000500,0200,28,4552.64,455264,4552.637532161493,455264,INR,7967,5814,M_5814_00066,MID_524180_000066,524180
TX_00000501,0200,65,4785.57,478557,2236.18,223618,INR,3913,5542,M_5542_00053,MID_524180_000053,524180
TX_00000502,0200,25,1077.95,107795,3225.76,322576,INR,5645,5542,M_5542_00053,MID_524180_000053,524180
TX_00000503,0200,56,1620.01,162001,3086.15,308615,INR,5401,5542,M_5542_00053,MID_524180_000053,524180
TX_00000504,0200,50,6194.79,619479,6194.788626938096,619479,INR,10841,5411,M_5411_00097,MID_524180_000097,524180
TX_00000505,0200,25,399.67,39967,2670.28,267028,INR,4673,5542,M_5542_00053,MID_524180_000053,524180
TX_00000506,0200,33,1629.97,162997,1934.31,193431,INR,3385,5542,M_5542_00053,MID_524180_000053,524180
TX_00000507,0200,38,5727.66,572766,5727.658599300162,572766,INR,10023,5542,M_5542_00012,MID_524180_000012,524180
TX_00000508,0200,28,490.37,49037,542.33,54233,INR,949,5812,M_5812_00021,MID_400814_000021,400814
TX_00000509,0200,49,2237.72,223772,2237.7206834900003,223772,INR,3916,5999,M_5999_00142,MID_459110_000142,459110
TX_00000510,0200,53,2696.54,269654,3096.13,309613,INR,5418,5812,M_5812_00021,MID_400814_000021,400814
TX_00000511,0200,69,2764.41,276441,3098.52,309852,INR,5422,5812,M_5812_00081,MID_400814_000081,400814
TX_00000512,0200,65,1132.21,113221,1247.47,124747,INR,2183,5812,M_5812_00021,MID_400814_000021,400814
TX_00000513,0200,30,57.71,5771,66.74,6674,INR,117,5812,M_5812_00021,MID_400814_000021,400814
TX_00000514,0200,69,1393.53,139353,1393.5285151210383,139353,INR,2439,5411,M_5411_00098,MID_524180_000098,524180
TX_00000515,0200,68,1185.2,118520,1185.202495512265,118520,INR,2074,5411,M_5411_00051,MID_400814_000051,400814
TX_00000516,0200,61,327.74,32774,327.7374696558795,32774,INR,574,5814,M_5814_00110,MID_607152_000110,607152
TX_00000517,0200,47,885.82,88582,885.8236925930155,88582,INR,1550,5814,M_5814_00110,MID_607152_000110,607152
TX_00000518,0200,43,23875.91,2387591,23875.91289546489,2387591,INR,41783,5814,M_5814_00110,MID_607152_000110,607152
TX_00000519,0200,60,1687.0,168700,1686.9976770317653,168700,INR,2952,5411,M_5411_00015,MID_607152_000015,607152
TX_00000520,0200,70,2451.12,245112,2451.115277832937,245112,INR,4289,5411,M_5411_00015,MID_607152_000015,607152
TX_00000521,0200,62,549.9,54990,549.9039766891304,54990,INR,962,5411,M_5411_00015,MID_607152_000015,607152
TX_00000522,0200,49,780.07,78007,780.0703275973697,78007,INR,1365,5411,M_5411_00015,MID_607152_000015,607152
TX_00000523,0200,63,898.2,89820,898.2036856416961,89820,INR,1572,5411,M_5411_00015,MID_607152_000015,607152
TX_00000524,0200,57,333.17,33317,333.1672269440713,33317,INR,583,5411,M_5411_00015,MID_607152_000015,607152
TX_00000525,0200,53,1206.42,120642,1206.4237983446933,120642,INR,2111,5411,M_5411_00058,MID_607152_000058,607152
TX_00000526,0200,57,1410.7,141070,1410.7040167155183,141070,INR,2469,5411,M_5411_00058,MID_607152_000058,607152
TX_00000527,0200,43,1237.78,123778,1237.7772871571328,123778,INR,2166,5411,M_5411_00015,MID_607152_000015,607152
TX_00000528,0200,41,1848.33,184833,1848.327798290712,184833,INR,3235,5411,M_5411_00015,MID_607152_000015,607152
TX_00000529,0200,68,4381.36,438136,4381.356002498786,438136,INR,7667,5411,M_5411_00058,MID_607152_000058,607152
TX_00000530,0200,66,1406.34,140634,1406.3376395484559,140634,INR,2461,5411,M_5411_00015,MID_607152_000015,607152
TX_00000531,0200,44,2400.72,240072,2400.722922333097,240072,INR,4201,6513,M_6513_00005,MID_607152_000005,607152
TX_00000532,0200,71,14886.62,1488662,14886.62354226441,1488662,INR,26052,5411,M_5411_00015,MID_607152_000015,607152
TX_00000533,0200,28,2362.43,236243,2362.4340112263776,236243,INR,4134,5814,M_5814_00069,MID_459110_000069,459110
TX_00000534,0200,34,1763.41,176341,1763.4123955964374,176341,INR,3086,5311,M_5311_00079,MID_607152_000079,607152
TX_00000535,0200,56,1243.83,124383,1401.07,140107,INR,2452,5812,M_5812_00021,MID_400814_000021,400814
TX_00000536,0200,54,684.17,68417,798.74,79874,INR,1398,5812,M_5812_00021,MID_400814_000021,400814
TX_00000537,0200,35,6258.1,625810,6258.098071382878,625810,INR,10952,5999,M_5999_00142,MID_459110_000142,459110
TX_00000538,0200,44,38106.35,3810635,38106.351517044895,3810635,INR,66686,5411,M_5411_00058,MID_607152_000058,607152
TX_00000539,0200,34,5591.79,559179,6421.23,642123,INR,11237,5812,M_5812_00021,MID_400814_000021,400814
TX_00000540,0200,52,1790.11,179011,1790.1051581367676,179011,INR,3133,5411,M_5411_00015,MID_607152_000015,607152
TX_00000541,0200,34,2392.66,239266,2717.2,271720,INR,4755,5812,M_5812_00021,MID_400814_000021,400814
TX_00000542,0200,28,5018.25,501825,5018.253811758443,501825,INR,8782,5812,M_5812_00021,MID_400814_000021,400814
TX_00000543,0200,66,176.34,17634,176.34,17634,INR,309,5912,M_5912_00048,MID_524180_000048,524180
TX_00000544,0200,26,842.78,84278,842.7795563370216,84278,INR,1475,5912,M_5912_00048,MID_524180_000048,524180
TX_00000545,0200,66,345.81,34581,345.81450230951924,34581,INR,605,5912,M_5912_00048,MID_524180_000048,524180
TX_00000546,0200,71,3907.05,390705,4523.2,452320,INR,7916,5812,M_5812_00021,MID_400814_000021,400814
TX_00000547,0200,47,562.42,56242,562.4228431092753,56242,INR,984,5999,M_5999_00142,MID_459110_000142,459110
TX_00000548,0200,25,4184.07,418407,4760.95,476095,INR,8332,5812,M_5812_00021,MID_400814_000021,400814
TX_00000549,0200,26,562.66,56266,647.41,64741,INR,1133,5812,M_5812_00021,MID_400814_000021,400814
TX_00000550,0200,62,2583.04,258304,2583.044865588614,258304,INR,4520,5411,M_5411_00015,MID_607152_000015,607152
TX_00000551,0200,41,1662.84,166284,1907.11,190711,INR,3337,5812,M_5812_00021,MID_400814_000021,400814
TX_00000552,0200,71,902.13,90213,902.1337537090545,90213,INR,1579,5411,M_5411_00015,MID_607152_000015,607152
TX_00000553,0200,70,892.54,89254,892.5353335660125,89254,INR,1562,5912,M_5912_00042,MID_459110_000042,459110
TX_00000554,0200,51,6582.44,658244,6582.443224500827,658244,INR,11519,5411,M_5411_00015,MID_607152_000015,607152
TX_00000555,0200,35,744.72,74472,830.51,83051,INR,1453,5812,M_5812_00021,MID_400814_000021,400814
TX_00000556,0200,26,2613.45,261345,2613.4495749788,261345,INR,4574,5411,M_5411_00073,MID_459110_000073,459110
TX_00000557,0200,28,1340.14,134014,1601.26,160126,INR,2802,5812,M_5812_00021,MID_400814_000021,400814
TX_00000558,0200,24,1445.3,144530,1445.2973077408549,144530,INR,2529,5814,M_5814_00110,MID_607152_000110,607152
TX_00000559,0200,56,2747.74,274774,3082.73,308273,INR,5395,5812,M_5812_00081,MID_400814_000081,400814
TX_00000560,0200,36,4377.52,437752,4377.522671555904,437752,INR,7661,6051,M_6051_00023,MID_400814_000023,400814
TX_00000561,0200,54,1412.37,141237,1412.3689699006843,141237,INR,2472,4816,M_4816_00011,MID_459110_000011,459110
TX_00000562,0200,69,3939.8,393980,3939.8047238166714,393980,INR,6895,5411,M_5411_00149,MID_524180_000149,524180
TX_00000563,0200,63,1730.31,173031,1730.31010474274,173031,INR,3028,5411,M_5411_00015,MID_607152_000015,607152
TX_00000564,0200,33,1684.2,168420,1684.2008839870039,168420,INR,2947,5411,M_5411_00058,MID_607152_000058,607152
TX_00000565,0200,51,5647.44,564744,5647.436577963461,564744,INR,9883,5411,M_5411_00058,MID_607152_000058,607152
TX_00000566,0200,57,565.88,56588,565.8800283745545,56588,INR,990,5999,M_5999_00142,MID_459110_000142,459110
TX_00000567,0200,57,632.12,63212,3199.78,319978,INR,5600,5542,M_5542_00053,MID_524180_000053,524180
TX_00000568,0200,51,1109.13,110913,2600.13,260013,INR,4550,5542,M_5542_00053,MID_524180_000053,524180
TX_00000569,0200,54,551.6,55160,551.6026368157513,55160,INR,965,5912,M_5912_00117,MID_524180_000117,524180
TX_00000570,0200,41,5015.94,501594,5015.943888378431,501594,INR,8778,5411,M_5411_00015,MID_607152_000015,607152
TX_00000571,0200,28,1969.77,196977,1969.7692376155683,196977,INR,3447,5814,M_5814_00148,MID_400814_000148,400814
TX_00000572,0200,60,1257.16,125716,1257.158938480737,125716,INR,2200,5411,M_5411_00074,MID_459110_000074,459110
TX_00000573,0200,33,11349.59,1134959,11349.588948992074,1134959,INR,19862,5812,M_5812_00021,MID_400814_000021,400814
TX_00000574,0200,57,2628.45,262845,2628.446937414413,262845,INR,4600,5999,M_5999_00142,MID_459110_000142,459110
TX_00000575,0200,69,2630.58,263058,2630.5782693929077,263058,INR,4604,5912,M_5912_00048,MID_524180_000048,524180
TX_00000576,0200,40,673.04,67304,673.0432252527861,67304,INR,1178,5912,M_5912_00048,MID_524180_000048,524180
TX_00000577,0200,70,1630.95,163095,1630.9483485228473,163095,INR,2854,5912,M_5912_00048,MID_524180_000048,524180
TX_00000578,0200,63,183.3,18330,183.3,18330,INR,321,5912,M_5912_00048,MID_524180_000048,524180
TX_00000579,0200,68,1406.93,140693,1406.9343027506034,140693,INR,2462,5814,M_5814_00056,MID_459110_000056,459110
TX_00000580,0200,28,514.83,51483,514.833437145963,51483,INR,901,5812,M_5812_00021,MID_400814_000021,400814
TX_00000581,0200,68,1608.61,160861,1608.6094219684187,160861,INR,2815,5814,M_5814_00066,MID_524180_000066,524180
TX_00000582,0200,34,3443.17,344317,4021.05,402105,INR,7037,5812,M_5812_00021,MID_400814_000021,400814
TX_00000583,0200,39,2022.99,202299,2022.9945913144695,202299,INR,3540,5814,M_5814_00140,MID_607152_000140,607152
TX_00000584,0200,48,1855.27,185527,1855.2657696506583,185527,INR,3247,5814,M_5814_00140,MID_607152_000140,607152
TX_00000585,0200,55,2173.09,217309,2173.0919611564027,217309,INR,3803,5814,M_5814_00066,MID_524180_000066,524180
TX_00000586,0200,24,891.64,89164,891.6407373272025,89164,INR,1560,5814,M_5814_00066,MID_524180_000066,524180
TX_00000587,0200,38,2125.78,212578,2125.7773334208764,212578,INR,3720,5411,M_5411_00035,MID_400814_000035,400814
TX_00000588,0200,37,1732.27,173227,1732.2708139244678,173227,INR,3031,5814,M_5814_00066,MID_524180_000066,524180
TX_00000589,0200,62,1815.16,181516,2088.67,208867,INR,3655,5812,M_5812_00021,MID_400814_000021,400814
TX_00000590,0200,69,494.99,49499,593.52,59352,INR,1039,5812,M_5812_00021,MID_400814_000021,400814
TX_00000591,0200,31,1709.6,170960,1709.6013735791191,170960,INR,2992,5999,M_5999_00142,MID_459110_000142,459110
TX_00000592,0200,27,2803.96,280396,2803.9551985737075,280396,INR,4907,5999,M_5999_00142,MID_459110_000142,459110
TX_00000593,0200,57,1634.22,163422,1634.2231162347136,163422,INR,2860,5999,M_5999_00142,MID_459110_000142,459110
TX_00000594,0200,49,2520.36,252036,2520.362724034473,252036,INR,4411,5999,M_5999_00142,MID_459110_000142,459110
TX_00000595,0200,63,1619.76,161976,1619.755248593192,161976,INR,2835,5999,M_5999_00142,MID_459110_000142,459110
TX_00000596,0200,53,1789.41,178941,1789.4139408618653,178941,INR,3131,5411,M_5411_00127,MID_607152_000127,607152
TX_00000597,0200,66,2437.64,243764,2846.44,284644,INR,4981,5812,M_5812_00021,MID_400814_000021,400814
TX_00000598,0200,40,5548.15,554815,5548.152096072089,554815,INR,9709,5912,M_5912_00054,MID_400814_000054,400814
TX_00000599,0200,40,8179.82,817982,8179.824031154572,817982,INR,14315,5999,M_5999_00142,MID_459110_000142,459110
TX_00000600,0200,35,2096.48,209648,1623.7,162370,INR,2841,5542,M_5542_00053,MID_524180_000053,524180
TX_00000601,0200,47,1773.98,177398,1773.9816928437294,177398,INR,3104,4816,M_4816_00011,MID_459110_000011,459110
TX_00000602,0200,68,460.63,46063,460.6294343504745,46063,INR,806,5411,M_5411_00073,MID_459110_000073,459110
TX_00000603,0200,54,2480.58,248058,3128.23,312823,INR,5474,5542,M_5542_00053,MID_524180_000053,524180
TX_00000604,0200,44,5358.25,535825,5358.252819621526,535825,INR,9377,5411,M_5411_00073,MID_459110_000073,459110
TX_00000605,0200,35,1850.45,185045,2139.63,213963,INR,3744,5812,M_5812_00021,MID_400814_000021,400814
TX_00000606,0200,66,1337.12,133712,1529.46,152946,INR,2677,5812,M_5812_00021,MID_400814_000021,400814
TX_00000607,0200,70,1145.7,114570,1145.6956455783184,114570,INR,2005,5541,M_5541_00113,MID_459110_000113,459110
TX_00000608,0200,51,1024.34,102434,1024.3369048692582,102434,INR,1793,5311,M_5311_00020,MID_400814_000020,400814
TX_00000609,0200,29,1280.96,128096,1280.9620344028217,128096,INR,2242,5411,M_5411_00015,MID_607152_000015,607152
TX_00000610,0200,70,1278.7,127870,1278.7010456375926,127870,INR,2238,5912,M_5912_00101,MID_459110_000101,459110
TX_00000611,0200,46,7556.0,755600,7555.999018053586,755600,INR,13223,5944,M_5944_00072,MID_607152_000072,607152
TX_00000612,0200,42,10000.0,1000000,10000.0,1000000,INR,17500,5812,M_5812_00071,MID_607152_000071,607152
TX_00000613,0200,31,3005.67,300567,3005.665809322294,300567,INR,5260,5814,M_5814_00066,MID_524180_000066,524180
TX_00000614,0200,59,6407.53,640753,3417.8,341780,INR,5981,5542,M_5542_00053,MID_524180_000053,524180
TX_00000615,0200,50,19392.83,1939283,22573.71,2257371,INR,39504,5812,M_5812_00021,MID_400814_000021,400814
TX_00000616,0200,49,14508.53,1450853,16945.05,1694505,INR,29654,5812,M_5812_00021,MID_400814_000021,400814
TX_00000617,0200,61,3585.36,358536,3585.356544222952,358536,INR,6274,5411,M_5411_00127,MID_607152_000127,607152
TX_00000618,0200,44,1320.17,132017,1492.38,149238,INR,2612,5812,M_5812_00107,MID_400814_000107,400814
TX_00000619,0200,64,1536.11,153611,1752.34,175234,INR,3067,5812,M_5812_00067,MID_400814_000067,400814
TX_00000620,0200,39,10000.0,1000000,10000.0,1000000,INR,17500,5812,M_5812_00081,MID_400814_000081,400814
TX_00000621,0200,30,936.58,93658,936.5753199212772,93658,INR,1639,5411,M_5411_00036,MID_459110_000036,459110
TX_00000622,0200,42,2794.63,279463,2794.631648737925,279463,INR,4891,5999,M_5999_00142,MID_459110_000142,459110
TX_00000623,0200,66,2709.78,270978,2709.784277257262,270978,INR,4742,5411,M_5411_00036,MID_459110_000036,459110
TX_00000624,0200,66,694.58,69458,694.575074149567,69458,INR,1216,5411,M_5411_00036,MID_459110_000036,459110
TX_00000625,0200,57,833.34,83334,833.33616516093,83334,INR,1458,5311,M_5311_00116,MID_524180_000116,524180
TX_00000626,0200,41,12429.14,1242914,12429.13642326969,1242914,INR,21751,5411,M_5411_00058,MID_607152_000058,607152
TX_00000627,0200,42,127.92,12792,151.1,15110,INR,264,5812,M_5812_00021,MID_400814_000021,400814
TX_00000628,0200,31,218.32,21832,218.32235390363627,21832,INR,382,5411,M_5411_00015,MID_607152_000015,607152
TX_00000629,0200,26,420.04,42004,420.0445090121035,42004,INR,735,5411,M_5411_00015,MID_607152_000015,607152
TX_00000630,0200,54,387.55,38755,387.55372105901074,38755,INR,678,5411,M_5411_00015,MID_607152_000015,607152
TX_00000631,0200,48,3426.62,342662,3426.6248059910145,342662,INR,5997,5411,M_5411_00097,MID_524180_000097,524180
TX_00000632,0200,39,902.09,90209,902.0921966772644,90209,INR,1579,5912,M_5912_00091,MID_459110_000091,459110
TX_00000633,0200,60,444.12,44412,523.78,52378,INR,917,5812,M_5812_00021,MID_400814_000021,400814
TX_00000634,0200,37,195.4,19540,195.40412914898727,19540,INR,342,5912,M_5912_00105,MID_607152_000105,607152
TX_00000635,0200,65,1158.03,115803,1158.0324255413059,115803,INR,2027,5814,M_5814_00118,MID_400814_000118,400814
TX_00000636,0200,27,2436.99,243699,3318.8,331880,INR,5808,5542,M_5542_00077,MID_400814_000077,400814
TX_00000637,0200,38,2093.78,209378,2093.78214298959,209378,INR,3664,5411,M_5411_00051,MID_400814_000051,400814
TX_00000638,0200,56,763.46,76346,763.4631049677398,76346,INR,1336,5944,M_5944_00002,MID_524180_000002,524180
TX_00000639,0200,47,1404.73,140473,1645.29,164529,INR,2879,5812,M_5812_00081,MID_400814_000081,400814
TX_00000640,0200,34,1393.44,139344,1393.4417105934908,139344,INR,2439,5814,M_5814_00066,MID_524180_000066,524180
TX_00000641,0200,48,1751.33,175133,1751.3254076442197,175133,INR,3065,5411,M_5411_00098,MID_524180_000098,524180
TX_00000642,0200,67,2746.77,274677,2746.7693151785784,274677,INR,4807,5411,M_5411_00025,MID_607152_000025,607152
TX_00000643,0200,28,2386.03,238603,2386.02765420525,238603,INR,4176,5814,M_5814_00066,MID_524180_000066,524180
TX_00000644,0200,47,7894.55,789455,8785.67,878567,INR,15375,5812,M_5812_00021,MID_400814_000021,400814
TX_00000645,0200,56,863.69,86369,973.21,97321,INR,1703,5812,M_5812_00021,MID_400814_000021,400814
TX_00000646,0200,41,1506.93,150693,1506.9277380665915,150693,INR,2637,4816,M_4816_00100,MID_524180_000100,524180
TX_00000647,0200,33,597.47,59747,689.04,68904,INR,1206,5812,M_5812_00021,MID_400814_000021,400814
TX_00000648,0200,53,1095.5,109550,1095.4997581926768,109550,INR,1917,5814,M_5814_00066,MID_524180_000066,524180
TX_00000649,0200,71,2211.55,221155,2457.81,245781,INR,4301,5812,M_5812_00145,MID_607152_000145,607152
TX_00000650,0200,42,2525.74,252574,2525.7399695937565,252574,INR,4420,5814,M_5814_00147,MID_607152_000147,607152
TX_00000651,0200,41,20146.12,2014612,23357.31,2335731,INR,40875,5812,M_5812_00102,MID_607152_000102,607152
TX_00000652,0200,64,5122.53,512253,5122.528399708325,512253,INR,8964,5411,M_5411_00036,MID_459110_000036,459110
TX_00000653,0200,46,464.45,46445,532.13,53213,INR,931,5812,M_5812_00107,MID_400814_000107,400814
TX_00000654,0200,55,10000.0,1000000,10000.0,1000000,INR,17500,5999,M_5999_00142,MID_459110_000142,459110
TX_00000655,0200,47,4554.87,455487,5399.77,539977,INR,9450,5812,M_5812_00107,MID_400814_000107,400814
TX_00000656,0200,37,1678.16,167816,1678.1565950596278,167816,INR,2937,5411,M_5411_00025,MID_607152_000025,607152
TX_00000657,0200,41,553.47,55347,553.468903263507,55347,INR,969,5541,M_5541_00064,MID_459110_000064,459110
TX_00000658,0200,62,27741.86,2774186,27741.855195634635,2774186,INR,48548,5541,M_5541_00064,MID_459110_000064,459110
TX_00000659,0200,43,18768.2,1876820,18768.195500315145,1876820,INR,32844,5541,M_5541_00129,MID_400814_000129,400814
TX_00000660,0200,36,524.66,52466,524.657427370003,52466,INR,918,5541,M_5541_00129,MID_400814_000129,400814
TX_00000661,0200,25,546.85,54685,546.8498640525847,54685,INR,957,5311,M_5311_00052,MID_459110_000052,459110
TX_00000662,0200,70,56.36,5636,56.36,5636,INR,99,5814,M_5814_00066,MID_524180_000066,524180
TX_00000663,0200,55,1367.88,136788,1367.8849336885153,136788,INR,2394,5999,M_5999_00142,MID_459110_000142,459110
TX_00000664,0200,43,113.59,11359,113.59,11359,INR,199,5999,M_5999_00142,MID_459110_000142,459110
TX_00000665,0200,60,902.48,90248,902.4807806129116,90248,INR,1579,5999,M_5999_00142,MID_459110_000142,459110
TX_00000666,0200,64,648.68,64868,648.6775903597505,64868,INR,1135,5814,M_5814_00089,MID_524180_000089,524180
TX_00000667,0200,66,8051.53,805153,8051.525292531205,805153,INR,14090,5411,M_5411_00036,MID_459110_000036,459110
TX_00000668,0200,25,7482.79,748279,7482.786440599143,748279,INR,13095,5814,M_5814_00066,MID_524180_000066,524180
TX_00000669,0200,65,524.5,52450,603.95,60395,INR,1057,5812,M_5812_00033,MID_400814_000033,400814
TX_00000670,0200,25,858.09,85809,858.094438656324,85809,INR,1502,5094,M_5094_00044,MID_607152_000044,607152
TX_00000671,0200,40,2465.84,246584,2465.8399982898804,246584,INR,4315,5411,M_5411_00074,MID_459110_000074,459110
TX_00000672,0200,39,36125.81,3612581,36125.8092609071,3612581,INR,63220,5912,M_5912_00117,MID_524180_000117,524180
TX_00000673,0200,59,1826.66,182666,1826.6638018041908,182666,INR,3197,5311,M_5311_00052,MID_459110_000052,459110
TX_00000674,0200,45,661.96,66196,3206.5,320650,INR,5611,5542,M_5542_00053,MID_524180_000053,524180
TX_00000675,0200,64,436.35,43635,500.95,50095,INR,877,5812,M_5812_00123,MID_524180_000123,524180
TX_00000676,0200,50,1501.2,150120,1501.2023815261473,150120,INR,2627,5814,M_5814_00001,MID_524180_000001,524180
TX_00000677,0200,35,1013.59,101359,1013.5911587162612,101359,INR,1774,5411,M_5411_00058,MID_607152_000058,607152
TX_00000678,0200,43,1575.47,157547,1734.55,173455,INR,3035,5812,M_5812_00021,MID_400814_000021,400814
TX_00000679,0200,42,2331.64,233164,2331.643520057747,233164,INR,4080,5912,M_5912_00101,MID_459110_000101,459110
TX_00000680,0200,59,530.8,53080,2634.65,263465,INR,4611,5542,M_5542_00053,MID_524180_000053,524180
TX_00000681,0200,45,1408.95,140895,3225.96,322596,INR,5645,5542,M_5542_00053,MID_524180_000053,524180
TX_00000682,0200,52,766.14,76614,766.1365037800811,76614,INR,1341,5814,M_5814_00089,MID_524180_000089,524180
TX_00000683,0200,26,10000.0,1000000,10000.0,1000000,INR,17500,5542,M_5542_00053,MID_524180_000053,524180
TX_00000684,0200,53,796.55,79655,796.5513523874031,79655,INR,1394,5814,M_5814_00066,MID_524180_000066,524180
TX_00000685,0200,59,2536.15,253615,3077.98,307798,INR,5386,5542,M_5542_00039,MID_607152_000039,607152
TX_00000686,0200,28,1985.6,198560,1985.597353179794,198560,INR,3475,5541,M_5541_00113,MID_459110_000113,459110
TX_00000687,0200,68,9104.85,910485,10722.55,1072255,INR,18764,5812,M_5812_00107,MID_400814_000107,400814
TX_00000688,0200,42,34787.23,3478723,41702.89,4170289,INR,72980,5812,M_5812_00107,MID_400814_000107,400814
TX_00000689,0200,59,13215.44,1321544,14836.46,1483646,INR,25964,5812,M_5812_00107,MID_400814_000107,400814
TX_00000690,0200,36,1093.72,109372,1240.71,124071,INR,2171,5812,M_5812_00021,MID_400814_000021,400814
TX_00000691,0200,29,2612.36,261236,2961.64,296164,INR,5183,5812,M_5812_00021,MID_400814_000021,400814
TX_00000692,0200,38,2831.55,283155,3236.79,323679,INR,5664,5812,M_5812_00021,MID_400814_000021,400814
TX_00000693,0200,35,542.11,54211,605.85,60585,INR,1060,5812,M_5812_00021,MID_400814_000021,400814
TX_00000694,0200,52,503.1,50310,503.0955718195222,50310,INR,880,5814,M_5814_00066,MID_524180_000066,524180
TX_00000695,0200,41,10131.0,1013100,10131.001142178276,1013100,INR,17729,5812,M_5812_00021,MID_400814_000021,400814
TX_00000696,0200,30,887.95,88795,887.9501820803613,88795,INR,1554,5411,M_5411_00015,MID_607152_000015,607152
TX_00000697,0200,32,4465.75,446575,4465.745465657434,446575,INR,7815,5541,M_5541_00134,MID_400814_000134,400814
TX_00000698,0200,42,2744.35,274435,3116.87,311687,INR,5455,5812,M_5812_00021,MID_400814_000021,400814
TX_00000699,0200,25,6766.8,676680,6766.796885811319,676680,INR,11842,5542,M_5542_00053,MID_524180_000053,524180
TX_00000700,0200,28,1689.14,168914,1896.78,189678,INR,3319,5812,M_5812_00112,MID_400814_000112,400814
TX_00000701,0200,29,1573.47,157347,1573.4653202891195,157347,INR,2754,5814,M_5814_00148,MID_400814_000148,400814
TX_00000702,0200,65,607.54,60754,607.5399978630403,60754,INR,1063,5411,M_5411_00015,MID_607152_000015,607152
TX_00000703,0200,58,607.54,60754,607.5399978630403,60754,INR,1063,5411,M_5411_00058,MID_607152_000058,607152
TX_00000704,0200,24,607.54,60754,607.5399978630403,60754,INR,1063,5411,M_5411_00015,MID_607152_000015,607152
TX_00000705,0200,33,510.98,51098,510.98,51098,INR,894,5999,M_5999_00142,MID_459110_000142,459110
TX_00000706,0200,58,187.77,18777,222.48,22248,INR,389,5812,M_5812_00046,MID_400814_000046,400814
TX_00000707,0200,47,1278.05,127805,1449.98,144998,INR,2537,5812,M_5812_00046,MID_400814_000046,400814
TX_00000708,0200,24,860.26,86026,860.2644895817411,86026,INR,1505,5411,M_5411_00058,MID_607152_000058,607152
TX_00000709,0200,71,917.85,91785,1091.6,109160,INR,1910,5812,M_5812_00021,MID_400814_000021,400814
TX_00000710,0200,59,573.21,57321,635.52,63552,INR,1112,5812,M_5812_00046,MID_400814_000046,400814
TX_00000711,0200,32,1639.76,163976,1639.762944255786,163976,INR,2870,5411,M_5411_00068,MID_524180_000068,524180
TX_00000712,0200,47,2405.78,240578,2405.77551811371,240578,INR,4210,5411,M_5411_00149,MID_524180_000149,524180
TX_00000713,0200,36,1779.03,177903,1779.0301940561437,177903,INR,3113,5999,M_5999_00142,MID_459110_000142,459110
TX_00000714,0200,61,1213.35,121335,1213.3472835340317,121335,INR,2123,5814,M_5814_00014,MID_524180_000014,524180
TX_00000715,0200,59,5036.17,503617,5695.69,569569,INR,9967,5812,M_5812_00102,MID_607152_000102,607152
TX_00000716,0200,68,528.53,52853,528.529181438602,52853,INR,925,5411,M_5411_00015,MID_607152_000015,607152
TX_00000717,0200,37,933.16,93316,933.1618398384052,93316,INR,1633,5999,M_5999_00142,MID_459110_000142,459110
TX_00000718,0200,36,404.39,40439,404.38790031428334,40439,INR,708,5411,M_5411_00015,MID_607152_000015,607152
TX_00000719,0200,26,18371.44,1837144,18371.438218987216,1837144,INR,32150,5999,M_5999_00142,MID_459110_000142,459110
TX_00000720,0200,44,1418.34,141834,1418.3353394642481,141834,INR,2482,5999,M_5999_00142,MID_459110_000142,459110
TX_00000721,0200,59,575.76,57576,575.7578015735158,57576,INR,1008,5311,M_5311_00138,MID_607152_000138,607152
TX_00000722,0200,36,6583.07,658307,6583.066779062479,658307,INR,11520,5411,M_5411_00015,MID_607152_000015,607152
TX_00000723,0200,58,187291.9,18729190,187291.9,18729190,INR,327761,5732,M_5732_00013,MID_459110_000013,459110
TX_00000724,0200,55,4598.91,459891,4598.912341873166,459891,INR,8048,5944,M_5944_00115,MID_400814_000115,400814
TX_00000725,0200,34,1890.73,189073,2158.67,215867,INR,3778,5812,M_5812_00021,MID_400814_000021,400814
TX_00000726,0200,51,1860.71,186071,1860.7056121980968,186071,INR,3256,5311,M_5311_00104,MID_459110_000104,459110
TX_00000727,0200,54,544.02,54402,544.017860596589,54402,INR,952,5999,M_5999_00142,MID_459110_000142,459110
TX_00000728,0200,53,623.83,62383,691.0,69100,INR,1209,5812,M_5812_00021,MID_400814_000021,400814
TX_00000729,0200,64,1798.9,179890,1798.895745647757,179890,INR,3148,5999,M_5999_00142,MID_459110_000142,459110
TX_00000730,0200,70,5075.45,507545,5075.446309915925,507545,INR,8882,5812,M_5812_00102,MID_607152_000102,607152
TX_00000731,0200,52,509.65,50965,606.56,60656,INR,1061,5812,M_5812_00021,MID_400814_000021,400814
TX_00000732,0200,33,1426.55,142655,1588.15,158815,INR,2779,5812,M_5812_00102,MID_607152_000102,607152
TX_00000733,0200,47,3539.0,353900,3538.9997725890244,353900,INR,6193,5999,M_5999_00142,MID_459110_000142,459110
TX_00000734,0200,32,516.8,51680,609.48,60948,INR,1067,5812,M_5812_00021,MID_400814_000021,400814
TX_00000735,0200,43,949.21,94921,1095.91,109591,INR,1918,5812,M_5812_00021,MID_400814_000021,400814
TX_00000736,0200,29,3296.36,329636,3296.3583908700916,329636,INR,5769,5814,M_5814_00066,MID_524180_000066,524180
TX_00000737,0200,51,1248.28,124828,1248.2796515898422,124828,INR,2184,5814,M_5814_00147,MID_607152_000147,607152
TX_00000738,0200,31,2025.34,202534,2025.3368199893791,202534,INR,3544,5411,M_5411_00015,MID_607152_000015,607152
TX_00000739,0200,54,357.57,35757,357.5721308245358,35757,INR,626,5999,M_5999_00142,MID_459110_000142,459110
TX_00000740,0200,41,549.92,54992,549.9174648916326,54992,INR,962,5999,M_5999_00142,MID_459110_000142,459110
TX_00000741,0200,53,374.41,37441,417.57,41757,INR,731,5812,M_5812_00021,MID_400814_000021,400814
TX_00000742,0200,53,848.05,84805,848.0525693732045,84805,INR,1484,5999,M_5999_00142,MID_459110_000142,459110
TX_00000743,0200,48,729.02,72902,729.0200253841776,72902,INR,1276,5311,M_5311_00116,MID_524180_000116,524180
TX_00000744,0200,43,831.83,83183,831.827742927233,83183,INR,1456,5999,M_5999_00142,MID_459110_000142,459110
TX_00000745,0200,37,1111.07,111107,1111.0706248885588,111107,INR,1944,5411,M_5411_00127,MID_607152_000127,607152
TX_00000746,0200,44,1140.63,114063,1140.6339189819091,114063,INR,1996,5411,M_5411_00127,MID_607152_000127,607152
TX_00000747,0200,71,807.34,80734,807.3410694965523,80734,INR,1413,5999,M_5999_00142,MID_459110_000142,459110
TX_00000748,0200,71,549.81,54981,549.8095193081659,54981,INR,962,5814,M_5814_00066,MID_524180_000066,524180
TX_00000749,0200,71,2736.53,273653,2736.5342876465256,273653,INR,4789,5311,M_5311_00116,MID_524180_000116,524180
TX_00000750,0200,56,3218.1,321810,3648.4,364840,INR,6385,5812,M_5812_00093,MID_524180_000093,524180
TX_00000751,0200,40,2582.16,258216,2582.1587640978114,258216,INR,4519,4816,M_4816_00011,MID_459110_000011,459110
TX_00000752,0200,41,7191.19,719119,7191.1905299580485,719119,INR,12585,5999,M_5999_00142,MID_459110_000142,459110
TX_00000753,0200,53,516.98,51698,516.9765025478933,51698,INR,905,5411,M_5411_00149,MID_524180_000149,524180
TX_00000754,0200,53,4395.21,439521,4395.209590612802,439521,INR,7692,5999,M_5999_00142,MID_459110_000142,459110
TX_00000755,0200,51,734.9,73490,734.8959234324805,73490,INR,1286,5311,M_5311_00052,MID_459110_000052,459110
TX_00000756,0200,33,2638.2,263820,2993.8,299380,INR,5239,5812,M_5812_00021,MID_400814_000021,400814
TX_00000757,0200,26,1391.37,139137,1562.82,156282,INR,2735,5812,M_5812_00021,MID_400814_000021,400814
TX_00000758,0200,48,6500.21,650021,6500.210403503981,650021,INR,11375,5411,M_5411_00058,MID_607152_000058,607152
TX_00000759,0200,45,1121.83,112183,1121.825234950335,112183,INR,1963,5411,M_5411_00058,MID_607152_000058,607152
TX_00000760,0200,41,2980.83,298083,2980.8307104136757,298083,INR,5216,5411,M_5411_00058,MID_607152_000058,607152
TX_00000761,0200,66,3146.73,314673,3679.25,367925,INR,6439,5812,M_5812_00021,MID_400814_000021,400814
TX_00000762,0200,62,11828.76,1182876,11828.75577918199,1182876,INR,20700,5812,M_5812_00021,MID_400814_000021,400814
TX_00000763,0200,37,1021.29,102129,1021.2946635181805,102129,INR,1787,5411,M_5411_00058,MID_607152_000058,607152
TX_00000764,0200,46,1320.08,132008,1320.0757056519565,132008,INR,2310,5411,M_5411_00058,MID_607152_000058,607152
TX_00000765,0200,54,4788.86,478886,4788.855072874124,478886,INR,8380,5411,M_5411_00058,MID_607152_000058,607152
TX_00000766,0200,57,2884.67,288467,2884.674682781337,288467,INR,5048,5411,M_5411_00058,MID_607152_000058,607152
TX_00000767,0200,47,1302.13,130213,1302.126584167652,130213,INR,2279,5411,M_5411_00058,MID_607152_000058,607152
TX_00000768,0200,59,974.12,97412,974.1219194429973,97412,INR,1705,5411,M_5411_00058,MID_607152_000058,607152
TX_00000769,0200,29,1280.86,128086,1280.863673334434,128086,INR,2242,5814,M_5814_00110,MID_607152_000110,607152
TX_00000770,0200,67,1450.9,145090,1450.9045449159996,145090,INR,2539,5814,M_5814_00066,MID_524180_000066,524180
TX_00000771,0200,54,2474.92,247492,2474.922774565845,247492,INR,4331,5999,M_5999_00142,MID_459110_000142,459110
TX_00000772,0200,51,1280.96,128096,1280.962434893676,128096,INR,2242,4816,M_4816_00011,MID_459110_000011,459110
TX_00000773,0200,63,2061.7,206170,2061.6959017429886,206170,INR,3608,4816,M_4816_00011,MID_459110_000011,459110
TX_00000774,0200,29,1348.57,134857,1348.5736473403506,134857,INR,2360,5999,M_5999_00142,MID_459110_000142,459110
TX_00000775,0200,36,2244.01,224401,2627.64,262764,INR,4598,5812,M_5812_00021,MID_400814_000021,400814
TX_00000776,0200,50,1333.16,133316,1333.1593235473151,133316,INR,2333,5812,M_5812_00021,MID_400814_000021,400814
TX_00000777,0200,45,1098.47,109847,1098.468988772633,109847,INR,1922,5814,M_5814_00147,MID_607152_000147,607152
TX_00000778,0200,55,1619.14,161914,1619.1351676627041,161914,INR,2833,5541,M_5541_00113,MID_459110_000113,459110
TX_00000779,0200,46,855.79,85579,855.794752758824,85579,INR,1498,5912,M_5912_00054,MID_400814_000054,400814
TX_00000780,0200,63,1369.74,136974,1369.7439017211464,136974,INR,2397,5999,M_5999_00142,MID_459110_000142,459110
TX_00000781,0200,70,180.34,18034,180.3393275374458,18034,INR,316,5541,M_5541_00113,MID_459110_000113,459110
TX_00000782,0200,63,472.99,47299,472.9943964370576,47299,INR,828,5541,M_5541_00113,MID_459110_000113,459110
TX_00000783,0200,26,3752.39,375239,3752.3920148267634,375239,INR,6567,5541,M_5541_00113,MID_459110_000113,459110
TX_00000784,0200,46,1655.09,165509,1655.0944091381211,165509,INR,2896,5812,M_5812_00021,MID_400814_000021,400814
TX_00000785,0200,53,135.78,13578,135.78,13578,INR,238,5541,M_5541_00113,MID_459110_000113,459110
TX_00000786,0200,64,8493.83,849383,8493.834829791665,849383,INR,14864,6051,M_6051_00023,MID_400814_000023,400814
TX_00000787,0200,70,797.12,79712,948.45,94845,INR,1660,5812,M_5812_00021,MID_400814_000021,400814
TX_00000788,0200,25,1506.53,150653,1506.5297237359139,150653,INR,2636,5541,M_5541_00113,MID_459110_000113,459110
TX_00000789,0200,47,1481.17,148117,1481.174442539349,148117,INR,2592,5541,M_5541_00113,MID_459110_000113,459110
TX_00000790,0200,46,1848.46,184846,1848.4593069303628,184846,INR,3235,5812,M_5812_00021,MID_400814_000021,400814
TX_00000791,0200,52,34137.0,3413700,37905.22,3790522,INR,66334,5812,M_5812_00102,MID_607152_000102,607152
TX_00000792,0200,68,1363.75,136375,1609.91,160991,INR,2817,5812,M_5812_00102,MID_607152_000102,607152
TX_00000793,0200,35,2296.07,229607,2564.99,256499,INR,4489,5812,M_5812_00102,MID_607152_000102,607152
TX_00000794,0200,60,762.62,76262,874.13,87413,INR,1530,5812,M_5812_00102,MID_607152_000102,607152
TX_00000795,0200,67,1575.16,157516,1771.3,177130,INR,3100,5812,M_5812_00102,MID_607152_000102,607152
TX_00000796,0200,58,1175.78,117578,1404.43,140443,INR,2458,5812,M_5812_00102,MID_607152_000102,607152
TX_00000797,0200,40,1481.19,148119,1639.34,163934,INR,2869,5812,M_5812_00021,MID_400814_000021,400814
TX_00000798,0200,62,502.21,50221,577.33,57733,INR,1010,5812,M_5812_00021,MID_400814_000021,400814
TX_00000799,0200,25,2019.87,201987,2019.8725254060873,201987,INR,3535,5311,M_5311_00116,MID_524180_000116,524180
TX_00000800,0200,63,1554.21,155421,1864.17,186417,INR,3262,5812,M_5812_00021,MID_400814_000021,400814
TX_00000801,0200,30,1663.03,166303,1663.0288743024505,166303,INR,2910,5411,M_5411_00073,MID_459110_000073,459110
TX_00000802,0200,66,2400.41,240041,2400.412372195037,240041,INR,4201,5999,M_5999_00142,MID_459110_000142,459110
TX_00000803,0200,42,25739.48,2573948,29769.42,2976942,INR,52096,5812,M_5812_00102,MID_607152_000102,607152
TX_00000804,0200,46,18890.84,1889084,22162.92,2216292,INR,38785,5812,M_5812_00102,MID_607152_000102,607152
TX_00000805,0200,43,10000.0,1000000,10000.0,1000000,INR,17500,5999,M_5999_00142,MID_459110_000142,459110
TX_00000806,0200,67,1411.45,141145,1578.52,157852,INR,2762,5812,M_5812_00021,MID_400814_000021,400814
TX_00000807,0200,54,1046.01,104601,1046.012698434804,104601,INR,1831,5411,M_5411_00015,MID_607152_000015,607152
TX_00000808,0200,25,5968.41,596841,5968.413229508989,596841,INR,10445,5411,M_5411_00028,MID_607152_000028,607152
TX_00000809,0200,32,1975.32,197532,1975.3210587781907,197532,INR,3457,5411,M_5411_00028,MID_607152_000028,607152
TX_00000810,0200,63,742.5,74250,2694.29,269429,INR,4715,5542,M_5542_00053,MID_524180_000053,524180
TX_00000811,0200,29,566.44,56644,1704.81,170481,INR,2983,5542,M_5542_00053,MID_524180_000053,524180
TX_00000812,0200,59,747.75,74775,2760.1,276010,INR,4830,5542,M_5542_00053,MID_524180_000053,524180
TX_00000813,0200,70,4100.46,410046,1727.4,172740,INR,3023,5542,M_5542_00053,MID_524180_000053,524180
TX_00000814,0200,59,863.19,86319,959.99,95999,INR,1680,5812,M_5812_00146,MID_524180_000146,524180
TX_00000815,0200,36,1336.12,133612,1336.123642589782,133612,INR,2338,6513,M_6513_00022,MID_400814_000022,400814
TX_00000816,0200,29,680.64,68064,680.6393996438135,68064,INR,1191,5411,M_5411_00073,MID_459110_000073,459110
TX_00000817,0200,46,1029.67,102967,1029.6735881559332,102967,INR,1802,5814,M_5814_00066,MID_524180_000066,524180
TX_00000818,0200,49,5083.37,508337,5657.06,565706,INR,9900,5812,M_5812_00021,MID_400814_000021,400814
TX_00000819,0200,60,2525.17,252517,3025.19,302519,INR,5294,5812,M_5812_00021,MID_400814_000021,400814
TX_00000820,0200,25,388.2,38820,388.1976999477084,38820,INR,679,5814,M_5814_00066,MID_524180_000066,524180
TX_00000821,0200,24,792.66,79266,792.6623708906054,79266,INR,1387,5311,M_5311_00079,MID_607152_000079,607152
TX_00000822,0200,43,2198.59,219859,2428.92,242892,INR,4251,5812,M_5812_00043,MID_400814_000043,400814
TX_00000823,0200,41,22509.18,2250918,25479.52,2547952,INR,44589,5812,M_5812_00021,MID_400814_000021,400814
TX_00000824,0200,46,617.97,61797,617.9675882827501,61797,INR,1081,5311,M_5311_00079,MID_607152_000079,607152
TX_00000825,0200,69,23711.19,2371119,23711.187223575864,2371119,INR,41495,5541,M_5541_00119,MID_524180_000119,524180
TX_00000826,0200,32,1594.28,159428,2246.02,224602,INR,3931,5542,M_5542_00053,MID_524180_000053,524180
TX_00000827,0200,31,2960.13,296013,2960.133173933368,296013,INR,5180,5541,M_5541_00143,MID_607152_000143,607152
TX_00000828,0200,47,1538.8,153880,1506.09,150609,INR,2636,5542,M_5542_00053,MID_524180_000053,524180
TX_00000829,0200,29,1365.35,136535,1620.15,162015,INR,2835,5812,M_5812_00021,MID_400814_000021,400814
TX_00000830,0200,27,1507.71,150771,1507.7083923419057,150771,INR,2638,5411,M_5411_00058,MID_607152_000058,607152
TX_00000831,0200,24,5537.49,553749,5537.492116177728,553749,INR,9691,5411,M_5411_00058,MID_607152_000058,607152
TX_00000832,0200,63,1060.75,106075,1236.0,123600,INR,2163,5812,M_5812_00021,MID_400814_000021,400814
TX_00000833,0200,45,10000.0,1000000,10000.0,1000000,INR,17500,5812,M_5812_00021,MID_400814_000021,400814
TX_00000834,0200,60,1731.61,173161,2057.75,205775,INR,3601,5812,M_5812_00021,MID_400814_000021,400814
TX_00000835,0200,52,947.81,94781,1046.22,104622,INR,1831,5812,M_5812_00021,MID_400814_000021,400814
TX_00000836,0200,68,508.98,50898,508.97635700637954,50898,INR,891,5311,M_5311_00052,MID_459110_000052,459110
TX_00000837,0200,65,55.55,5555,55.55,5555,INR,97,5311,M_5311_00052,MID_459110_000052,459110
TX_00000838,0200,47,708.83,70883,708.8293451027176,70883,INR,1240,5311,M_5311_00052,MID_459110_000052,459110
TX_00000839,0200,70,430.89,43089,430.8857408194873,43089,INR,754,5311,M_5311_00052,MID_459110_000052,459110
TX_00000840,0200,30,796.9,79690,796.8978304565575,79690,INR,1395,5311,M_5311_00052,MID_459110_000052,459110
TX_00000841,0200,55,380.72,38072,380.72279534126983,38072,INR,666,5311,M_5311_00052,MID_459110_000052,459110
TX_00000842,0200,57,413.01,41301,413.0134731846978,41301,INR,723,5311,M_5311_00052,MID_459110_000052,459110
TX_00000843,0200,47,327.64,32764,327.6366588211828,32764,INR,573,5311,M_5311_00052,MID_459110_000052,459110
TX_00000844,0200,56,741.26,74126,741.259881731723,74126,INR,1297,5411,M_5411_00149,MID_524180_000149,524180
TX_00000845,0200,53,925.56,92556,925.5575553698098,92556,INR,1620,6051,M_6051_00023,MID_400814_000023,400814
TX_00000846,0200,47,1093.22,109322,1093.2155873892816,109322,INR,1913,5311,M_5311_00052,MID_459110_000052,459110
TX_00000847,0200,38,427.39,42739,427.3860178944218,42739,INR,748,5311,M_5311_00052,MID_459110_000052,459110
TX_00000848,0200,41,1075.02,107502,1075.023437648409,107502,INR,1881,5814,M_5814_00061,MID_459110_000061,459110
TX_00000849,0200,57,617.83,61783,617.8293948669547,61783,INR,1081,5541,M_5541_00019,MID_524180_000019,524180
TX_00000850,0200,55,46839.43,4683943,52261.27,5226127,INR,91457,5812,M_5812_00021,MID_400814_000021,400814
TX_00000851,0200,35,3741.65,374165,3741.6529787220734,374165,INR,6548,5541,M_5541_00113,MID_459110_000113,459110
TX_00000852,0200,42,32000.0,3200000,32000.0,3200000,INR,56000,5812,M_5812_00021,MID_400814_000021,400814
TX_00000853,0200,29,1344.72,134472,1344.7203544073911,134472,INR,2353,5912,M_5912_00101,MID_459110_000101,459110
TX_00000854,0200,68,3437.31,343731,4027.78,402778,INR,7049,5812,M_5812_00021,MID_400814_000021,400814
TX_00000855,0200,56,5638.1,563810,5638.097678642467,563810,INR,9867,5999,M_5999_00142,MID_459110_000142,459110
TX_00000856,0200,54,2761.12,276112,3202.75,320275,INR,5605,5812,M_5812_00021,MID_400814_000021,400814
TX_00000857,0200,66,2608.33,260833,2951.48,295148,INR,5165,5812,M_5812_00021,MID_400814_000021,400814
TX_00000858,0200,27,4396.26,439626,4396.263918946655,439626,INR,7693,5812,M_5812_00145,MID_607152_000145,607152
TX_00000859,0200,64,20382.9,2038290,20382.901159641424,2038290,INR,35670,5912,M_5912_00101,MID_459110_000101,459110
TX_00000860,0200,31,5403.04,540304,5403.0439693471835,540304,INR,9455,5812,M_5812_00021,MID_400814_000021,400814
TX_00000861,0200,55,1010.57,101057,1010.5689494561267,101057,INR,1768,5912,M_5912_00101,MID_459110_000101,459110
TX_00000862,0200,38,1686.8,168680,1686.7986129872804,168680,INR,2952,5912,M_5912_00101,MID_459110_000101,459110
TX_00000863,0200,64,1713.62,171362,1713.615575832371,171362,INR,2999,5311,M_5311_00007,MID_524180_000007,524180
TX_00000864,0200,41,3258.51,325851,3258.5143239887493,325851,INR,5702,5912,M_5912_00101,MID_459110_000101,459110
TX_00000865,0200,40,10040.14,1004014,11511.48,1151148,INR,20145,5812,M_5812_00021,MID_400814_000021,400814
TX_00000866,0200,64,827.5,82750,827.4956439397699,82750,INR,1448,5732,M_5732_00045,MID_459110_000045,459110
TX_00000867,0200,62,1159.99,115999,1159.9856128902568,115999,INR,2030,5999,M_5999_00142,MID_459110_000142,459110
TX_00000868,0200,50,642.99,64299,642.9867722328424,64299,INR,1125,5912,M_5912_00101,MID_459110_000101,459110
TX_00000869,0200,61,2365.75,236575,2365.7537436096545,236575,INR,4140,5912,M_5912_00101,MID_459110_000101,459110
TX_00000870,0200,52,407.24,40724,462.08,46208,INR,809,5812,M_5812_00102,MID_607152_000102,607152
TX_00000871,0200,41,2912.11,291211,2912.109934934128,291211,INR,5096,5732,M_5732_00045,MID_459110_000045,459110
TX_00000872,0200,48,2368.45,236845,2730.32,273032,INR,4778,5812,M_5812_00081,MID_400814_000081,400814
TX_00000873,0200,61,2740.82,274082,2740.817158592927,274082,INR,4796,5814,M_5814_00125,MID_524180_000125,524180
TX_00000874,0200,64,1330.57,133057,1330.5732035014744,133057,INR,2329,5814,M_5814_00125,MID_524180_000125,524180
TX_00000875,0200,68,3169.35,316935,3169.3547318587553,316935,INR,5546,5999,M_5999_00142,MID_459110_000142,459110
TX_00000876,0200,53,1409.67,140967,1409.6748920670807,140967,INR,2467,5814,M_5814_00066,MID_524180_000066,524180
TX_00000877,0200,64,1207.23,120723,1207.2336418855323,120723,INR,2113,5541,M_5541_00129,MID_400814_000129,400814
TX_00000878,0200,53,1722.76,172276,1722.763416775806,172276,INR,3015,5411,M_5411_00097,MID_524180_000097,524180
TX_00000879,0200,63,11456.79,1145679,11456.790921285157,1145679,INR,20049,5999,M_5999_00142,MID_459110_000142,459110
TX_00000880,0200,46,2248.3,224830,2248.296390300522,224830,INR,3935,5411,M_5411_00097,MID_524180_000097,524180
TX_00000881,0200,35,1511.38,151138,1785.07,178507,INR,3124,5812,M_5812_00021,MID_400814_000021,400814
TX_00000882,0200,70,1894.37,189437,1894.365278210222,189437,INR,3315,5411,M_5411_00097,MID_524180_000097,524180
TX_00000883,0200,65,447.57,44757,447.5670607861892,44757,INR,783,5411,M_5411_00036,MID_459110_000036,459110
TX_00000884,0200,46,7319.32,731932,7319.319950377495,731932,INR,12809,5912,M_5912_00117,MID_524180_000117,524180
TX_00000885,0200,26,25586.18,2558618,25586.182761328822,2558618,INR,44776,5411,M_5411_00058,MID_607152_000058,607152
TX_00000886,0200,57,3635.56,363556,3635.560451048993,363556,INR,6362,5311,M_5311_00104,MID_459110_000104,459110
TX_00000887,0200,64,945.1,94510,945.1024834889132,94510,INR,1654,5311,M_5311_00104,MID_459110_000104,459110
TX_00000888,0200,51,1017.65,101765,1017.6462462892964,101765,INR,1781,5411,M_5411_00068,MID_524180_000068,524180
TX_00000889,0200,70,900.49,90049,1051.28,105128,INR,1840,5812,M_5812_00021,MID_400814_000021,400814
TX_00000890,0200,38,504.24,50424,504.2361408394606,50424,INR,882,5411,M_5411_00068,MID_524180_000068,524180
TX_00000891,0200,35,3290.47,329047,3622.06,362206,INR,6339,5812,M_5812_00021,MID_400814_000021,400814
TX_00000892,0200,42,708.38,70838,708.3766866575588,70838,INR,1240,5411,M_5411_00036,MID_459110_000036,459110
TX_00000893,0200,36,1144.05,114405,1144.047422007626,114405,INR,2002,5411,M_5411_00036,MID_459110_000036,459110
TX_00000894,0200,55,3455.34,345534,3874.45,387445,INR,6780,5812,M_5812_00075,MID_524180_000075,524180
TX_00000895,0200,68,597.73,59773,658.44,65844,INR,1152,5812,M_5812_00047,MID_459110_000047,459110
TX_00000896,0200,63,8615.4,861540,8615.400941419583,861540,INR,15077,5999,M_5999_00142,MID_459110_000142,459110
TX_00000897,0200,66,14627.87,1462787,14627.870860658,1462787,INR,25599,5411,M_5411_00025,MID_607152_000025,607152
TX_00000898,0200,47,15693.98,1569398,15693.981786188911,1569398,INR,27464,5912,M_5912_00029,MID_459110_000029,459110
TX_00000899,0200,71,696.74,69674,803.8,80380,INR,1407,5812,M_5812_00123,MID_524180_000123,524180
TX_00000900,0200,38,8433.66,843366,9517.25,951725,INR,16655,5812,M_5812_00021,MID_400814_000021,400814
TX_00000901,0200,64,7294.53,729453,7294.533024378606,729453,INR,12765,5812,M_5812_00021,MID_400814_000021,400814
TX_00000902,0200,44,450.23,45023,501.86,50186,INR,878,5812,M_5812_00021,MID_400814_000021,400814
TX_00000903,0200,38,165.0,16500,188.15,18815,INR,329,5812,M_5812_00021,MID_400814_000021,400814
TX_00000904,0200,30,817.89,81789,817.890193073378,81789,INR,1431,5814,M_5814_00066,MID_524180_000066,524180
TX_00000905,0200,59,261.7,26170,261.7020759498789,26170,INR,458,5311,M_5311_00138,MID_607152_000138,607152
TX_00000906,0200,26,221.65,22165,221.64814382660262,22165,INR,388,5311,M_5311_00138,MID_607152_000138,607152
TX_00000907,0200,39,995.42,99542,995.4194304686962,99542,INR,1742,5311,M_5311_00138,MID_607152_000138,607152
TX_00000908,0200,63,552.03,55203,552.0302843083625,55203,INR,966,5311,M_5311_00138,MID_607152_000138,607152
TX_00000909,0200,29,961.17,96117,961.1660447463897,96117,INR,1682,5311,M_5311_00138,MID_607152_000138,607152
TX_00000910,0200,26,683.9,68390,683.9009326685728,68390,INR,1197,5541,M_5541_00113,MID_459110_000113,459110
TX_00000911,0200,50,443.4,44340,443.4007179511164,44340,INR,776,5411,M_5411_00088,MID_524180_000088,524180
TX_00000912,0200,66,184.58,18458,184.58,18458,INR,323,5411,M_5411_00088,MID_524180_000088,524180
TX_00000913,0200,60,982.31,98231,1127.11,112711,INR,1972,5812,M_5812_00021,MID_400814_000021,400814
TX_00000914,0200,30,3401.98,340198,3835.81,383581,INR,6713,5812,M_5812_00021,MID_400814_000021,400814
TX_00000915,0200,53,1378.62,137862,1378.6246552681414,137862,INR,2413,5912,M_5912_00091,MID_459110_000091,459110
TX_00000916,0200,46,14376.73,1437673,15965.66,1596566,INR,27940,5812,M_5812_00021,MID_400814_000021,400814
TX_00000917,0200,34,2098.69,209869,2345.29,234529,INR,4104,5812,M_5812_00021,MID_400814_000021,400814
TX_00000918,0200,31,2294.52,229452,2540.37,254037,INR,4446,5812,M_5812_00081,MID_400814_000081,400814
TX_00000919,0200,53,3400.71,340071,3996.94,399694,INR,6995,5812,M_5812_00081,MID_400814_000081,400814
TX_00000920,0200,35,720.83,72083,720.8301542412496,72083,INR,1261,5541,M_5541_00095,MID_459110_000095,459110
TX_00000921,0200,52,1583.43,158343,1583.4336958379317,158343,INR,2771,5411,M_5411_00073,MID_459110_000073,459110
TX_00000922,0200,47,1040.77,104077,1236.82,123682,INR,2164,5812,M_5812_00081,MID_400814_000081,400814
TX_00000923,0200,33,2374.77,237477,2786.86,278686,INR,4877,5812,M_5812_00081,MID_400814_000081,400814
TX_00000924,0200,63,924.55,92455,1064.17,106417,INR,1862,5812,M_5812_00021,MID_400814_000021,400814
TX_00000925,0200,46,873.18,87318,1029.73,102973,INR,1802,5812,M_5812_00081,MID_400814_000081,400814
TX_00000926,0200,58,1460.02,146002,1627.97,162797,INR,2849,5812,M_5812_00081,MID_400814_000081,400814
TX_00000927,0200,49,3563.53,356353,3563.5329122902676,356353,INR,6236,5411,M_5411_00058,MID_607152_000058,607152
TX_00000928,0200,49,362.66,36266,362.65771951203385,36266,INR,635,5541,M_5541_00113,MID_459110_000113,459110
TX_00000929,0200,61,1501.4,150140,1501.4039478286704,150140,INR,2627,5812,M_5812_00107,MID_400814_000107,400814
TX_00000930,0200,62,2328.46,232846,2328.464556125364,232846,INR,4075,5999,M_5999_00142,MID_459110_000142,459110
TX_00000931,0200,68,354.58,35458,391.75,39175,INR,686,5812,M_5812_00021,MID_400814_000021,400814
TX_00000932,0200,59,574.94,57494,680.5,68050,INR,1191,5812,M_5812_00081,MID_400814_000081,400814
TX_00000933,0200,66,535.71,53571,601.22,60122,INR,1052,5812,M_5812_00021,MID_400814_000021,400814
TX_00000934,0200,56,314.9,31490,349.97,34997,INR,612,5812,M_5812_00021,MID_400814_000021,400814
TX_00000935,0200,48,547.3,54730,631.21,63121,INR,1105,5812,M_5812_00021,MID_400814_000021,400814
TX_00000936,0200,62,1766.08,176608,2083.04,208304,INR,3645,5812,M_5812_00021,MID_400814_000021,400814
TX_00000937,0200,28,1584.67,158467,1789.12,178912,INR,3131,5812,M_5812_00021,MID_400814_000021,400814
TX_00000938,0200,57,3504.58,350458,3504.5795309603677,350458,INR,6133,5814,M_5814_00066,MID_524180_000066,524180
TX_00000939,0200,68,1913.07,191307,2282.94,228294,INR,3995,5812,M_5812_00021,MID_400814_000021,400814
TX_00000940,0200,28,54.82,5482,62.42,6242,INR,109,5812,M_5812_00021,MID_400814_000021,400814
TX_00000941,0200,47,1858.97,185897,1858.973170738084,185897,INR,3253,5411,M_5411_00027,MID_524180_000027,524180
TX_00000942,0200,47,4262.65,426265,4262.652229352319,426265,INR,7460,5812,M_5812_00021,MID_400814_000021,400814
TX_00000943,0200,52,5014.07,501407,5014.071493867223,501407,INR,8775,5944,M_5944_00072,MID_607152_000072,607152
TX_00000944,0200,29,1831.31,183131,2123.11,212311,INR,3715,5812,M_5812_00021,MID_400814_000021,400814
TX_00000945,0200,44,3238.81,323881,3238.813619622694,323881,INR,5668,5944,M_5944_00072,MID_607152_000072,607152
TX_00000946,0200,68,537.91,53791,537.9107433694642,53791,INR,941,5411,M_5411_00015,MID_607152_000015,607152
TX_00000947,0200,66,20441.04,2044104,20441.044243389584,2044104,INR,35772,5944,M_5944_00072,MID_607152_000072,607152
TX_00000948,0200,53,1900.33,190033,1900.3305920435116,190033,INR,3326,5732,M_5732_00045,MID_459110_000045,459110
TX_00000949,0200,55,1301.5,130150,1514.89,151489,INR,2651,5812,M_5812_00021,MID_400814_000021,400814
TX_00000950,0200,68,262.73,26273,302.83,30283,INR,530,5812,M_5812_00046,MID_400814_000046,400814
TX_00000951,0200,57,2507.85,250785,2810.72,281072,INR,4919,5812,M_5812_00021,MID_400814_000021,400814
TX_00000952,0200,71,3495.92,349592,3495.920417904221,349592,INR,6118,5411,M_5411_00068,MID_524180_000068,524180
TX_00000953,0200,64,827.87,82787,827.8670243753771,82787,INR,1449,5411,M_5411_00068,MID_524180_000068,524180
TX_00000954,0200,55,1533.79,153379,1711.31,171131,INR,2995,5812,M_5812_00107,MID_400814_000107,400814
TX_00000955,0200,63,1880.02,188002,1880.02343162393,188002,INR,3290,5411,M_5411_00051,MID_400814_000051,400814
TX_00000956,0200,26,1327.59,132759,1327.5863576554038,132759,INR,2323,5814,M_5814_00092,MID_459110_000092,459110
TX_00000957,0200,34,1234.51,123451,1234.5092187778641,123451,INR,2160,5814,M_5814_00092,MID_459110_000092,459110
TX_00000958,0200,40,8995.56,899556,8995.561459157432,899556,INR,15742,5999,M_5999_00142,MID_459110_000142,459110
TX_00000959,0200,59,1942.38,194238,1942.3825973833993,194238,INR,3399,5411,M_5411_00149,MID_524180_000149,524180
TX_00000960,0200,32,2505.93,250593,2505.926939246791,250593,INR,4385,5311,M_5311_00079,MID_607152_000079,607152
TX_00000961,0200,35,60.55,6055,60.55,6055,INR,106,5411,M_5411_00097,MID_524180_000097,524180
TX_00000962,0200,69,2500.96,250096,2500.9620026357416,250096,INR,4377,5814,M_5814_00092,MID_459110_000092,459110
TX_00000963,0200,45,722.73,72273,722.730890144404,72273,INR,1265,5814,M_5814_00140,MID_607152_000140,607152
TX_00000964,0200,35,4368.19,436819,5235.13,523513,INR,9161,5812,M_5812_00067,MID_400814_000067,400814
TX_00000965,0200,47,2436.28,243628,2436.284667216344,243628,INR,4263,5814,M_5814_00140,MID_607152_000140,607152
TX_00000966,0200,54,29.89,2989,35.75,3575,INR,63,5812,M_5812_00067,MID_400814_000067,400814
TX_00000967,0200,36,3492.43,349243,3492.4333817782717,349243,INR,6112,5411,M_5411_00015,MID_607152_000015,607152
TX_00000968,0200,51,1491.23,149123,1491.2339643567998,149123,INR,2610,5411,M_5411_00015,MID_607152_000015,607152
TX_00000969,0200,37,545.18,54518,634.46,63446,INR,1110,5812,M_5812_00067,MID_400814_000067,400814
TX_00000970,0200,39,361.31,36131,361.30826233884306,36131,INR,632,5814,M_5814_00066,MID_524180_000066,524180
TX_00000971,0200,39,154.43,15443,154.43,15443,INR,270,5814,M_5814_00066,MID_524180_000066,524180
TX_00000972,0200,33,2887.63,288763,2887.6260383017407,288763,INR,5053,5311,M_5311_00104,MID_459110_000104,459110
TX_00000973,0200,62,1399.92,139992,1399.9181882270082,139992,INR,2450,5912,M_5912_00091,MID_459110_000091,459110
TX_00000974,0200,37,937.2,93720,937.1997803091301,93720,INR,1640,5814,M_5814_00066,MID_524180_000066,524180
TX_00000975,0200,71,3334.77,333477,3334.773935505628,333477,INR,5836,5311,M_5311_00104,MID_459110_000104,459110
TX_00000976,0200,29,3134.52,313452,3134.5225122337515,313452,INR,5485,5311,M_5311_00138,MID_607152_000138,607152
TX_00000977,0200,54,3506.78,350678,3506.7846082385217,350678,INR,6137,5812,M_5812_00021,MID_400814_000021,400814
TX_00000978,0200,68,2160.17,216017,2160.1720595102997,216017,INR,3780,5411,M_5411_00049,MID_524180_000049,524180
TX_00000979,0200,62,452.25,45225,452.2464126589349,45225,INR,791,5411,M_5411_00049,MID_524180_000049,524180
TX_00000980,0200,29,1344.49,134449,1344.4938878727303,134449,INR,2353,5311,M_5311_00116,MID_524180_000116,524180
TX_00000981,0200,49,910.57,91057,910.5654978992568,91057,INR,1593,5999,M_5999_00142,MID_459110_000142,459110
TX_00000982,0200,52,654.25,65425,654.2532551018153,65425,INR,1145,5999,M_5999_00142,MID_459110_000142,459110
TX_00000983,0200,43,1343.99,134399,1343.9873339054088,134399,INR,2352,5311,M_5311_00138,MID_607152_000138,607152
TX_00000984,0200,60,2617.76,261776,2617.7597481824528,261776,INR,4581,5411,M_5411_00149,MID_524180_000149,524180
TX_00000985,0200,31,1614.21,161421,1614.2075911355569,161421,INR,2825,5999,M_5999_00142,MID_459110_000142,459110
TX_00000986,0200,45,14705.12,1470512,16472.58,1647258,INR,28827,5812,M_5812_00021,MID_400814_000021,400814
TX_00000987,0200,25,5403.65,540365,5403.653458488372,540365,INR,9456,5542,M_5542_00053,MID_524180_000053,524180
TX_00000988,0200,48,12235.26,1223526,3001.44,300144,INR,5253,5542,M_5542_00053,MID_524180_000053,524180
TX_00000989,0200,64,319.09,31909,319.0938259051207,31909,INR,558,5411,M_5411_00073,MID_459110_000073,459110
TX_00000990,0200,39,1238.83,123883,1871.69,187169,INR,3275,5542,M_5542_00053,MID_524180_000053,524180
TX_00000991,0200,29,257.62,25762,257.62477459113296,25762,INR,451,5814,M_5814_00141,MID_607152_000141,607152
TX_00000992,0200,48,465.57,46557,465.5662438666584,46557,INR,815,5912,M_5912_00054,MID_400814_000054,400814
TX_00000993,0200,31,1218.62,121862,1218.6170903648017,121862,INR,2133,5912,M_5912_00054,MID_400814_000054,400814
TX_00000994,0200,70,52.86,5286,52.86,5286,INR,93,5912,M_5912_00054,MID_400814_000054,400814
TX_00000995,0200,43,764.95,76495,764.9467676388439,76495,INR,1339,5411,M_5411_00027,MID_524180_000027,524180
TX_00000996,0200,41,597.2,59720,597.1956874027443,59720,INR,1045,5912,M_5912_00054,MID_400814_000054,400814
TX_00000997,0200,66,1149.66,114966,1149.6609884915063,114966,INR,2012,5912,M_5912_00054,MID_400814_000054,400814
TX_00000998,0200,53,239.13,23913,239.1346320766091,23913,INR,418,5912,M_5912_00054,MID_400814_000054,400814
TX_00000999,0200,69,307.77,30777,307.7698309293265,30777,INR,539,5912,M_5912_00054,MID_400814_000054,400814
