transaction_id,card_id,pan_masked,product_id,cohort_id,timestamp_utc,tx_time_seconds,mti,stan,rrn,auth_code,response_code,auth_response_code,pos_entry_mode,pos_condition_code,eci,trans_status_3ds,vaai_score,amount,amount_minor,currency,available_balance,credit_limit,mcc,merchant_id
TX_00000000,CARD_000410,607152******4551,IN_PROD_SALARIED_PRIME_REWARDS,C4_SUBURBAN_FAMILY,2024-01-01T00:24:42.523813+00:00,1704068682.52,0100,000001,170406868201,A66358,00,00,071,00,,Y,20,1423.45,142345,INR,119208.72,148828.55681492918,5411,M_5411_00068
TX_00000001,CARD_000410,607152******4551,IN_PROD_SALARIED_PRIME_REWARDS,C4_SUBURBAN_FAMILY,2024-01-01T00:29:25.462913+00:00,1704068965.46,0100,000002,170406896502,A96762,00,00,012,59,05,Y,31,3260.59,326059,INR,117785.27,148828.55681492918,5311,M_5311_00007
TX_00000002,CARD_000410,607152******4551,IN_PROD_SALARIED_PRIME_REWARDS,C4_SUBURBAN_FAMILY,2024-01-01T00:30:30.938499+00:00,1704069030.94,0100,000003,170406903003,A84460,00,00,012,59,05,Y,33,2335.3,233530,INR,114524.68,148828.55681492918,5812,M_5812_00081
TX_00000003,CARD_000410,607152******4551,IN_PROD_SALARIED_PRIME_REWARDS,C4_SUBURBAN_FAMILY,2024-01-01T00:33:05.757286+00:00,1704069185.76,0100,000004,170406918504,A46661,00,00,012,59,05,Y,18,2766.67,276667,INR,112189.38,148828.55681492918,5411,M_5411_00058
TX_00000004,CARD_000410,607152******4551,IN_PROD_SALARIED_PRIME_REWARDS,C4_SUBURBAN_FAMILY,2024-01-01T00:34:10.546288+00:00,1704069250.55,0100,000005,170406925005,A80788,00,00,051,00,,Y,29,890.65,89065,INR,109422.7,148828.55681492918,5411,M_5411_00068
TX_00000005,CARD_000410,607152******4551,IN_PROD_SALARIED_PRIME_REWARDS,C4_SUBURBAN_FAMILY,2024-01-01T00:38:15.402903+00:00,1704069495.4,0100,000006,170406949506,A76698,00,00,071,00,,Y,24,1441.1,144110,INR,108532.05,148828.55681492918,5411,M_5411_00068
TX_00000006,CARD_000981,607152******5617,IN_PROD_SUPER_PREMIUM_HNI,C6_SMALL_BUSINESS_OWNER,2024-01-01T05:13:13.287330+00:00,1704085993.29,0100,000007,170408599307,,65,65,071,00,,Y,17,5929.01,592901,INR,3980059.47,4707762.9587956,5814,M_5814_00066
TX_00000007,CARD_000131,607152******4071,IN_PROD_SALARIED_PRIME_REWARDS,C4_SUBURBAN_FAMILY,2024-01-01T05:51:21.431378+00:00,1704088281.43,0100,000008,170408828108,A81308,00,00,071,00,,Y,23,2623.54,262354,INR,138128.05,162669.30366605736,5541,M_5541_00019
TX_00000008,CARD_000131,607152******4071,IN_PROD_SALARIED_PRIME_REWARDS,C4_SUBURBAN_FAMILY,2024-01-01T05:56:34.068874+00:00,1704088594.07,0100,000009,170408859409,A69947,00,00,071,00,,Y,11,1478.2,147820,INR,135504.5,162669.30366605736,5541,M_5541_00019
TX_00000009,CARD_000131,607152******4071,IN_PROD_SALARIED_PRIME_REWARDS,C4_SUBURBAN_FAMILY,2024-01-01T06:14:59.330290+00:00,1704089699.33,0100,000010,170408969910,A71668,00,00,051,00,,Y,13,1623.76,162376,INR,134026.31,162669.30366605736,5542,M_5542_00121
TX_00000010,CARD_000131,607152******4071,IN_PROD_SALARIED_PRIME_REWARDS,C4_SUBURBAN_FAMILY,2024-01-01T06:17:13.393955+00:00,1704089833.39,0100,000011,170408983311,A78912,00,00,071,00,,Y,9,1210.18,121018,INR,132402.55,162669.30366605736,5542,M_5542_00121
TX_00000011,CARD_000560,607152******9108,IN_PROD_SALARIED_PRIME_REWARDS,C3_YOUNG_ADULT_STUDENT,2024-01-01T06:39:40.643297+00:00,1704091180.64,0100,000012,170409118012,A10890,00,00,012,59,05,Y,27,1762.45,176245,INR,133661.56,159516.69499992288,6051,M_6051_00023
TX_00000012,CARD_000560,607152******9108,IN_PROD_SALARIED_PRIME_REWARDS,C3_YOUNG_ADULT_STUDENT,2024-01-01T06:40:58.411704+00:00,1704091258.41,0100,000013,170409125813,A38279,00,00,051,00,,Y,23,436.02,43602,INR,131899.11,159516.69499992288,5311,M_5311_00079
TX_00000013,CARD_000227,607152******2608,IN_PROD_SALARIED_PRIME_REWARDS,C4_SUBURBAN_FAMILY,2024-01-01T09:30:20.237123+00:00,1704101420.24,0100,000014,170410142014,A83831,00,00,071,00,,Y,8,2284.35,228435,INR,170227.13,194802.72101686738,5311,M_5311_00052
TX_00000014,CARD_000227,607152******2608,IN_PROD_SALARIED_PRIME_REWARDS,C4_SUBURBAN_FAMILY,2024-01-01T09:32:44.248813+00:00,1704101564.25,0100,000015,170410156415,A36461,00,00,051,00,,Y,35,2511.83,251183,INR,167942.77,194802.72101686738,5311,M_5311_00052
TX_00000015,CARD_000227,607152******2608,IN_PROD_SALARIED_PRIME_REWARDS,C4_SUBURBAN_FAMILY,2024-01-01T09:47:45.364200+00:00,1704102465.36,0100,000016,170410246516,A23116,00,00,071,00,,Y,12,1720.06,172006,INR,165430.95,194802.72101686738,5311,M_5311_00052
TX_00000016,CARD_000227,607152******2608,IN_PROD_SALARIED_PRIME_REWARDS,C4_SUBURBAN_FAMILY,2024-01-01T10:17:45.364200+00:00,1704104265.36,0100,000017,170410426517,A37639,00,00,012,59,05,Y,8,3313.59,331359,INR,163710.89,194802.72101686738,5812,M_5812_00021
TX_00000017,CARD_000195,607152******9445,IN_PROD_SALARIED_PRIME_REWARDS,C4_SUBURBAN_FAMILY,2024-01-01T10:31:04.220252+00:00,1704105064.22,0100,000018,170410506418,A81465,00,00,012,59,05,Y,10,518.56,51856,INR,115583.22,132336.95454946754,5999,M_5999_00142
TX_00000018,CARD_000227,607152******2608,IN_PROD_SALARIED_PRIME_REWARDS,C4_SUBURBAN_FAMILY,2024-01-01T10:32:59.798771+00:00,1704105179.8,0100,000019,170410517919,A42348,00,00,012,59,05,Y,15,2286.52,228652,INR,160397.3,194802.72101686738,5999,M_5999_00142
TX_00000019,CARD_000227,607152******2608,IN_PROD_SALARIED_PRIME_REWARDS,C4_SUBURBAN_FAMILY,2024-01-01T10:36:00.354588+00:00,1704105360.35,0100,000020,170410536020,A59018,00,00,071,00,,Y,1,670.7,67070,INR,158110.78,194802.72101686738,5812,M_5812_00123
TX_00000020,CARD_000227,607152******2608,IN_PROD_SALARIED_PRIME_REWARDS,C4_SUBURBAN_FAMILY,2024-01-01T10:40:45.760404+00:00,1704105645.76,0100,000021,170410564521,A85288,00,00,102,59,05,Y,4,2077.09,207709,INR,157440.09,194802.72101686738,5812,M_5812_00021
TX_00000021,CARD_000407,607152******3352,IN_PROD_ENTRY_FD_BACKED,C2_FIXED_INCOME_SENIOR,2024-01-01T10:45:54.252130+00:00,1704105954.25,0100,000022,170410595422,A33346,00,00,071,00,,Y,1,1113.44,111344,INR,14659.43,17226.654958057487,5812,M_5812_00081
TX_00000022,CARD_000407,607152******3352,IN_PROD_ENTRY_FD_BACKED,C2_FIXED_INCOME_SENIOR,2024-01-01T11:00:08.901947+00:00,1704106808.9,0100,000023,170410680823,A67280,00,00,071,00,,Y,31,711.04,71104,INR,13545.99,17226.654958057487,5812,M_5812_00081
TX_00000023,CARD_000407,607152******3352,IN_PROD_ENTRY_FD_BACKED,C2_FIXED_INCOME_SENIOR,2024-01-01T11:07:26.516614+00:00,1704107246.52,0100,000024,170410724624,A22905,00,00,051,00,,Y,6,1895.05,189505,INR,12834.95,17226.654958057487,5812,M_5812_00081
TX_00000024,CARD_000633,607152******1852,IN_PROD_ENTRY_FD_BACKED,C1_HOURLY_GIG_WORKER,2024-01-01T11:38:23.860689+00:00,1704109103.86,0100,000025,170410910325,A26140,00,00,051,00,,Y,7,1178.15,117815,INR,14256.31,17531.277251292267,5814,M_5814_00118
TX_00000025,CARD_000859,607152******1058,IN_PROD_SALARIED_PRIME_REWARDS,C3_YOUNG_ADULT_STUDENT,2024-01-01T11:56:08.077864+00:00,1704110168.08,0100,000026,170411016826,,57,57,012,59,07,N,63,1481.34,148134,INR,253863.61,296795.5172049382,5812,M_5812_00021
TX_00000026,CARD_000585,607152******8086,IN_PROD_SALARIED_PRIME_REWARDS,C4_SUBURBAN_FAMILY,2024-01-01T13:36:31.509880+00:00,1704116191.51,0100,000027,170411619127,A96159,00,00,071,00,,Y,8,2731.74,273174,INR,91172.97,96980.98996775517,5411,M_5411_00068
TX_00000027,CARD_000585,607152******8086,IN_PROD_SALARIED_PRIME_REWARDS,C4_SUBURBAN_FAMILY,2024-01-01T13:41:48.019662+00:00,1704116508.02,0100,000028,170411650828,A79125,00,00,051,00,,Y,23,1799.37,179937,INR,88441.24,96980.98996775517,5411,M_5411_00068
TX_00000028,CARD_000585,607152******8086,IN_PROD_SALARIED_PRIME_REWARDS,C4_SUBURBAN_FAMILY,2024-01-01T13:56:48.333866+00:00,1704117408.33,0100,000029,170411740829,A61956,00,00,071,00,,Y,5,1822.7,182270,INR,86641.87,96980.98996775517,5411,M_5411_00068
TX_00000029,CARD_000585,607152******8086,IN_PROD_SALARIED_PRIME_REWARDS,C4_SUBURBAN_FAMILY,2024-01-01T14:25:51.689000+00:00,1704119151.69,0100,000030,170411915130,A26988,00,00,051,00,,Y,8,571.0,57100,INR,84819.17,96980.98996775517,5411,M_5411_00068
TX_00000030,CARD_000585,607152******8086,IN_PROD_SALARIED_PRIME_REWARDS,C4_SUBURBAN_FAMILY,2024-01-01T14:55:51.689000+00:00,1704120951.69,0100,000031,170412095131,A58193,00,00,051,00,,Y,36,33049.82,3304982,INR,84248.17,96980.98996775517,5812,M_5812_00047
TX_00000031,CARD_000381,607152******5725,IN_PROD_SALARIED_PRIME_REWARDS,C4_SUBURBAN_FAMILY,2024-01-01T16:53:05.779163+00:00,1704127985.78,0100,000032,170412798532,,57,57,012,59,07,N,16,6477.69,647769,INR,229465.77,257547.44674234965,5411,M_5411_00058
TX_00000032,CARD_000743,607152******2263,IN_PROD_SUPER_PREMIUM_HNI,C6_SMALL_BUSINESS_OWNER,2024-01-01T18:05:42.052359+00:00,1704132342.05,0100,000033,170413234233,A47324,00,00,051,00,,Y,33,1432.48,143248,INR,3463062.72,3687144.4267687667,5812,M_5812_00021
TX_00000033,CARD_000743,607152******2263,IN_PROD_SUPER_PREMIUM_HNI,C6_SMALL_BUSINESS_OWNER,2024-01-01T18:12:54.998553+00:00,1704132775.0,0100,000034,170413277434,A61982,00,00,051,00,,Y,45,1070.95,107095,INR,3461630.24,3687144.4267687667,5812,M_5812_00021
TX_00000034,CARD_000743,607152******2263,IN_PROD_SUPER_PREMIUM_HNI,C6_SMALL_BUSINESS_OWNER,2024-01-01T18:26:46.316049+00:00,1704133606.32,0100,000035,170413360635,A93081,00,00,071,00,,Y,20,4753.24,475324,INR,3460559.29,3687144.4267687667,5812,M_5812_00021
TX_00000035,CARD_000743,607152******2263,IN_PROD_SUPER_PREMIUM_HNI,C6_SMALL_BUSINESS_OWNER,2024-01-01T18:49:58.072871+00:00,1704134998.07,0100,000036,170413499836,,63,63,012,59,07,N,15,1339.12,133912,INR,3455806.05,3687144.4267687667,5999,M_5999_00142
TX_00000036,CARD_000743,607152******2263,IN_PROD_SUPER_PREMIUM_HNI,C6_SMALL_BUSINESS_OWNER,2024-01-01T19:05:08.670695+00:00,1704135908.67,0100,000037,170413590837,,63,63,012,59,07,N,18,1723.81,172381,INR,3455806.05,3687144.4267687667,5812,M_5812_00081
TX_00000037,CARD_000743,607152******2263,IN_PROD_SUPER_PREMIUM_HNI,C6_SMALL_BUSINESS_OWNER,2024-01-01T19:13:50.807034+00:00,1704136430.81,0100,000038,170413643038,A68977,00,00,012,59,05,Y,18,4199.63,419963,INR,3455806.05,3687144.4267687667,5411,M_5411_00015
TX_00000038,CARD_000743,607152******2263,IN_PROD_SUPER_PREMIUM_HNI,C6_SMALL_BUSINESS_OWNER,2024-01-01T19:17:36.933217+00:00,1704136656.93,0100,000039,170413665639,,63,63,012,59,07,N,49,4268.87,426887,INR,3451606.41,3687144.4267687667,5411,M_5411_00015
TX_00000039,CARD_000743,607152******2263,IN_PROD_SUPER_PREMIUM_HNI,C6_SMALL_BUSINESS_OWNER,2024-01-01T19:23:49.946013+00:00,1704137029.95,0100,000040,170413702940,,65,65,071,00,,Y,44,10134.89,1013489,INR,3451606.41,3687144.4267687667,5542,M_5542_00121
TX_00000040,CARD_000743,607152******2263,IN_PROD_SUPER_PREMIUM_HNI,C6_SMALL_BUSINESS_OWNER,2024-01-01T19:42:04.623814+00:00,1704138124.62,0100,000041,170413812441,A17995,00,00,071,00,,Y,36,1051.4,105140,INR,3451606.41,3687144.4267687667,5542,M_5542_00121
TX_00000041,CARD_000743,607152******2263,IN_PROD_SUPER_PREMIUM_HNI,C6_SMALL_BUSINESS_OWNER,2024-01-01T19:53:41.182617+00:00,1704138821.18,0100,000042,170413882142,A23840,00,00,012,59,05,Y,20,598.22,59822,INR,3450555.01,3687144.4267687667,5912,M_5912_00003
TX_00000042,CARD_000743,607152******2263,IN_PROD_SUPER_PREMIUM_HNI,C6_SMALL_BUSINESS_OWNER,2024-01-01T20:04:55.457727+00:00,1704139495.46,0100,000043,170413949543,A95821,00,00,051,00,,Y,18,11483.88,1148388,INR,3449956.79,3687144.4267687667,5542,M_5542_00121
TX_00000043,CARD_000743,607152******2263,IN_PROD_SUPER_PREMIUM_HNI,C6_SMALL_BUSINESS_OWNER,2024-01-01T20:17:04.831271+00:00,1704140224.83,0100,000044,170414022444,A38957,00,00,012,59,05,Y,7,3583.97,358397,INR,3438472.91,3687144.4267687667,5812,M_5812_00021
TX_00000044,CARD_000743,607152******2263,IN_PROD_SUPER_PREMIUM_HNI,C6_SMALL_BUSINESS_OWNER,2024-01-01T20:27:30.139765+00:00,1704140850.14,0100,000045,170414085045,A15593,00,00,051,00,,Y,10,31531.95,3153195,INR,3434888.93,3687144.4267687667,5542,M_5542_00121
TX_00000045,CARD_000743,607152******2263,IN_PROD_SUPER_PREMIUM_HNI,C6_SMALL_BUSINESS_OWNER,2024-01-01T20:36:51.140869+00:00,1704141411.14,0100,000046,170414141146,A86343,00,00,051,00,,Y,23,34468.15,3446815,INR,3403356.98,3687144.4267687667,5542,M_5542_00121
TX_00000046,CARD_000743,607152******2263,IN_PROD_SUPER_PREMIUM_HNI,C6_SMALL_BUSINESS_OWNER,2024-01-01T20:41:31.584706+00:00,1704141691.58,0100,000047,170414169147,A82448,00,00,051,00,,Y,7,16254.94,1625494,INR,3368888.83,3687144.4267687667,5542,M_5542_00121
TX_00000047,CARD_000005,607152******9881,IN_PROD_SALARIED_PRIME_REWARDS,C4_SUBURBAN_FAMILY,2024-01-01T21:00:17.102823+00:00,1704142817.1,0100,000048,170414281748,A61355,00,00,051,00,,Y,10,2100.9,210090,INR,99573.69,113887.24030703303,5541,M_5541_00132
TX_00000048,CARD_000005,607152******9881,IN_PROD_SALARIED_PRIME_REWARDS,C4_SUBURBAN_FAMILY,2024-01-01T21:03:17.376526+00:00,1704142997.38,0100,000049,170414299749,A25012,00,00,071,00,,Y,19,1392.06,139206,INR,97472.79,113887.24030703303,5541,M_5541_00132
TX_00000049,CARD_000005,607152******9881,IN_PROD_SALARIED_PRIME_REWARDS,C4_SUBURBAN_FAMILY,2024-01-01T21:07:34.142075+00:00,1704143254.14,0100,000050,170414325450,A51457,00,00,071,00,,Y,24,2377.51,237751,INR,96080.73,113887.24030703303,5541,M_5541_00132
TX_00000050,CARD_000005,607152******9881,IN_PROD_SALARIED_PRIME_REWARDS,C4_SUBURBAN_FAMILY,2024-01-01T21:12:32.692403+00:00,1704143552.69,0100,000051,170414355251,A54792,00,00,071,00,,Y,23,1366.94,136694,INR,93703.22,113887.24030703303,5541,M_5541_00132
TX_00000051,CARD_000005,607152******9881,IN_PROD_SALARIED_PRIME_REWARDS,C4_SUBURBAN_FAMILY,2024-01-01T21:15:35.113163+00:00,1704143735.11,0100,000052,170414373552,A15055,00,00,071,00,,Y,16,1888.09,188809,INR,92336.28,113887.24030703303,5541,M_5541_00132
TX_00000052,CARD_000005,607152******9881,IN_PROD_SALARIED_PRIME_REWARDS,C4_SUBURBAN_FAMILY,2024-01-01T21:17:44.467166+00:00,1704143864.47,0100,000053,170414386453,A81442,00,00,102,59,05,Y,36,1096.52,109652,INR,90448.19,113887.24030703303,5812,M_5812_00102
TX_00000053,CARD_000005,607152******9881,IN_PROD_SALARIED_PRIME_REWARDS,C4_SUBURBAN_FAMILY,2024-01-01T21:21:23.853138+00:00,1704144083.85,0100,000054,170414408354,A27469,00,00,071,00,,Y,36,343.66,34366,INR,89351.66,113887.24030703303,5541,M_5541_00132
TX_00000054,CARD_000005,607152******9881,IN_PROD_SALARIED_PRIME_REWARDS,C4_SUBURBAN_FAMILY,2024-01-01T21:25:12.952292+00:00,1704144312.95,0100,000055,170414431255,A60915,00,00,051,00,,Y,12,1183.63,118363,INR,89008.0,113887.24030703303,5541,M_5541_00132
TX_00000055,CARD_000005,607152******9881,IN_PROD_SALARIED_PRIME_REWARDS,C4_SUBURBAN_FAMILY,2024-01-01T21:27:48.860550+00:00,1704144468.86,0100,000056,170414446856,A94398,00,00,071,00,,Y,3,1205.56,120556,INR,87824.38,113887.24030703303,5541,M_5541_00132
TX_00000056,CARD_000005,607152******9881,IN_PROD_SALARIED_PRIME_REWARDS,C4_SUBURBAN_FAMILY,2024-01-01T21:31:06.031706+00:00,1704144666.03,0100,000057,170414466657,A36700,00,00,051,00,,Y,41,1907.94,190794,INR,86618.81,113887.24030703303,5541,M_5541_00132
TX_00000057,CARD_000423,607152******7900,IN_PROD_SUPER_PREMIUM_HNI,C7_LUXURY_AFFLUENT,2024-01-02T04:41:13.150230+00:00,1704170473.15,0100,000058,170417047358,A96340,00,00,051,00,,Y,43,42681.52,4268152,INR,2102486.39,2348324.07221087,5542,M_5542_00053
TX_00000058,CARD_000423,607152******7900,IN_PROD_SUPER_PREMIUM_HNI,C7_LUXURY_AFFLUENT,2024-01-02T04:43:13.602408+00:00,1704170593.6,0100,000059,170417059359,A24560,00,00,051,00,,Y,16,24238.21,2423821,INR,2059804.87,2348324.07221087,5542,M_5542_00053
TX_00000059,CARD_000984,607152******4631,IN_PROD_SALARIED_PRIME_REWARDS,C5_URBAN_TECH_PROFESSIONAL,2024-01-02T07:56:53.023941+00:00,1704182213.02,0100,000060,170418221360,A87348,00,00,071,00,,Y,6,2616.4,261640,INR,197938.14,221130.35497993242,5812,M_5812_00021
TX_00000060,CARD_000984,607152******4631,IN_PROD_SALARIED_PRIME_REWARDS,C5_URBAN_TECH_PROFESSIONAL,2024-01-02T08:01:46.019149+00:00,1704182506.02,0100,000061,170418250661,A62215,00,00,102,59,05,Y,13,2030.52,203052,INR,195321.74,221130.35497993242,5311,M_5311_00079
TX_00000061,CARD_000073,607152******4667,IN_PROD_SUPER_PREMIUM_HNI,C7_LUXURY_AFFLUENT,2024-01-02T08:03:51.563054+00:00,1704182631.56,0100,000062,170418263162,A34342,00,00,102,59,05,Y,15,3097.93,309793,INR,2117828.61,2508263.780195722,5311,M_5311_00104
TX_00000062,CARD_000984,607152******4631,IN_PROD_SALARIED_PRIME_REWARDS,C5_URBAN_TECH_PROFESSIONAL,2024-01-02T08:04:45.392997+00:00,1704182685.39,0100,000063,170418268563,A77323,00,00,102,59,05,Y,25,3473.97,347397,INR,193291.22,221130.35497993242,5411,M_5411_00036
TX_00000063,CARD_000073,607152******4667,IN_PROD_SUPER_PREMIUM_HNI,C7_LUXURY_AFFLUENT,2024-01-02T08:07:39.045058+00:00,1704182859.05,0100,000064,170418285964,A39746,00,00,051,00,,Y,12,30318.59,3031859,INR,2114730.69,2508263.780195722,5311,M_5311_00052
TX_00000064,CARD_000984,607152******4631,IN_PROD_SALARIED_PRIME_REWARDS,C5_URBAN_TECH_PROFESSIONAL,2024-01-02T08:09:42.547470+00:00,1704182982.55,0100,000065,170418298265,A86540,00,00,071,00,,Y,24,2439.37,243937,INR,189817.25,221130.35497993242,5812,M_5812_00021
TX_00000065,CARD_000984,607152******4631,IN_PROD_SALARIED_PRIME_REWARDS,C5_URBAN_TECH_PROFESSIONAL,2024-01-02T08:14:02.350554+00:00,1704183242.35,0100,000066,170418324266,A39997,00,00,102,59,05,Y,36,612.63,61263,INR,187377.88,221130.35497993242,5999,M_5999_00142
TX_00000066,CARD_000073,607152******4667,IN_PROD_SUPER_PREMIUM_HNI,C7_LUXURY_AFFLUENT,2024-01-02T08:18:44.679829+00:00,1704183524.68,0100,000067,170418352467,A27478,00,00,051,00,,Y,5,32197.48,3219748,INR,2084412.09,2508263.780195722,5311,M_5311_00052
TX_00000067,CARD_000180,607152******7210,IN_PROD_SALARIED_PRIME_REWARDS,C4_SUBURBAN_FAMILY,2024-01-02T08:49:03.867519+00:00,1704185343.87,0100,000068,170418534368,A57204,00,00,012,59,05,Y,6,2177.38,217738,INR,116024.77,139110.0128285283,5812,M_5812_00021
TX_00000068,CARD_000180,607152******7210,IN_PROD_SALARIED_PRIME_REWARDS,C4_SUBURBAN_FAMILY,2024-01-02T08:55:24.938835+00:00,1704185724.94,0100,000069,170418572469,A24058,00,00,071,00,,Y,7,302.65,30265,INR,113847.39,139110.0128285283,5814,M_5814_00065
TX_00000069,CARD_000656,607152******5056,IN_PROD_SALARIED_PRIME_REWARDS,C4_SUBURBAN_FAMILY,2024-01-02T11:17:27.859845+00:00,1704194247.86,0100,000070,170419424770,,57,57,102,59,07,N,6,1159.13,115913,INR,73150.52,90363.55541231969,5812,M_5812_00021
TX_00000070,CARD_000800,607152******5577,IN_PROD_ENTRY_FD_BACKED,C2_FIXED_INCOME_SENIOR,2024-01-02T12:41:22.399751+00:00,1704199282.4,0100,000071,170419928271,A30683,00,00,051,00,,Y,3,1003.28,100328,INR,27404.6,29025.18492346694,5814,M_5814_00066
TX_00000071,CARD_000810,607152******9265,IN_PROD_SALARIED_PRIME_REWARDS,C5_URBAN_TECH_PROFESSIONAL,2024-01-02T17:43:49.733511+00:00,1704217429.73,0100,000072,170421742972,A76207,00,00,102,59,05,Y,8,2338.78,233878,INR,156971.8,183074.08922510367,5814,M_5814_00056
TX_00000072,CARD_000045,607152******3232,IN_PROD_SALARIED_PRIME_REWARDS,C3_YOUNG_ADULT_STUDENT,2024-01-03T02:16:42.594463+00:00,1704248202.59,0100,000073,170424820273,,59,59,012,59,07,N,86,128.69,12869,INR,77789.99,87346.55916749293,5812,M_5812_00021
TX_00000073,CARD_000360,607152******1887,IN_PROD_SALARIED_PRIME_REWARDS,C4_SUBURBAN_FAMILY,2024-01-03T06:02:44.517127+00:00,1704261764.52,0100,000074,170426176474,A55548,00,00,071,00,,Y,28,1585.69,158569,INR,136362.81,161745.68277762271,5411,M_5411_00074
TX_00000074,CARD_000484,607152******8340,IN_PROD_SUPER_PREMIUM_HNI,C6_SMALL_BUSINESS_OWNER,2024-01-03T06:43:46.089561+00:00,1704264226.09,0100,000075,170426422675,A82091,00,00,012,59,05,Y,28,10199.53,1019953,INR,3505560.68,4272961.258365275,5812,M_5812_00021
TX_00000075,CARD_000484,607152******8340,IN_PROD_SUPER_PREMIUM_HNI,C6_SMALL_BUSINESS_OWNER,2024-01-03T06:46:23.024531+00:00,1704264383.02,0100,000076,170426438376,,63,63,012,59,07,N,7,11528.72,1152872,INR,3495361.15,4272961.258365275,5999,M_5999_00142
TX_00000076,CARD_000078,607152******3297,IN_PROD_SALARIED_PRIME_REWARDS,C4_SUBURBAN_FAMILY,2024-01-03T09:24:58.207820+00:00,1704273898.21,0100,000077,170427389877,A24728,00,00,071,00,,Y,19,1458.66,145866,INR,160882.31,172848.11551244918,5411,M_5411_00028
TX_00000077,CARD_000977,607152******9219,IN_PROD_SALARIED_PRIME_REWARDS,C3_YOUNG_ADULT_STUDENT,2024-01-03T09:35:12.865025+00:00,1704274512.87,0100,000078,170427451278,A22056,00,00,012,59,05,Y,11,370.57,37057,INR,92316.59,100439.49331510879,5411,M_5411_00015
TX_00000078,CARD_000977,607152******9219,IN_PROD_SALARIED_PRIME_REWARDS,C3_YOUNG_ADULT_STUDENT,2024-01-03T09:36:35.657637+00:00,1704274595.66,0100,000079,170427459579,A77949,00,00,102,59,05,Y,10,574.17,57417,INR,91946.03,100439.49331510879,5812,M_5812_00047
TX_00000079,CARD_000977,607152******9219,IN_PROD_SALARIED_PRIME_REWARDS,C3_YOUNG_ADULT_STUDENT,2024-01-03T09:36:55.448839+00:00,1704274615.45,0100,000080,170427461580,A97076,00,00,012,59,05,Y,38,718.24,71824,INR,91371.85,100439.49331510879,5812,M_5812_00102
TX_00000080,CARD_000977,607152******9219,IN_PROD_SALARIED_PRIME_REWARDS,C3_YOUNG_ADULT_STUDENT,2024-01-03T09:40:02.139805+00:00,1704274802.14,0100,000081,170427480281,A16154,00,00,051,00,,Y,2,151.15,15115,INR,90653.61,100439.49331510879,5411,M_5411_00015
TX_00000081,CARD_000078,607152******3297,IN_PROD_SALARIED_PRIME_REWARDS,C4_SUBURBAN_FAMILY,2024-01-03T09:46:11.063931+00:00,1704275171.06,0100,000082,170427517182,A89591,00,00,071,00,,Y,33,2462.63,246263,INR,159423.65,172848.11551244918,5411,M_5411_00028
TX_00000082,CARD_000977,607152******9219,IN_PROD_SALARIED_PRIME_REWARDS,C3_YOUNG_ADULT_STUDENT,2024-01-03T09:56:31.333130+00:00,1704275791.33,0100,000083,170427579183,A68583,00,00,102,59,05,Y,17,1104.32,110432,INR,90502.46,100439.49331510879,6051,M_6051_00023
TX_00000083,CARD_000078,607152******3297,IN_PROD_SALARIED_PRIME_REWARDS,C4_SUBURBAN_FAMILY,2024-01-03T10:00:25.598008+00:00,1704276025.6,0100,000084,170427602584,A95213,00,00,012,59,05,Y,9,1429.74,142974,INR,156961.02,172848.11551244918,5411,M_5411_00058
TX_00000084,CARD_000078,607152******3297,IN_PROD_SALARIED_PRIME_REWARDS,C4_SUBURBAN_FAMILY,2024-01-03T10:20:39.323088+00:00,1704277239.32,0100,000085,170427723985,A60173,00,00,051,00,,Y,18,1262.69,126269,INR,155531.28,172848.11551244918,5812,M_5812_00067
TX_00000085,CARD_000977,607152******9219,IN_PROD_SALARIED_PRIME_REWARDS,C3_YOUNG_ADULT_STUDENT,2024-01-03T10:26:31.333130+00:00,1704277591.33,0100,000086,170427759186,A34873,00,00,071,00,,Y,27,618.08,61808,INR,89398.14,100439.49331510879,5411,M_5411_00015
TX_00000086,CARD_000078,607152******3297,IN_PROD_SALARIED_PRIME_REWARDS,C4_SUBURBAN_FAMILY,2024-01-03T10:33:18.964685+00:00,1704277998.96,0100,000087,170427799887,A26923,00,00,102,59,05,Y,13,2756.84,275684,INR,154268.59,172848.11551244918,5812,M_5812_00021
TX_00000087,CARD_000541,607152******3776,IN_PROD_SALARIED_PRIME_REWARDS,C5_URBAN_TECH_PROFESSIONAL,2024-01-03T10:40:26.862470+00:00,1704278426.86,0100,000088,170427842688,A99951,00,00,012,59,05,Y,11,3919.77,391977,INR,260989.12,280366.5499170826,5311,M_5311_00052
TX_00000088,CARD_000977,607152******9219,IN_PROD_SALARIED_PRIME_REWARDS,C3_YOUNG_ADULT_STUDENT,2024-01-03T10:43:50.484880+00:00,1704278630.48,0100,000089,170427863089,A90927,00,00,051,00,,Y,8,318.62,31862,INR,88780.07,100439.49331510879,5411,M_5411_00015
TX_00000089,CARD_000629,607152******8835,IN_PROD_SALARIED_PRIME_REWARDS,C4_SUBURBAN_FAMILY,2024-01-03T12:22:48.079785+00:00,1704284568.08,0100,000090,170428456890,A79904,00,00,102,59,05,Y,10,732.2,73220,INR,131587.64,156325.4646848041,5999,M_5999_00142
TX_00000090,CARD_000629,607152******8835,IN_PROD_SALARIED_PRIME_REWARDS,C4_SUBURBAN_FAMILY,2024-01-03T12:33:22.637037+00:00,1704285202.64,0100,000091,170428520291,A13833,00,00,012,59,05,Y,18,1804.88,180488,INR,130855.44,156325.4646848041,5812,M_5812_00081
TX_00000091,CARD_000629,607152******8835,IN_PROD_SALARIED_PRIME_REWARDS,C4_SUBURBAN_FAMILY,2024-01-03T12:36:03.542281+00:00,1704285363.54,0100,000092,170428536392,A39626,00,00,051,00,,Y,10,2610.17,261017,INR,129050.56,156325.4646848041,5411,M_5411_00097
TX_00000092,CARD_000629,607152******8835,IN_PROD_SALARIED_PRIME_REWARDS,C4_SUBURBAN_FAMILY,2024-01-03T12:51:02.714434+00:00,1704286262.71,0100,000093,170428626293,A56263,00,00,102,59,05,Y,40,11746.93,1174693,INR,126440.4,156325.4646848041,5411,M_5411_00015
TX_00000093,CARD_000200,607152******9088,IN_PROD_SALARIED_PRIME_REWARDS,C4_SUBURBAN_FAMILY,2024-01-03T12:55:10.143696+00:00,1704286510.14,0100,000094,170428651094,A67765,00,00,102,59,05,Y,50,1455.83,145583,INR,74567.36,92690.19602908316,5999,M_5999_00142
TX_00000094,CARD_000629,607152******8835,IN_PROD_SALARIED_PRIME_REWARDS,C4_SUBURBAN_FAMILY,2024-01-03T13:06:27.964274+00:00,1704287187.96,0100,000095,170428718795,A54533,00,00,012,59,05,Y,28,4518.28,451828,INR,114693.47,156325.4646848041,5812,M_5812_00021
TX_00000095,CARD_000629,607152******8835,IN_PROD_SALARIED_PRIME_REWARDS,C4_SUBURBAN_FAMILY,2024-01-03T13:15:04.420196+00:00,1704287704.42,0100,000096,170428770496,A48512,00,00,051,00,,Y,24,1202.48,120248,INR,110175.18,156325.4646848041,5411,M_5411_00097
TX_00000096,CARD_000629,607152******8835,IN_PROD_SALARIED_PRIME_REWARDS,C4_SUBURBAN_FAMILY,2024-01-03T13:22:50.575173+00:00,1704288170.58,0100,000097,170428817097,A59516,00,00,012,59,05,Y,14,1089.96,108996,INR,108972.7,156325.4646848041,5812,M_5812_00102
TX_00000097,CARD_000674,607152******7879,IN_PROD_SALARIED_PRIME_REWARDS,C3_YOUNG_ADULT_STUDENT,2024-01-03T13:23:21.772812+00:00,1704288201.77,0100,000098,170428820198,A32586,00,00,071,00,,Y,11,665.52,66552,INR,191475.95,221888.62394059618,5814,M_5814_00118
TX_00000098,CARD_000629,607152******8835,IN_PROD_SALARIED_PRIME_REWARDS,C4_SUBURBAN_FAMILY,2024-01-03T13:31:41.387727+00:00,1704288701.39,0100,000099,170428870199,A66768,00,00,071,00,,Y,9,1365.89,136589,INR,107882.75,156325.4646848041,5411,M_5411_00097
TX_00000099,CARD_000674,607152******7879,IN_PROD_SALARIED_PRIME_REWARDS,C3_YOUNG_ADULT_STUDENT,2024-01-03T13:35:00.956481+00:00,1704288900.96,0100,000100,170428890000,,57,57,012,59,07,N,14,406.74,40674,INR,190810.43,221888.62394059618,5812,M_5812_00145
TX_00000100,CARD_000674,607152******7879,IN_PROD_SALARIED_PRIME_REWARDS,C3_YOUNG_ADULT_STUDENT,2024-01-03T13:45:19.771055+00:00,1704289519.77,0100,000101,170428951901,,57,57,012,59,07,N,13,466.01,46601,INR,190810.43,221888.62394059618,5812,M_5812_00145
TX_00000101,CARD_000629,607152******8835,IN_PROD_SALARIED_PRIME_REWARDS,C4_SUBURBAN_FAMILY,2024-01-03T13:54:09.319933+00:00,1704290049.32,0100,000102,170429004902,A17525,00,00,071,00,,Y,17,1375.81,137581,INR,106516.86,156325.4646848041,5411,M_5411_00097
TX_00000102,CARD_000674,607152******7879,IN_PROD_SALARIED_PRIME_REWARDS,C3_YOUNG_ADULT_STUDENT,2024-01-03T13:54:31.587216+00:00,1704290071.59,0100,000103,170429007103,A37979,00,00,051,00,,Y,6,646.41,64641,INR,190810.43,221888.62394059618,5411,M_5411_00090
TX_00000103,CARD_000674,607152******7879,IN_PROD_SALARIED_PRIME_REWARDS,C3_YOUNG_ADULT_STUDENT,2024-01-03T13:59:26.058300+00:00,1704290366.06,0100,000104,170429036604,,57,57,102,59,07,N,1,422.34,42234,INR,190164.02,221888.62394059618,5411,M_5411_00015
TX_00000104,CARD_000629,607152******8835,IN_PROD_SALARIED_PRIME_REWARDS,C4_SUBURBAN_FAMILY,2024-01-03T14:04:52.168360+00:00,1704290692.17,0100,000105,170429069205,A39843,00,00,012,59,05,Y,19,3731.93,373193,INR,105141.04,156325.4646848041,5812,M_5812_00021
TX_00000105,CARD_000596,607152******6086,IN_PROD_SALARIED_PRIME_REWARDS,C4_SUBURBAN_FAMILY,2024-01-03T15:59:32.997399+00:00,1704297573.0,0100,000106,170429757206,A30311,00,00,051,00,,Y,17,1831.26,183126,INR,96595.18,106076.87898483423,5812,M_5812_00021
TX_00000106,CARD_000596,607152******6086,IN_PROD_SALARIED_PRIME_REWARDS,C4_SUBURBAN_FAMILY,2024-01-03T16:14:15.766198+00:00,1704298455.77,0100,000107,170429845507,A73051,00,00,051,00,,Y,6,394.98,39498,INR,94763.92,106076.87898483423,5812,M_5812_00021
TX_00000107,CARD_000596,607152******6086,IN_PROD_SALARIED_PRIME_REWARDS,C4_SUBURBAN_FAMILY,2024-01-03T16:32:01.128961+00:00,1704299521.13,0100,000108,170429952108,A16330,00,00,071,00,,Y,36,3051.17,305117,INR,94368.94,106076.87898483423,5812,M_5812_00021
TX_00000108,CARD_000923,607152******6785,IN_PROD_SALARIED_PRIME_REWARDS,C5_URBAN_TECH_PROFESSIONAL,2024-01-03T19:15:14.659784+00:00,1704309314.66,0100,000109,170430931409,,57,57,012,59,07,N,13,2888.99,288899,INR,317732.49,356475.66045582155,6513,M_6513_00022
TX_00000109,CARD_000219,607152******3362,IN_PROD_SALARIED_PRIME_REWARDS,C3_YOUNG_ADULT_STUDENT,2024-01-03T21:36:39.888665+00:00,1704317799.89,0100,000110,170431779910,A37045,00,00,102,59,05,Y,11,332.99,33299,INR,118310.85,136781.77872685716,5812,M_5812_00021
TX_00000110,CARD_000219,607152******3362,IN_PROD_SALARIED_PRIME_REWARDS,C3_YOUNG_ADULT_STUDENT,2024-01-03T21:40:21.492495+00:00,1704318021.49,0100,000111,170431802111,A98535,00,00,071,00,,Y,15,775.79,77579,INR,117977.86,136781.77872685716,5812,M_5812_00123
TX_00000111,CARD_000219,607152******3362,IN_PROD_SALARIED_PRIME_REWARDS,C3_YOUNG_ADULT_STUDENT,2024-01-03T21:45:20.430608+00:00,1704318320.43,0100,000112,170431832012,A32859,00,00,071,00,,Y,28,2068.75,206875,INR,117202.08,136781.77872685716,5812,M_5812_00123
TX_00000112,CARD_000977,607152******9219,IN_PROD_SALARIED_PRIME_REWARDS,C3_YOUNG_ADULT_STUDENT,2024-01-04T06:05:45.538651+00:00,1704348345.54,0100,000113,170434834513,A16762,00,00,102,59,05,Y,25,530.65,53065,INR,88461.45,100439.49331510879,5812,M_5812_00021
TX_00000113,CARD_000763,607152******6661,IN_PROD_ENTRY_FD_BACKED,C1_HOURLY_GIG_WORKER,2024-01-04T06:44:54.265492+00:00,1704350694.27,0100,000114,170435069414,,57,57,102,59,07,N,14,901.93,90193,INR,22348.21,27635.061659533218,5541,M_5541_00113
TX_00000114,CARD_000861,607152******2274,IN_PROD_SUPER_PREMIUM_HNI,C6_SMALL_BUSINESS_OWNER,2024-01-04T06:48:03.658869+00:00,1704350883.66,0100,000115,170435088315,A18603,00,00,012,59,05,Y,35,1338.66,133866,INR,2488414.32,2959954.6656573457,5812,M_5812_00021
TX_00000115,CARD_000861,607152******2274,IN_PROD_SUPER_PREMIUM_HNI,C6_SMALL_BUSINESS_OWNER,2024-01-04T07:24:47.894079+00:00,1704353087.89,0100,000116,170435308716,A25794,00,00,051,00,,Y,36,5313.98,531398,INR,2487075.66,2959954.6656573457,5542,M_5542_00053
TX_00000116,CARD_000861,607152******2274,IN_PROD_SUPER_PREMIUM_HNI,C6_SMALL_BUSINESS_OWNER,2024-01-04T07:28:31.829544+00:00,1704353311.83,0100,000117,170435331117,,63,63,102,59,07,N,28,2201.25,220125,INR,2481761.68,2959954.6656573457,5812,M_5812_00021
TX_00000117,CARD_000525,607152******3644,IN_PROD_SALARIED_PRIME_REWARDS,C4_SUBURBAN_FAMILY,2024-01-04T07:36:10.249745+00:00,1704353770.25,0100,000118,170435377018,,57,57,012,59,07,N,12,1752.22,175222,INR,285964.56,311187.499079823,5999,M_5999_00142
TX_00000118,CARD_000327,607152******6153,IN_PROD_SALARIED_PRIME_REWARDS,C5_URBAN_TECH_PROFESSIONAL,2024-01-04T08:38:41.364123+00:00,1704357521.36,0100,000119,170435752119,A68614,00,00,071,00,,Y,1,880.67,88067,INR,417299.72,477088.39829622826,5812,M_5812_00067
TX_00000119,CARD_000327,607152******6153,IN_PROD_SALARIED_PRIME_REWARDS,C5_URBAN_TECH_PROFESSIONAL,2024-01-04T08:46:31.461605+00:00,1704357991.46,0100,000120,170435799120,A27887,00,00,012,59,05,Y,18,1038.78,103878,INR,416419.04,477088.39829622826,5812,M_5812_00102
TX_00000120,CARD_000327,607152******6153,IN_PROD_SALARIED_PRIME_REWARDS,C5_URBAN_TECH_PROFESSIONAL,2024-01-04T09:00:10.469110+00:00,1704358810.47,0100,000121,170435881021,A74832,00,00,071,00,,Y,36,927.89,92789,INR,415380.26,477088.39829622826,5812,M_5812_00067
TX_00000121,CARD_000327,607152******6153,IN_PROD_SALARIED_PRIME_REWARDS,C5_URBAN_TECH_PROFESSIONAL,2024-01-04T09:16:50.415613+00:00,1704359810.42,0100,000122,170435981022,A44037,00,00,102,59,05,Y,8,2234.9,223490,INR,414452.37,477088.39829622826,5812,M_5812_00021
TX_00000122,CARD_000327,607152******6153,IN_PROD_SALARIED_PRIME_REWARDS,C5_URBAN_TECH_PROFESSIONAL,2024-01-04T09:31:42.150203+00:00,1704360702.15,0100,000123,170436070223,A18728,00,00,071,00,,Y,21,375.75,37575,INR,412217.47,477088.39829622826,5411,M_5411_00028
TX_00000123,CARD_000327,607152******6153,IN_PROD_SALARIED_PRIME_REWARDS,C5_URBAN_TECH_PROFESSIONAL,2024-01-04T09:46:34.663648+00:00,1704361594.66,0100,000124,170436159424,A88965,00,00,071,00,,Y,22,3795.76,379576,INR,411841.72,477088.39829622826,5411,M_5411_00028
TX_00000124,CARD_000327,607152******6153,IN_PROD_SALARIED_PRIME_REWARDS,C5_URBAN_TECH_PROFESSIONAL,2024-01-04T10:15:40.325786+00:00,1704363340.33,0100,000125,170436334025,A95227,00,00,071,00,,Y,29,2662.37,266237,INR,408045.96,477088.39829622826,5411,M_5411_00028
TX_00000125,CARD_000327,607152******6153,IN_PROD_SALARIED_PRIME_REWARDS,C5_URBAN_TECH_PROFESSIONAL,2024-01-04T10:29:49.728697+00:00,1704364189.73,0100,000126,170436418926,A57674,00,00,102,59,05,Y,30,1753.03,175303,INR,405383.59,477088.39829622826,5411,M_5411_00070
TX_00000126,CARD_000327,607152******6153,IN_PROD_SALARIED_PRIME_REWARDS,C5_URBAN_TECH_PROFESSIONAL,2024-01-04T10:52:45.395123+00:00,1704365565.4,0100,000127,170436556527,,65,65,071,00,,Y,16,1379.58,137958,INR,403630.56,477088.39829622826,5541,M_5541_00095
TX_00000127,CARD_000857,607152******1623,IN_PROD_SALARIED_PRIME_REWARDS,C4_SUBURBAN_FAMILY,2024-01-04T10:58:42.706411+00:00,1704365922.71,0100,000128,170436592228,A13351,00,00,051,00,,Y,20,1361.38,136138,INR,178248.1,193072.52148146753,5411,M_5411_00036
TX_00000128,CARD_000399,607152******8868,IN_PROD_SALARIED_PRIME_REWARDS,C4_SUBURBAN_FAMILY,2024-01-04T10:59:20.306883+00:00,1704365960.31,0100,000129,170436596029,A38179,00,00,071,00,,Y,30,1553.23,155323,INR,249705.53,285088.16206783836,5542,M_5542_00077
TX_00000129,CARD_000857,607152******1623,IN_PROD_SALARIED_PRIME_REWARDS,C4_SUBURBAN_FAMILY,2024-01-04T11:14:17.803168+00:00,1704366857.8,0100,000130,170436685730,A55794,00,00,071,00,,Y,2,1804.43,180443,INR,176886.72,193072.52148146753,5411,M_5411_00036
TX_00000130,CARD_000857,607152******1623,IN_PROD_SALARIED_PRIME_REWARDS,C4_SUBURBAN_FAMILY,2024-01-04T11:37:55.163513+00:00,1704368275.16,0100,000131,170436827531,A19800,00,00,051,00,,Y,18,1206.37,120637,INR,175082.29,193072.52148146753,5812,M_5812_00032
TX_00000131,CARD_000857,607152******1623,IN_PROD_SALARIED_PRIME_REWARDS,C4_SUBURBAN_FAMILY,2024-01-04T12:07:55.163513+00:00,1704370075.16,0100,000132,170437007532,A26013,00,00,071,00,,Y,8,1999.39,199939,INR,173875.92,193072.52148146753,5812,M_5812_00032
TX_00000132,CARD_000857,607152******1623,IN_PROD_SALARIED_PRIME_REWARDS,C4_SUBURBAN_FAMILY,2024-01-04T12:24:28.750658+00:00,1704371068.75,0100,000133,170437106833,A14051,00,00,071,00,,Y,20,1377.99,137799,INR,171876.52,193072.52148146753,5812,M_5812_00032
TX_00000133,CARD_000857,607152******1623,IN_PROD_SALARIED_PRIME_REWARDS,C4_SUBURBAN_FAMILY,2024-01-04T12:37:48.553238+00:00,1704371868.55,0100,000134,170437186834,A11790,00,00,051,00,,Y,7,1376.07,137607,INR,170498.53,193072.52148146753,5812,M_5812_00032
TX_00000134,CARD_000857,607152******1623,IN_PROD_SALARIED_PRIME_REWARDS,C4_SUBURBAN_FAMILY,2024-01-04T12:41:38.581060+00:00,1704372098.58,0100,000135,170437209835,A73170,00,00,071,00,,Y,16,802.5,80250,INR,169122.46,193072.52148146753,5812,M_5812_00032
TX_00000135,CARD_000456,607152******6473,IN_PROD_SALARIED_PRIME_REWARDS,C4_SUBURBAN_FAMILY,2024-01-04T14:46:09.820213+00:00,1704379569.82,0100,000136,170437956936,,65,65,071,00,,Y,24,11035.02,1103502,INR,169375.59,185735.64352427126,5541,M_5541_00019
TX_00000136,CARD_000502,607152******7381,IN_PROD_SALARIED_PRIME_REWARDS,C3_YOUNG_ADULT_STUDENT,2024-01-04T16:37:39.750741+00:00,1704386259.75,0100,000137,170438625937,A44033,00,00,071,00,,Y,46,218.44,21844,INR,163183.23,192018.58087980095,5999,M_5999_00142
TX_00000137,CARD_000855,607152******9372,IN_PROD_SALARIED_PRIME_REWARDS,C4_SUBURBAN_FAMILY,2024-01-04T17:02:41.371684+00:00,1704387761.37,0100,000138,170438776138,A58701,00,00,012,59,05,Y,66,1276.1,127610,INR,168913.93,186705.10195602622,5814,M_5814_00140
TX_00000138,CARD_000592,607152******7967,IN_PROD_SALARIED_PRIME_REWARDS,C4_SUBURBAN_FAMILY,2024-01-04T19:27:43.666928+00:00,1704396463.67,0100,000139,170439646339,A52905,00,00,071,00,,Y,24,2266.63,226663,INR,123391.39,151036.80930947931,5812,M_5812_00021
TX_00000139,CARD_000592,607152******7967,IN_PROD_SALARIED_PRIME_REWARDS,C4_SUBURBAN_FAMILY,2024-01-04T19:46:48.964066+00:00,1704397608.96,0100,000140,170439760840,A89816,00,00,012,59,05,Y,72,1093.47,109347,INR,121124.76,151036.80930947931,5999,M_5999_00031
TX_00000140,CARD_000592,607152******7967,IN_PROD_SALARIED_PRIME_REWARDS,C4_SUBURBAN_FAMILY,2024-01-04T20:05:09.610372+00:00,1704398709.61,0100,000141,170439870941,A60995,00,00,071,00,,Y,10,797.68,79768,INR,120031.29,151036.80930947931,5812,M_5812_00021
TX_00000141,CARD_000592,607152******7967,IN_PROD_SALARIED_PRIME_REWARDS,C4_SUBURBAN_FAMILY,2024-01-04T20:35:09.610372+00:00,1704400509.61,0100,000142,170440050942,A90618,00,00,051,00,,Y,13,3304.08,330408,INR,119233.62,151036.80930947931,5812,M_5812_00021
TX_00000142,CARD_000598,607152******4026,IN_PROD_SALARIED_PRIME_REWARDS,C4_SUBURBAN_FAMILY,2024-01-04T20:58:44.177354+00:00,1704401924.18,0100,000143,170440192443,A90975,00,00,071,00,,Y,14,3007.06,300706,INR,373060.42,393498.28878712864,5411,M_5411_00028
TX_00000143,CARD_000271,607152******3660,IN_PROD_SUPER_PREMIUM_HNI,C6_SMALL_BUSINESS_OWNER,2024-01-04T21:20:26.784300+00:00,1704403226.78,0100,000144,170440322644,A91783,00,00,012,59,05,Y,1,643.24,64324,INR,3043129.09,3428879.4413568266,5812,M_5812_00021
TX_00000144,CARD_000271,607152******3660,IN_PROD_SUPER_PREMIUM_HNI,C6_SMALL_BUSINESS_OWNER,2024-01-04T21:21:04.051520+00:00,1704403264.05,0100,000145,170440326445,,63,63,012,59,07,N,38,1546.54,154654,INR,3042485.85,3428879.4413568266,5999,M_5999_00142
TX_00000145,CARD_000271,607152******3660,IN_PROD_SUPER_PREMIUM_HNI,C6_SMALL_BUSINESS_OWNER,2024-01-04T21:22:34.891610+00:00,1704403354.89,0100,000146,170440335446,A46921,00,00,012,59,05,Y,22,2514.63,251463,INR,3042485.85,3428879.4413568266,5912,M_5912_00117
TX_00000146,CARD_000023,607152******2484,IN_PROD_ENTRY_FD_BACKED,C1_HOURLY_GIG_WORKER,2024-01-04T21:29:41.867001+00:00,1704403781.87,0100,000147,170440378147,A24416,00,00,051,00,,Y,19,688.09,68809,INR,30471.77,33713.09247516986,5912,M_5912_00086
TX_00000147,CARD_000676,607152******9734,IN_PROD_SALARIED_PRIME_REWARDS,C5_URBAN_TECH_PROFESSIONAL,2024-01-04T21:58:04.228429+00:00,1704405484.23,0100,000148,170440548448,A36200,00,00,102,59,05,Y,39,759.25,75925,INR,438134.72,438134.7224281684,5311,M_5311_00104
TX_00000148,CARD_000220,607152******7906,IN_PROD_PMJDY_RUPAY_DEBIT,C1_HOURLY_GIG_WORKER,2024-01-05T05:07:15.158220+00:00,1704431235.16,0100,000149,170443123549,A23453,00,00,051,00,,Y,22,706.96,70696,INR,2023.77,4145.941759622529,5411,M_5411_00058
TX_00000149,CARD_000220,607152******7906,IN_PROD_PMJDY_RUPAY_DEBIT,C1_HOURLY_GIG_WORKER,2024-01-05T05:10:15.894152+00:00,1704431415.89,0100,000150,170443141550,A82121,00,00,051,00,,Y,29,890.14,89014,INR,1316.82,4145.941759622529,5411,M_5411_00058
TX_00000150,CARD_000220,607152******7906,IN_PROD_PMJDY_RUPAY_DEBIT,C1_HOURLY_GIG_WORKER,2024-01-05T05:16:06.841689+00:00,1704431766.84,0100,000151,170443176651,,51,51,051,00,,Y,18,986.02,98602,INR,426.68,4145.941759622529,5411,M_5411_00058
TX_00000151,CARD_000220,607152******7906,IN_PROD_PMJDY_RUPAY_DEBIT,C1_HOURLY_GIG_WORKER,2024-01-05T05:20:12.603501+00:00,1704432012.6,0100,000152,170443201252,,51,51,051,00,,Y,11,1041.37,104137,INR,426.68,4145.941759622529,5411,M_5411_00058
TX_00000152,CARD_000715,607152******2586,IN_PROD_SALARIED_PRIME_REWARDS,C4_SUBURBAN_FAMILY,2024-01-05T08:28:38.163447+00:00,1704443318.16,0100,000153,170444331853,A60484,00,00,012,59,05,Y,12,5800.86,580086,INR,145013.07,159761.42259019817,5812,M_5812_00021
TX_00000153,CARD_000010,607152******6437,IN_PROD_ENTRY_FD_BACKED,C2_FIXED_INCOME_SENIOR,2024-01-05T08:37:59.541718+00:00,1704443879.54,0100,000154,170444387954,A95779,00,00,102,59,05,Y,1,935.57,93557,INR,23618.57,23618.56502581153,5411,M_5411_00015
TX_00000154,CARD_000238,607152******5990,IN_PROD_SALARIED_PRIME_REWARDS,C5_URBAN_TECH_PROFESSIONAL,2024-01-05T08:48:56.285462+00:00,1704444536.29,0100,000155,170444453655,A98440,00,00,012,59,05,Y,43,804.09,80409,INR,82419.39,98997.90001146155,5999,M_5999_00142
TX_00000155,CARD_000238,607152******5990,IN_PROD_SALARIED_PRIME_REWARDS,C5_URBAN_TECH_PROFESSIONAL,2024-01-05T08:57:36.346233+00:00,1704445056.35,0100,000156,170444505656,A74159,00,00,051,00,,Y,20,4712.67,471267,INR,81615.3,98997.90001146155,5999,M_5999_00142
TX_00000156,CARD_000238,607152******5990,IN_PROD_SALARIED_PRIME_REWARDS,C5_URBAN_TECH_PROFESSIONAL,2024-01-05T09:02:36.346233+00:00,1704445356.35,0100,000157,170444535657,A18340,00,00,012,59,05,Y,13,1893.31,189331,INR,76902.63,98997.90001146155,5814,M_5814_00089
TX_00000157,CARD_000238,607152******5990,IN_PROD_SALARIED_PRIME_REWARDS,C5_URBAN_TECH_PROFESSIONAL,2024-01-05T09:32:36.346233+00:00,1704447156.35,0100,000158,170444715658,A51286,00,00,102,59,05,Y,13,643.23,64323,INR,75009.32,98997.90001146155,5411,M_5411_00059
TX_00000158,CARD_000238,607152******5990,IN_PROD_SALARIED_PRIME_REWARDS,C5_URBAN_TECH_PROFESSIONAL,2024-01-05T09:46:33.366452+00:00,1704447993.37,0100,000159,170444799359,A80248,00,00,051,00,,Y,36,1977.08,197708,INR,74366.09,98997.90001146155,5912,M_5912_00091
TX_00000159,CARD_000238,607152******5990,IN_PROD_SALARIED_PRIME_REWARDS,C5_URBAN_TECH_PROFESSIONAL,2024-01-05T09:59:09.163848+00:00,1704448749.16,0100,000160,170444874960,A89269,00,00,102,59,05,Y,37,1182.12,118212,INR,72389.02,98997.90001146155,5814,M_5814_00066
TX_00000160,CARD_000238,607152******5990,IN_PROD_SALARIED_PRIME_REWARDS,C5_URBAN_TECH_PROFESSIONAL,2024-01-05T10:01:14.477762+00:00,1704448874.48,0100,000161,170444887461,A43455,00,00,102,59,05,Y,4,2349.75,234975,INR,71206.9,98997.90001146155,5812,M_5812_00021
TX_00000161,CARD_000741,607152******1814,IN_PROD_SALARIED_PRIME_REWARDS,C3_YOUNG_ADULT_STUDENT,2024-01-05T10:34:24.783263+00:00,1704450864.78,0100,000162,170445086462,,82,82,102,59,05,Y,41,137.11,13711,INR,116628.18,137603.4513079794,5812,M_5812_00046
TX_00000162,CARD_000972,607152******4169,IN_PROD_SALARIED_PRIME_REWARDS,C3_YOUNG_ADULT_STUDENT,2024-01-05T13:08:31.075093+00:00,1704460111.08,0100,000163,170446011163,A92927,00,00,071,00,,Y,56,868.3,86830,INR,134149.98,155053.4381561427,5814,M_5814_00066
TX_00000163,CARD_000972,607152******4169,IN_PROD_SALARIED_PRIME_REWARDS,C3_YOUNG_ADULT_STUDENT,2024-01-05T13:11:48.202995+00:00,1704460308.2,0100,000164,170446030864,A67982,00,00,051,00,,Y,2,695.0,69500,INR,133281.68,155053.4381561427,5814,M_5814_00066
TX_00000164,CARD_000972,607152******4169,IN_PROD_SALARIED_PRIME_REWARDS,C3_YOUNG_ADULT_STUDENT,2024-01-05T13:24:54.231090+00:00,1704461094.23,0100,000165,170446109465,A82763,00,00,051,00,,Y,0,675.45,67545,INR,132586.68,155053.4381561427,5814,M_5814_00066
TX_00000165,CARD_000972,607152******4169,IN_PROD_SALARIED_PRIME_REWARDS,C3_YOUNG_ADULT_STUDENT,2024-01-05T13:30:03.372147+00:00,1704461403.37,0100,000166,170446140366,A49030,00,00,102,59,05,Y,5,1231.36,123136,INR,131911.23,155053.4381561427,5812,M_5812_00021
TX_00000166,CARD_000450,607152******2025,IN_PROD_SUPER_PREMIUM_HNI,C6_SMALL_BUSINESS_OWNER,2024-01-05T15:12:16.339700+00:00,1704467536.34,0100,000167,170446753667,A15951,00,00,012,59,05,Y,31,628.66,62866,INR,1378726.96,1468838.6191657735,5999,M_5999_00142
TX_00000167,CARD_000792,607152******8961,IN_PROD_SALARIED_PRIME_REWARDS,C4_SUBURBAN_FAMILY,2024-01-05T16:40:25.295661+00:00,1704472825.3,0100,000168,170447282568,A83208,00,00,051,00,,Y,2,2888.84,288884,INR,159423.1,177977.11094398354,5411,M_5411_00025
TX_00000168,CARD_000792,607152******8961,IN_PROD_SALARIED_PRIME_REWARDS,C4_SUBURBAN_FAMILY,2024-01-05T16:46:04.565634+00:00,1704473164.57,0100,000169,170447316469,A28792,00,00,071,00,,Y,32,63.36,6336,INR,156534.26,177977.11094398354,5411,M_5411_00025
TX_00000169,CARD_000792,607152******8961,IN_PROD_SALARIED_PRIME_REWARDS,C4_SUBURBAN_FAMILY,2024-01-05T16:53:20.917886+00:00,1704473600.92,0100,000170,170447360070,A10507,00,00,102,59,05,Y,43,3201.5,320150,INR,156470.9,177977.11094398354,5732,M_5732_00082
TX_00000170,CARD_000792,607152******8961,IN_PROD_SALARIED_PRIME_REWARDS,C4_SUBURBAN_FAMILY,2024-01-05T16:55:09.354968+00:00,1704473709.35,0100,000171,170447370971,A66459,00,00,071,00,,Y,25,60.0,6000,INR,153269.41,177977.11094398354,5411,M_5411_00025
TX_00000171,CARD_000792,607152******8961,IN_PROD_SALARIED_PRIME_REWARDS,C4_SUBURBAN_FAMILY,2024-01-05T16:58:24.552063+00:00,1704473904.55,0100,000172,170447390472,A55633,00,00,051,00,,Y,16,3106.24,310624,INR,153209.41,177977.11094398354,5411,M_5411_00025
TX_00000172,CARD_000792,607152******8961,IN_PROD_SALARIED_PRIME_REWARDS,C4_SUBURBAN_FAMILY,2024-01-05T17:06:42.946050+00:00,1704474402.95,0100,000173,170447440273,A26213,00,00,071,00,,Y,2,1941.47,194147,INR,150103.17,177977.11094398354,5411,M_5411_00025
TX_00000173,CARD_000386,607152******2816,IN_PROD_SUPER_PREMIUM_HNI,C7_LUXURY_AFFLUENT,2024-01-05T17:10:12.635137+00:00,1704474612.64,0100,000174,170447461274,A50953,00,00,071,00,,Y,10,61.11,6111,INR,2800885.23,2800885.2315719733,5311,M_5311_00055
TX_00000174,CARD_000386,607152******2816,IN_PROD_SUPER_PREMIUM_HNI,C7_LUXURY_AFFLUENT,2024-01-05T17:16:51.951237+00:00,1704475011.95,0100,000175,170447501175,A93295,00,00,051,00,,Y,44,32512.51,3251251,INR,2800824.12,2800885.2315719733,5311,M_5311_00055
TX_00000175,CARD_000792,607152******8961,IN_PROD_SALARIED_PRIME_REWARDS,C4_SUBURBAN_FAMILY,2024-01-05T17:23:06.987715+00:00,1704475386.99,0100,000176,170447538676,,65,65,071,00,,Y,6,7137.91,713791,INR,148161.7,177977.11094398354,5411,M_5411_00025
TX_00000176,CARD_000792,607152******8961,IN_PROD_SALARIED_PRIME_REWARDS,C4_SUBURBAN_FAMILY,2024-01-05T17:32:31.413830+00:00,1704475951.41,0100,000177,170447595177,A10389,00,00,071,00,,Y,16,1509.38,150938,INR,148161.7,177977.11094398354,5411,M_5411_00025
TX_00000177,CARD_000792,607152******8961,IN_PROD_SALARIED_PRIME_REWARDS,C4_SUBURBAN_FAMILY,2024-01-05T17:35:38.195920+00:00,1704476138.2,0100,000178,170447613878,A29018,00,00,102,59,05,Y,11,4870.5,487050,INR,146652.32,177977.11094398354,5814,M_5814_00066
TX_00000178,CARD_000792,607152******8961,IN_PROD_SALARIED_PRIME_REWARDS,C4_SUBURBAN_FAMILY,2024-01-05T17:36:47.731882+00:00,1704476207.73,0100,000179,170447620779,A11857,00,00,102,59,05,Y,6,2060.52,206052,INR,141781.82,177977.11094398354,5541,M_5541_00113
TX_00000179,CARD_000386,607152******2816,IN_PROD_SUPER_PREMIUM_HNI,C7_LUXURY_AFFLUENT,2024-01-05T17:36:48.157651+00:00,1704476208.16,0100,000180,170447620880,A40338,00,00,051,00,,Y,44,3355.58,335558,INR,2768311.61,2800885.2315719733,5311,M_5311_00055
TX_00000180,CARD_000792,607152******8961,IN_PROD_SALARIED_PRIME_REWARDS,C4_SUBURBAN_FAMILY,2024-01-05T17:40:50.733142+00:00,1704476450.73,0100,000181,170447645081,A62032,00,00,102,59,05,Y,27,1671.06,167106,INR,139721.3,177977.11094398354,4816,M_4816_00011
TX_00000181,CARD_000244,607152******4350,IN_PROD_SALARIED_PRIME_REWARDS,C4_SUBURBAN_FAMILY,2024-01-05T17:49:51.019842+00:00,1704476991.02,0100,000182,170447699182,A81604,00,00,102,59,05,Y,8,2758.78,275878,INR,184521.87,215670.63927128533,5812,M_5812_00021
TX_00000182,CARD_000386,607152******2816,IN_PROD_SUPER_PREMIUM_HNI,C7_LUXURY_AFFLUENT,2024-01-05T17:58:06.609829+00:00,1704477486.61,0100,000183,170447748683,A32685,00,00,051,00,,Y,6,1194.65,119465,INR,2764956.03,2800885.2315719733,5311,M_5311_00055
TX_00000183,CARD_000386,607152******2816,IN_PROD_SUPER_PREMIUM_HNI,C7_LUXURY_AFFLUENT,2024-01-05T18:12:22.891196+00:00,1704478342.89,0100,000184,170447834284,,65,65,071,00,,Y,3,33435.81,3343581,INR,2763761.38,2800885.2315719733,5311,M_5311_00055
TX_00000184,CARD_000682,607152******9726,IN_PROD_SALARIED_PRIME_REWARDS,C2_FIXED_INCOME_SENIOR,2024-01-05T18:14:00.791112+00:00,1704478440.79,0100,000185,170447844085,A64110,00,00,051,00,,Y,10,870.62,87062,INR,187466.03,211484.5652561274,5411,M_5411_00051
TX_00000185,CARD_000386,607152******2816,IN_PROD_SUPER_PREMIUM_HNI,C7_LUXURY_AFFLUENT,2024-01-05T18:24:59.134404+00:00,1704479099.13,0100,000186,170447909986,A23162,00,00,051,00,,Y,19,3139.86,313986,INR,2763761.38,2800885.2315719733,5311,M_5311_00055
TX_00000186,CARD_000386,607152******2816,IN_PROD_SUPER_PREMIUM_HNI,C7_LUXURY_AFFLUENT,2024-01-05T18:34:45.165194+00:00,1704479685.17,0100,000187,170447968587,A52495,00,00,071,00,,Y,25,1960.91,196091,INR,2760621.52,2800885.2315719733,5311,M_5311_00055
TX_00000187,CARD_000386,607152******2816,IN_PROD_SUPER_PREMIUM_HNI,C7_LUXURY_AFFLUENT,2024-01-05T18:53:12.287767+00:00,1704480792.29,0100,000188,170448079288,,65,65,071,00,,Y,21,14187.95,1418795,INR,2758660.62,2800885.2315719733,5311,M_5311_00055
TX_00000188,CARD_000386,607152******2816,IN_PROD_SUPER_PREMIUM_HNI,C7_LUXURY_AFFLUENT,2024-01-05T19:17:10.723028+00:00,1704482230.72,0100,000189,170448223089,A10521,00,00,051,00,,Y,12,24843.81,2484381,INR,2758660.62,2800885.2315719733,5812,M_5812_00102
TX_00000189,CARD_000386,607152******2816,IN_PROD_SUPER_PREMIUM_HNI,C7_LUXURY_AFFLUENT,2024-01-05T19:35:18.186268+00:00,1704483318.19,0100,000190,170448331890,,65,65,071,00,,Y,6,10712.04,1071204,INR,2733816.8,2800885.2315719733,5311,M_5311_00055
TX_00000190,CARD_000386,607152******2816,IN_PROD_SUPER_PREMIUM_HNI,C7_LUXURY_AFFLUENT,2024-01-05T19:50:08.080737+00:00,1704484208.08,0100,000191,170448420891,A73055,00,00,012,59,05,Y,15,3825.84,382584,INR,2733816.8,2800885.2315719733,5812,M_5812_00021
TX_00000191,CARD_000696,607152******6459,IN_PROD_SALARIED_PRIME_REWARDS,C4_SUBURBAN_FAMILY,2024-01-05T19:53:00.179980+00:00,1704484380.18,0100,000192,170448438092,,57,57,012,59,07,N,7,1318.2,131820,INR,215247.24,251757.42353895222,5814,M_5814_00147
TX_00000192,CARD_000226,607152******7111,IN_PROD_SUPER_PREMIUM_HNI,C7_LUXURY_AFFLUENT,2024-01-05T21:12:02.791093+00:00,1704489122.79,0100,000193,170448912293,A32806,00,00,051,00,,Y,14,47314.18,4731418,INR,2102024.21,2376585.9619111638,5999,M_5999_00142
TX_00000193,CARD_000589,607152******2612,IN_PROD_SUPER_PREMIUM_HNI,C6_SMALL_BUSINESS_OWNER,2024-01-05T21:54:18.190153+00:00,1704491658.19,0100,000194,170449165894,A17940,00,00,051,00,,Y,12,3159.2,315920,INR,3054102.88,3054102.882141327,5912,M_5912_00117
TX_00000194,CARD_000422,607152******2423,IN_PROD_SALARIED_PRIME_REWARDS,C4_SUBURBAN_FAMILY,2024-01-05T23:53:26.090550+00:00,1704498806.09,0100,000195,170449880695,A49268,00,00,051,00,,Y,11,437.03,43703,INR,137982.94,162121.7069336974,5814,M_5814_00089
TX_00000195,CARD_000081,607152******6912,IN_PROD_SALARIED_PRIME_REWARDS,C4_SUBURBAN_FAMILY,2024-01-05T23:54:03.659541+00:00,1704498843.66,0100,000196,170449884396,A47943,00,00,071,00,,Y,8,1678.28,167828,INR,145523.36,155129.91240615002,5411,M_5411_00015
TX_00000196,CARD_000081,607152******6912,IN_PROD_SALARIED_PRIME_REWARDS,C4_SUBURBAN_FAMILY,2024-01-05T23:57:39.369945+00:00,1704499059.37,0100,000197,170449905997,A40766,00,00,071,00,,Y,24,2983.12,298312,INR,143845.08,155129.91240615002,5411,M_5411_00015
TX_00000197,CARD_000409,607152******2292,IN_PROD_PMJDY_RUPAY_DEBIT,C1_HOURLY_GIG_WORKER,2024-01-06T05:20:41.249071+00:00,1704518441.25,0100,000198,170451844198,A62127,00,00,012,59,05,Y,64,1475.03,147503,INR,27427.58,3329.0019753039396,5999,M_5999_00142
TX_00000198,CARD_000678,607152******6760,IN_PROD_PMJDY_RUPAY_DEBIT,C1_HOURLY_GIG_WORKER,2024-01-06T05:32:12.248477+00:00,1704519132.25,0100,000199,170451913299,,82,82,012,59,05,Y,27,1440.67,144067,INR,27435.15,6051.812396790134,5812,M_5812_00021
TX_00000199,CARD_000553,607152******6950,IN_PROD_SALARIED_PRIME_REWARDS,C4_SUBURBAN_FAMILY,2024-01-06T08:00:40.629361+00:00,1704528040.63,0100,000200,170452804000,A68225,00,00,051,00,,Y,18,14129.89,1412989,INR,361142.37,417602.2603883445,5812,M_5812_00021
TX_00000200,CARD_000407,607152******3352,IN_PROD_ENTRY_FD_BACKED,C2_FIXED_INCOME_SENIOR,2024-01-06T08:32:07.409090+00:00,1704529927.41,0100,000201,170452992701,A93926,00,00,012,59,05,Y,13,872.99,87299,INR,10226.36,17226.654958057487,5812,M_5812_00021
TX_00000201,CARD_000407,607152******3352,IN_PROD_ENTRY_FD_BACKED,C2_FIXED_INCOME_SENIOR,2024-01-06T08:39:51.843892+00:00,1704530391.84,0100,000202,170453039102,A92826,00,00,051,00,,Y,20,627.77,62777,INR,9353.37,17226.654958057487,5732,M_5732_00082
TX_00000202,CARD_000407,607152******3352,IN_PROD_ENTRY_FD_BACKED,C2_FIXED_INCOME_SENIOR,2024-01-06T08:43:44.164847+00:00,1704530624.16,0100,000203,170453062403,A91911,00,00,071,00,,Y,14,1492.99,149299,INR,8725.59,17226.654958057487,5732,M_5732_00082
TX_00000203,CARD_000407,607152******3352,IN_PROD_ENTRY_FD_BACKED,C2_FIXED_INCOME_SENIOR,2024-01-06T09:13:44.164847+00:00,1704532424.16,0100,000204,170453242404,A92041,00,00,012,59,05,Y,2,3480.99,348099,INR,7232.6,17226.654958057487,5411,M_5411_00074
TX_00000204,CARD_000407,607152******3352,IN_PROD_ENTRY_FD_BACKED,C2_FIXED_INCOME_SENIOR,2024-01-06T09:28:06.319099+00:00,1704533286.32,0100,000205,170453328605,A11204,00,00,012,59,05,Y,14,1379.37,137937,INR,3751.61,17226.654958057487,5812,M_5812_00102
TX_00000205,CARD_000407,607152******3352,IN_PROD_ENTRY_FD_BACKED,C2_FIXED_INCOME_SENIOR,2024-01-06T09:48:52.869827+00:00,1704534532.87,0100,000206,170453453206,A88241,00,00,051,00,,Y,9,1102.82,110282,INR,2372.24,17226.654958057487,5999,M_5999_00142
TX_00000206,CARD_000407,607152******3352,IN_PROD_ENTRY_FD_BACKED,C2_FIXED_INCOME_SENIOR,2024-01-06T09:51:37.211213+00:00,1704534697.21,0100,000207,170453469707,,51,51,051,00,,Y,26,2077.12,207712,INR,1269.42,17226.654958057487,5999,M_5999_00142
TX_00000207,CARD_000468,607152******9858,IN_PROD_SALARIED_PRIME_REWARDS,C3_YOUNG_ADULT_STUDENT,2024-01-06T10:45:20.659467+00:00,1704537920.66,0100,000208,170453792008,A69938,00,00,012,59,05,Y,32,1445.64,144564,INR,381711.22,425896.47598866426,5812,M_5812_00021
TX_00000208,CARD_000348,607152******1318,IN_PROD_SALARIED_PRIME_REWARDS,C4_SUBURBAN_FAMILY,2024-01-06T11:34:19.417561+00:00,1704540859.42,0100,000209,170454085909,A96449,00,00,102,59,05,Y,14,2811.94,281194,INR,93206.92,113237.8240304866,5999,M_5999_00142
TX_00000209,CARD_000348,607152******1318,IN_PROD_SALARIED_PRIME_REWARDS,C4_SUBURBAN_FAMILY,2024-01-06T11:36:02.398719+00:00,1704540962.4,0100,000210,170454096210,A58162,00,00,051,00,,Y,3,1873.84,187384,INR,90394.97,113237.8240304866,5812,M_5812_00067
TX_00000210,CARD_000348,607152******1318,IN_PROD_SALARIED_PRIME_REWARDS,C4_SUBURBAN_FAMILY,2024-01-06T12:05:15.650897+00:00,1704542715.65,0100,000211,170454271511,A34982,00,00,051,00,,Y,23,4519.11,451911,INR,88521.13,113237.8240304866,5812,M_5812_00067
TX_00000211,CARD_000348,607152******1318,IN_PROD_SALARIED_PRIME_REWARDS,C4_SUBURBAN_FAMILY,2024-01-06T12:35:15.650897+00:00,1704544515.65,0100,000212,170454451512,A29094,00,00,051,00,,Y,13,1022.57,102257,INR,84002.02,113237.8240304866,5812,M_5812_00067
TX_00000212,CARD_000348,607152******1318,IN_PROD_SALARIED_PRIME_REWARDS,C4_SUBURBAN_FAMILY,2024-01-06T12:48:05.110442+00:00,1704545285.11,0100,000213,170454528513,A88001,00,00,012,59,05,Y,13,1195.0,119500,INR,82979.45,113237.8240304866,5814,M_5814_00001
TX_00000213,CARD_000851,607152******4125,IN_PROD_SALARIED_PRIME_REWARDS,C4_SUBURBAN_FAMILY,2024-01-06T13:21:48.121085+00:00,1704547308.12,0100,000214,170454730814,A54757,00,00,102,59,05,Y,4,4228.15,422815,INR,110134.52,110134.520344299,5411,M_5411_00149
TX_00000214,CARD_000939,607152******6311,IN_PROD_SALARIED_PRIME_REWARDS,C3_YOUNG_ADULT_STUDENT,2024-01-06T13:23:15.994204+00:00,1704547395.99,0100,000215,170454739515,A50197,00,00,051,00,,Y,9,586.5,58650,INR,293756.11,315436.39872921596,5311,M_5311_00052
TX_00000215,CARD_000471,607152******4623,IN_PROD_ENTRY_FD_BACKED,C2_FIXED_INCOME_SENIOR,2024-01-06T14:42:09.055641+00:00,1704552129.06,0100,000216,170455212916,A23982,00,00,012,59,05,Y,11,1699.76,169976,INR,37272.95,46306.02679528047,5411,M_5411_00015
TX_00000216,CARD_000471,607152******4623,IN_PROD_ENTRY_FD_BACKED,C2_FIXED_INCOME_SENIOR,2024-01-06T15:00:43.040889+00:00,1704553243.04,0100,000217,170455324317,A41975,00,00,051,00,,Y,13,873.69,87369,INR,35573.19,46306.02679528047,5812,M_5812_00046
TX_00000217,CARD_000471,607152******4623,IN_PROD_ENTRY_FD_BACKED,C2_FIXED_INCOME_SENIOR,2024-01-06T15:17:39.927910+00:00,1704554259.93,0100,000218,170455425918,,63,63,012,59,07,N,14,1201.53,120153,INR,34699.5,46306.02679528047,5411,M_5411_00015
TX_00000218,CARD_000471,607152******4623,IN_PROD_ENTRY_FD_BACKED,C2_FIXED_INCOME_SENIOR,2024-01-06T15:31:27.644401+00:00,1704555087.64,0100,000219,170455508719,A83389,00,00,071,00,,Y,2,1320.74,132074,INR,34699.5,46306.02679528047,5732,M_5732_00045
TX_00000219,CARD_000471,607152******4623,IN_PROD_ENTRY_FD_BACKED,C2_FIXED_INCOME_SENIOR,2024-01-06T15:44:54.865635+00:00,1704555894.87,0100,000220,170455589420,A37387,00,00,051,00,,Y,7,736.54,73654,INR,33378.76,46306.02679528047,5732,M_5732_00045
TX_00000220,CARD_000471,607152******4623,IN_PROD_ENTRY_FD_BACKED,C2_FIXED_INCOME_SENIOR,2024-01-06T16:02:20.780465+00:00,1704556940.78,0100,000221,170455694021,A92826,00,00,051,00,,Y,49,729.78,72978,INR,32642.21,46306.02679528047,5732,M_5732_00045
TX_00000221,CARD_000471,607152******4623,IN_PROD_ENTRY_FD_BACKED,C2_FIXED_INCOME_SENIOR,2024-01-06T16:17:04.344971+00:00,1704557824.34,0100,000222,170455782422,,63,63,012,59,07,N,9,668.83,66883,INR,31912.43,46306.02679528047,5311,M_5311_00104
TX_00000222,CARD_000427,607152******2320,IN_PROD_SALARIED_PRIME_REWARDS,C4_SUBURBAN_FAMILY,2024-01-06T16:57:23.033164+00:00,1704560243.03,0100,000223,170456024323,,65,65,071,00,,Y,42,20772.22,2077222,INR,240395.31,289497.5115820639,5411,M_5411_00058
TX_00000223,CARD_000430,607152******7545,IN_PROD_SALARIED_PRIME_REWARDS,C5_URBAN_TECH_PROFESSIONAL,2024-01-06T17:50:29.396403+00:00,1704563429.4,0100,000224,170456342924,A63895,00,00,071,00,,Y,59,446.03,44603,INR,432222.0,432221.9973184429,5814,M_5814_00144
TX_00000224,CARD_000325,607152******6792,IN_PROD_SALARIED_PRIME_REWARDS,C4_SUBURBAN_FAMILY,2024-01-06T18:04:42.031147+00:00,1704564282.03,0100,000225,170456428225,A13189,00,00,071,00,,Y,22,1599.68,159968,INR,336072.44,410176.02669565845,5812,M_5812_00021
TX_00000225,CARD_000013,607152******9249,IN_PROD_SALARIED_PRIME_REWARDS,C3_YOUNG_ADULT_STUDENT,2024-01-06T18:16:49.125460+00:00,1704565009.13,0100,000226,170456500926,A34233,00,00,071,00,,Y,36,292.2,29220,INR,174129.45,199090.8185827296,5311,M_5311_00116
TX_00000226,CARD_000013,607152******9249,IN_PROD_SALARIED_PRIME_REWARDS,C3_YOUNG_ADULT_STUDENT,2024-01-06T18:20:44.251229+00:00,1704565244.25,0100,000227,170456524427,A28599,00,00,051,00,,Y,7,153.46,15346,INR,173837.25,199090.8185827296,5311,M_5311_00116
TX_00000227,CARD_000325,607152******6792,IN_PROD_SALARIED_PRIME_REWARDS,C4_SUBURBAN_FAMILY,2024-01-06T18:31:34.636691+00:00,1704565894.64,0100,000228,170456589428,A70856,00,00,051,00,,Y,17,3567.45,356745,INR,334472.77,410176.02669565845,5812,M_5812_00021
TX_00000228,CARD_000013,607152******9249,IN_PROD_SALARIED_PRIME_REWARDS,C3_YOUNG_ADULT_STUDENT,2024-01-06T18:32:58.622580+00:00,1704565978.62,0100,000229,170456597829,A32558,00,00,051,00,,Y,7,232.65,23265,INR,173683.79,199090.8185827296,5311,M_5311_00116
TX_00000229,CARD_000013,607152******9249,IN_PROD_SALARIED_PRIME_REWARDS,C3_YOUNG_ADULT_STUDENT,2024-01-06T18:38:56.991081+00:00,1704566336.99,0100,000230,170456633630,A43628,00,00,071,00,,Y,28,511.97,51197,INR,173451.14,199090.8185827296,5311,M_5311_00116
TX_00000230,CARD_000325,607152******6792,IN_PROD_SALARIED_PRIME_REWARDS,C4_SUBURBAN_FAMILY,2024-01-06T18:42:24.068329+00:00,1704566544.07,0100,000231,170456654431,,57,57,102,59,07,N,20,697.14,69714,INR,330905.31,410176.02669565845,5912,M_5912_00091
TX_00000231,CARD_000434,607152******8855,IN_PROD_SALARIED_PRIME_REWARDS,C2_FIXED_INCOME_SENIOR,2024-01-06T19:16:28.099303+00:00,1704568588.1,0100,000232,170456858832,A71144,00,00,051,00,,Y,34,1364.42,136442,INR,332782.72,383502.775119327,5999,M_5999_00142
TX_00000232,CARD_000028,607152******3565,IN_PROD_PMJDY_RUPAY_DEBIT,C1_HOURLY_GIG_WORKER,2024-01-06T19:31:23.501302+00:00,1704569483.5,0100,000233,170456948333,A40956,00,00,051,00,,Y,4,351.23,35123,INR,3695.13,6686.733180983615,5411,M_5411_00051
TX_00000233,CARD_000028,607152******3565,IN_PROD_PMJDY_RUPAY_DEBIT,C1_HOURLY_GIG_WORKER,2024-01-06T19:46:32.225768+00:00,1704570392.23,0100,000234,170457039234,A61709,00,00,051,00,,Y,46,660.0,66000,INR,3343.91,6686.733180983615,5311,M_5311_00007
TX_00000234,CARD_000028,607152******3565,IN_PROD_PMJDY_RUPAY_DEBIT,C1_HOURLY_GIG_WORKER,2024-01-06T19:50:08.514149+00:00,1704570608.51,0100,000235,170457060835,A20279,00,00,051,00,,Y,18,750.44,75044,INR,2683.91,6686.733180983615,5311,M_5311_00007
TX_00000235,CARD_000028,607152******3565,IN_PROD_PMJDY_RUPAY_DEBIT,C1_HOURLY_GIG_WORKER,2024-01-06T20:00:51.763014+00:00,1704571251.76,0100,000236,170457125136,,51,51,051,00,,Y,25,32763.7,3276370,INR,1933.47,6686.733180983615,5311,M_5311_00007
TX_00000236,CARD_000028,607152******3565,IN_PROD_PMJDY_RUPAY_DEBIT,C1_HOURLY_GIG_WORKER,2024-01-06T20:30:51.763014+00:00,1704573051.76,0100,000237,170457305137,A69818,00,00,051,00,,Y,17,220.17,22017,INR,1933.47,6686.733180983615,5411,M_5411_00049
TX_00000237,CARD_000675,607152******6441,IN_PROD_SALARIED_PRIME_REWARDS,C3_YOUNG_ADULT_STUDENT,2024-01-06T20:31:56.336398+00:00,1704573116.34,0100,000238,170457311638,A29237,00,00,012,59,05,Y,34,209.37,20937,INR,367538.73,367538.7315097839,5812,M_5812_00021
TX_00000238,CARD_000963,607152******5589,IN_PROD_ENTRY_FD_BACKED,C2_FIXED_INCOME_SENIOR,2024-01-06T20:34:26.632137+00:00,1704573266.63,0100,000239,170457326639,A39571,00,00,051,00,,Y,19,1720.59,172059,INR,21135.64,22801.561573439,5411,M_5411_00073
TX_00000239,CARD_000675,607152******6441,IN_PROD_SALARIED_PRIME_REWARDS,C3_YOUNG_ADULT_STUDENT,2024-01-06T20:35:06.883045+00:00,1704573306.88,0100,000240,170457330640,A55586,00,00,051,00,,Y,1,492.12,49212,INR,367329.37,367538.7315097839,5812,M_5812_00102
TX_00000240,CARD_000028,607152******3565,IN_PROD_PMJDY_RUPAY_DEBIT,C1_HOURLY_GIG_WORKER,2024-01-06T20:47:55.311362+00:00,1704574075.31,0100,000241,170457407541,A37850,00,00,051,00,,Y,29,615.55,61555,INR,1713.3,6686.733180983615,5311,M_5311_00007
TX_00000241,CARD_000028,607152******3565,IN_PROD_PMJDY_RUPAY_DEBIT,C1_HOURLY_GIG_WORKER,2024-01-06T21:10:05.992398+00:00,1704575405.99,0100,000242,170457540542,A45198,00,00,051,00,,Y,3,834.62,83462,INR,1097.75,6686.733180983615,5311,M_5311_00007
TX_00000242,CARD_000653,607152******3539,IN_PROD_SUPER_PREMIUM_HNI,C7_LUXURY_AFFLUENT,2024-01-06T22:34:03.183642+00:00,1704580443.18,0100,000243,170458044343,A30962,00,00,071,00,,Y,24,1850.76,185076,INR,3492137.93,3921361.4106247425,5542,M_5542_00053
TX_00000243,CARD_000653,607152******3539,IN_PROD_SUPER_PREMIUM_HNI,C7_LUXURY_AFFLUENT,2024-01-06T22:36:33.102959+00:00,1704580593.1,0100,000244,170458059344,A74024,00,00,012,59,05,Y,30,4247.6,424760,INR,3490287.17,3921361.4106247425,5812,M_5812_00102
TX_00000244,CARD_000510,607152******6721,IN_PROD_ENTRY_FD_BACKED,C2_FIXED_INCOME_SENIOR,2024-01-07T04:44:58.178812+00:00,1704602698.18,0100,000245,170460269845,A90296,00,00,012,59,05,Y,40,809.79,80979,INR,26422.84,33308.44790652121,5912,M_5912_00105
TX_00000245,CARD_000314,607152******5308,IN_PROD_SALARIED_PRIME_REWARDS,C5_URBAN_TECH_PROFESSIONAL,2024-01-07T05:44:54.173770+00:00,1704606294.17,0100,000246,170460629446,A24504,00,00,012,59,05,Y,7,896.87,89687,INR,402187.22,420442.9681772763,5311,M_5311_00138
TX_00000246,CARD_000552,607152******7591,IN_PROD_SUPER_PREMIUM_HNI,C6_SMALL_BUSINESS_OWNER,2024-01-07T06:36:25.808945+00:00,1704609385.81,0100,000247,170460938547,A11573,00,00,051,00,,Y,19,2195.05,219505,INR,2370923.92,2370923.9158394737,5311,M_5311_00024
TX_00000247,CARD_000823,607152******3657,IN_PROD_SUPER_PREMIUM_HNI,C6_SMALL_BUSINESS_OWNER,2024-01-07T07:12:13.358758+00:00,1704611533.36,0100,000248,170461153348,A51345,00,00,012,59,05,Y,8,1027.29,102729,INR,3420004.99,3658376.7104751477,5411,M_5411_00084
TX_00000248,CARD_000394,607152******7516,IN_PROD_SALARIED_PRIME_REWARDS,C3_YOUNG_ADULT_STUDENT,2024-01-07T10:09:50.234536+00:00,1704622190.23,0100,000249,170462219049,A87009,00,00,051,00,,Y,5,1222.27,122227,INR,141977.74,150949.20490094105,5912,M_5912_00048
TX_00000249,CARD_000226,607152******7111,IN_PROD_SUPER_PREMIUM_HNI,C7_LUXURY_AFFLUENT,2024-01-07T12:42:20.736004+00:00,1704631340.74,0100,000250,170463134050,A92955,00,00,071,00,,Y,35,4701.09,470109,INR,2054710.03,2376585.9619111638,5812,M_5812_00126
TX_00000250,CARD_000226,607152******7111,IN_PROD_SUPER_PREMIUM_HNI,C7_LUXURY_AFFLUENT,2024-01-07T12:47:06.216405+00:00,1704631626.22,0100,000251,170463162651,A85636,00,00,071,00,,Y,41,1711.33,171133,INR,2050008.94,2376585.9619111638,5812,M_5812_00126
TX_00000251,CARD_000226,607152******7111,IN_PROD_SUPER_PREMIUM_HNI,C7_LUXURY_AFFLUENT,2024-01-07T12:54:13.222088+00:00,1704632053.22,0100,000252,170463205352,A16969,00,00,071,00,,Y,24,1179.56,117956,INR,2048297.61,2376585.9619111638,5812,M_5812_00126
TX_00000252,CARD_000195,607152******9445,IN_PROD_SALARIED_PRIME_REWARDS,C4_SUBURBAN_FAMILY,2024-01-07T13:01:21.702303+00:00,1704632481.7,0100,000253,170463248153,A54628,00,00,012,59,05,Y,21,1558.2,155820,INR,131818.4,132336.95454946754,5812,M_5812_00021
TX_00000253,CARD_000599,607152******9599,IN_PROD_SALARIED_PRIME_REWARDS,C4_SUBURBAN_FAMILY,2024-01-07T15:14:07.966246+00:00,1704640447.97,0100,000254,170464044754,A38399,00,00,051,00,,Y,27,3528.61,352861,INR,271860.65,271860.6500650863,5812,M_5812_00112
TX_00000254,CARD_000599,607152******9599,IN_PROD_SALARIED_PRIME_REWARDS,C4_SUBURBAN_FAMILY,2024-01-07T15:44:07.966246+00:00,1704642247.97,0100,000255,170464224755,A64895,00,00,012,59,05,Y,12,971.57,97157,INR,268332.04,271860.6500650863,5411,M_5411_00025
TX_00000255,CARD_000599,607152******9599,IN_PROD_SALARIED_PRIME_REWARDS,C4_SUBURBAN_FAMILY,2024-01-07T16:03:30.181470+00:00,1704643410.18,0100,000256,170464341056,A80715,00,00,012,59,05,Y,35,1683.26,168326,INR,267360.47,271860.6500650863,5814,M_5814_00066
TX_00000256,CARD_000326,607152******4308,IN_PROD_SALARIED_PRIME_REWARDS,C3_YOUNG_ADULT_STUDENT,2024-01-07T16:10:04.579738+00:00,1704643804.58,0100,000257,170464380457,A91562,00,00,102,59,05,Y,34,709.46,70946,INR,188072.41,207284.46196915768,5812,M_5812_00102
TX_00000257,CARD_000416,607152******3761,IN_PROD_ENTRY_FD_BACKED,C1_HOURLY_GIG_WORKER,2024-01-07T17:03:54.798723+00:00,1704647034.8,0100,000258,170464703458,A39485,00,00,051,00,,Y,46,1026.92,102692,INR,27190.95,32378.10562882674,5732,M_5732_00045
TX_00000258,CARD_000416,607152******3761,IN_PROD_ENTRY_FD_BACKED,C1_HOURLY_GIG_WORKER,2024-01-07T17:13:01.793522+00:00,1704647581.79,0100,000259,170464758159,A93200,00,00,012,59,05,Y,29,448.49,44849,INR,26164.04,32378.10562882674,5814,M_5814_00140
TX_00000259,CARD_000416,607152******3761,IN_PROD_ENTRY_FD_BACKED,C1_HOURLY_GIG_WORKER,2024-01-07T17:14:36.150452+00:00,1704647676.15,0100,000260,170464767660,A86859,00,00,051,00,,Y,5,409.75,40975,INR,25715.55,32378.10562882674,5732,M_5732_00045
TX_00000260,CARD_000416,607152******3761,IN_PROD_ENTRY_FD_BACKED,C1_HOURLY_GIG_WORKER,2024-01-07T17:22:14.470611+00:00,1704648134.47,0100,000261,170464813461,A12101,00,00,051,00,,Y,12,384.24,38424,INR,25305.8,32378.10562882674,5732,M_5732_00045
TX_00000261,CARD_000416,607152******3761,IN_PROD_ENTRY_FD_BACKED,C1_HOURLY_GIG_WORKER,2024-01-07T17:38:10.187662+00:00,1704649090.19,0100,000262,170464909062,,63,63,012,59,07,N,16,481.48,48148,INR,24921.56,32378.10562882674,5814,M_5814_00069
TX_00000262,CARD_000246,607152******6390,IN_PROD_ENTRY_FD_BACKED,C2_FIXED_INCOME_SENIOR,2024-01-07T19:26:20.240889+00:00,1704655580.24,0100,000263,170465558063,A69265,00,00,051,00,,Y,42,528.99,52899,INR,21228.13,21870.37163691457,5812,M_5812_00021
TX_00000263,CARD_000246,607152******6390,IN_PROD_ENTRY_FD_BACKED,C2_FIXED_INCOME_SENIOR,2024-01-07T19:31:57.602592+00:00,1704655917.6,0100,000264,170465591764,A55764,00,00,051,00,,Y,15,693.48,69348,INR,20699.14,21870.37163691457,5812,M_5812_00021
TX_00000264,CARD_000590,607152******2646,IN_PROD_SALARIED_PRIME_REWARDS,C4_SUBURBAN_FAMILY,2024-01-07T19:53:58.018595+00:00,1704657238.02,0100,000265,170465723865,A48922,00,00,071,00,,Y,26,2215.42,221542,INR,117853.38,117853.38332564718,5814,M_5814_00066
TX_00000265,CARD_000590,607152******2646,IN_PROD_SALARIED_PRIME_REWARDS,C4_SUBURBAN_FAMILY,2024-01-07T20:04:59.401936+00:00,1704657899.4,0100,000266,170465789966,A73151,00,00,051,00,,Y,22,31106.08,3110608,INR,115637.96,117853.38332564718,5814,M_5814_00066
TX_00000266,CARD_000590,607152******2646,IN_PROD_SALARIED_PRIME_REWARDS,C4_SUBURBAN_FAMILY,2024-01-07T20:17:51.006697+00:00,1704658671.01,0100,000267,170465867167,,57,57,012,59,07,N,3,3214.92,321492,INR,84531.88,117853.38332564718,5732,M_5732_00045
TX_00000267,CARD_000687,607152******3358,IN_PROD_PMJDY_RUPAY_DEBIT,C1_HOURLY_GIG_WORKER,2024-01-08T00:14:05.220616+00:00,1704672845.22,0100,000268,170467284568,A37121,00,00,071,00,,Y,28,1741.69,174169,INR,2294.72,3483.3759335932955,5541,M_5541_00019
TX_00000268,CARD_000687,607152******3358,IN_PROD_PMJDY_RUPAY_DEBIT,C1_HOURLY_GIG_WORKER,2024-01-08T00:34:55.442305+00:00,1704674095.44,0100,000269,170467409569,A82352,00,00,012,59,05,Y,22,319.69,31969,INR,553.03,3483.3759335932955,5732,M_5732_00013
TX_00000269,CARD_000687,607152******3358,IN_PROD_PMJDY_RUPAY_DEBIT,C1_HOURLY_GIG_WORKER,2024-01-08T00:41:04.764899+00:00,1704674464.76,0100,000270,170467446470,A74334,00,00,071,00,,Y,26,210.28,21028,INR,233.34,3483.3759335932955,5812,M_5812_00081
TX_00000270,CARD_000592,607152******7967,IN_PROD_SALARIED_PRIME_REWARDS,C4_SUBURBAN_FAMILY,2024-01-08T08:25:44.843419+00:00,1704702344.84,0100,000271,170470234471,A48797,00,00,071,00,,Y,4,2724.56,272456,INR,114233.02,151036.80930947931,5541,M_5541_00113
TX_00000271,CARD_000592,607152******7967,IN_PROD_SALARIED_PRIME_REWARDS,C4_SUBURBAN_FAMILY,2024-01-08T08:31:32.036177+00:00,1704702692.04,0100,000272,170470269272,A60506,00,00,051,00,,Y,15,24645.75,2464575,INR,111508.46,151036.80930947931,5541,M_5541_00113
TX_00000272,CARD_000592,607152******7967,IN_PROD_SALARIED_PRIME_REWARDS,C4_SUBURBAN_FAMILY,2024-01-08T08:33:45.361787+00:00,1704702825.36,0100,000273,170470282573,A14249,00,00,071,00,,Y,5,3239.96,323996,INR,86862.71,151036.80930947931,5541,M_5541_00113
TX_00000273,CARD_000146,607152******8564,IN_PROD_SALARIED_PRIME_REWARDS,C4_SUBURBAN_FAMILY,2024-01-08T08:48:30.843483+00:00,1704703710.84,0100,000274,170470371074,,57,57,012,59,07,N,6,7201.87,720187,INR,258462.64,258462.63869627507,5411,M_5411_00058
TX_00000274,CARD_000592,607152******7967,IN_PROD_SALARIED_PRIME_REWARDS,C4_SUBURBAN_FAMILY,2024-01-08T08:57:03.127974+00:00,1704704223.13,0100,000275,170470422375,A24129,00,00,012,59,05,Y,21,1848.08,184808,INR,83622.75,151036.80930947931,5912,M_5912_00003
TX_00000275,CARD_000592,607152******7967,IN_PROD_SALARIED_PRIME_REWARDS,C4_SUBURBAN_FAMILY,2024-01-08T09:20:07.121277+00:00,1704705607.12,0100,000276,170470560776,A24325,00,00,051,00,,Y,10,2841.03,284103,INR,81774.67,151036.80930947931,5541,M_5541_00113
TX_00000276,CARD_000599,607152******9599,IN_PROD_SALARIED_PRIME_REWARDS,C4_SUBURBAN_FAMILY,2024-01-08T09:20:36.759611+00:00,1704705636.76,0100,000277,170470563677,A94384,00,00,012,59,05,Y,31,15103.34,1510334,INR,265677.21,271860.6500650863,5812,M_5812_00021
TX_00000277,CARD_000931,607152******9707,IN_PROD_SALARIED_PRIME_REWARDS,C4_SUBURBAN_FAMILY,2024-01-08T10:33:30.632965+00:00,1704710010.63,0100,000278,170471001078,A83179,00,00,012,59,05,Y,43,1489.45,148945,INR,464379.09,464379.09495776484,4816,M_4816_00109
TX_00000278,CARD_000931,607152******9707,IN_PROD_SALARIED_PRIME_REWARDS,C4_SUBURBAN_FAMILY,2024-01-08T10:34:07.923048+00:00,1704710047.92,0100,000279,170471004779,A51239,00,00,102,59,05,Y,2,3809.37,380937,INR,462889.65,464379.09495776484,5541,M_5541_00129
TX_00000279,CARD_000931,607152******9707,IN_PROD_SALARIED_PRIME_REWARDS,C4_SUBURBAN_FAMILY,2024-01-08T10:37:32.889189+00:00,1704710252.89,0100,000280,170471025280,A95167,00,00,071,00,,Y,35,1233.46,123346,INR,459080.28,464379.09495776484,5812,M_5812_00021
TX_00000280,CARD_000931,607152******9707,IN_PROD_SALARIED_PRIME_REWARDS,C4_SUBURBAN_FAMILY,2024-01-08T10:52:42.242607+00:00,1704711162.24,0100,000281,170471116281,A72642,00,00,071,00,,Y,20,3291.05,329105,INR,457846.81,464379.09495776484,5812,M_5812_00021
TX_00000281,CARD_000820,607152******6289,IN_PROD_SALARIED_PRIME_REWARDS,C2_FIXED_INCOME_SENIOR,2024-01-08T10:55:44.437310+00:00,1704711344.44,0100,000282,170471134482,A77380,00,00,012,59,05,Y,33,1143.32,114332,INR,142871.17,169552.32815769297,5812,M_5812_00021
TX_00000282,CARD_000198,607152******9090,IN_PROD_SALARIED_PRIME_REWARDS,C4_SUBURBAN_FAMILY,2024-01-08T10:57:32.254822+00:00,1704711452.25,0100,000283,170471145283,A23872,00,00,051,00,,Y,26,5675.66,567566,INR,72162.79,80193.44632198472,5812,M_5812_00021
TX_00000283,CARD_000198,607152******9090,IN_PROD_SALARIED_PRIME_REWARDS,C4_SUBURBAN_FAMILY,2024-01-08T10:59:33.736157+00:00,1704711573.74,0100,000284,170471157384,A19226,00,00,071,00,,Y,3,1747.91,174791,INR,66487.13,80193.44632198472,5812,M_5812_00021
TX_00000284,CARD_000931,607152******9707,IN_PROD_SALARIED_PRIME_REWARDS,C4_SUBURBAN_FAMILY,2024-01-08T11:07:20.012072+00:00,1704712040.01,0100,000285,170471204085,A72654,00,00,051,00,,Y,27,3864.63,386463,INR,454555.76,464379.09495776484,5812,M_5812_00021
TX_00000285,CARD_000931,607152******9707,IN_PROD_SALARIED_PRIME_REWARDS,C4_SUBURBAN_FAMILY,2024-01-08T11:16:36.691119+00:00,1704712596.69,0100,000286,170471259686,A14722,00,00,012,59,05,Y,5,3343.98,334398,INR,450691.14,464379.09495776484,5411,M_5411_00015
TX_00000286,CARD_000198,607152******9090,IN_PROD_SALARIED_PRIME_REWARDS,C4_SUBURBAN_FAMILY,2024-01-08T11:22:28.688844+00:00,1704712948.69,0100,000287,170471294887,,57,57,012,59,07,N,27,2425.78,242578,INR,64739.23,80193.44632198472,5812,M_5812_00021
TX_00000287,CARD_000198,607152******9090,IN_PROD_SALARIED_PRIME_REWARDS,C4_SUBURBAN_FAMILY,2024-01-08T11:32:04.052980+00:00,1704713524.05,0100,000288,170471352488,,57,57,102,59,07,N,3,1010.67,101067,INR,64739.23,80193.44632198472,5812,M_5812_00096
TX_00000288,CARD_000198,607152******9090,IN_PROD_SALARIED_PRIME_REWARDS,C4_SUBURBAN_FAMILY,2024-01-08T11:39:26.534703+00:00,1704713966.53,0100,000289,170471396689,,57,57,012,59,07,N,22,757.88,75788,INR,64739.23,80193.44632198472,5999,M_5999_00142
TX_00000289,CARD_000931,607152******9707,IN_PROD_SALARIED_PRIME_REWARDS,C4_SUBURBAN_FAMILY,2024-01-08T11:39:52.392000+00:00,1704713992.39,0100,000290,170471399290,A25232,00,00,051,00,,Y,32,5748.3,574830,INR,447347.16,464379.09495776484,5411,M_5411_00015
TX_00000290,CARD_000198,607152******9090,IN_PROD_SALARIED_PRIME_REWARDS,C4_SUBURBAN_FAMILY,2024-01-08T11:51:45.921561+00:00,1704714705.92,0100,000291,170471470591,,57,57,012,59,07,N,34,1103.06,110306,INR,64739.23,80193.44632198472,5732,M_5732_00045
TX_00000291,CARD_000931,607152******9707,IN_PROD_SALARIED_PRIME_REWARDS,C4_SUBURBAN_FAMILY,2024-01-08T11:53:11.819384+00:00,1704714791.82,0100,000292,170471479192,A62008,00,00,071,00,,Y,23,3126.47,312647,INR,441598.86,464379.09495776484,5411,M_5411_00015
TX_00000292,CARD_000931,607152******9707,IN_PROD_SALARIED_PRIME_REWARDS,C4_SUBURBAN_FAMILY,2024-01-08T12:07:53.401686+00:00,1704715673.4,0100,000293,170471567393,A48076,00,00,071,00,,Y,53,3844.95,384495,INR,438472.4,464379.09495776484,5411,M_5411_00015
TX_00000293,CARD_000931,607152******9707,IN_PROD_SALARIED_PRIME_REWARDS,C4_SUBURBAN_FAMILY,2024-01-08T12:12:42.255565+00:00,1704715962.26,0100,000294,170471596294,,65,65,071,00,,Y,38,5312.2,531220,INR,434627.44,464379.09495776484,5411,M_5411_00015
TX_00000294,CARD_000024,607152******8850,IN_PROD_ENTRY_FD_BACKED,C1_HOURLY_GIG_WORKER,2024-01-08T12:57:30.602360+00:00,1704718650.6,0100,000295,170471865095,A38795,00,00,071,00,,Y,3,2046.23,204623,INR,39098.53,42416.002161970646,5912,M_5912_00101
TX_00000295,CARD_000662,607152******9686,IN_PROD_SUPER_PREMIUM_HNI,C6_SMALL_BUSINESS_OWNER,2024-01-08T18:00:45.446211+00:00,1704736845.45,0100,000296,170473684596,A88773,00,00,051,00,,Y,43,1904.2,190420,INR,1938150.96,1938150.9585823151,5812,M_5812_00021
TX_00000296,CARD_000662,607152******9686,IN_PROD_SUPER_PREMIUM_HNI,C6_SMALL_BUSINESS_OWNER,2024-01-08T18:07:51.270501+00:00,1704737271.27,0100,000297,170473727197,A59174,00,00,012,59,05,Y,24,4077.56,407756,INR,1936246.75,1938150.9585823151,5411,M_5411_00068
TX_00000297,CARD_000662,607152******9686,IN_PROD_SUPER_PREMIUM_HNI,C6_SMALL_BUSINESS_OWNER,2024-01-08T18:10:32.097870+00:00,1704737432.1,0100,000298,170473743298,A62813,00,00,051,00,,Y,5,635.97,63597,INR,1932169.2,1938150.9585823151,5812,M_5812_00021
TX_00000298,CARD_000662,607152******9686,IN_PROD_SUPER_PREMIUM_HNI,C6_SMALL_BUSINESS_OWNER,2024-01-08T18:13:12.161593+00:00,1704737592.16,0100,000299,170473759299,A65797,00,00,012,59,05,Y,32,8315.6,831560,INR,1931533.23,1938150.9585823151,5812,M_5812_00021
TX_00000299,CARD_000414,607152******2958,IN_PROD_SALARIED_PRIME_REWARDS,C2_FIXED_INCOME_SENIOR,2024-01-08T19:18:46.491345+00:00,1704741526.49,0100,000300,170474152600,A85303,00,00,071,00,,Y,1,125.29,12529,INR,172855.36,192375.2476170148,5411,M_5411_00098
TX_00000300,CARD_000414,607152******2958,IN_PROD_SALARIED_PRIME_REWARDS,C2_FIXED_INCOME_SENIOR,2024-01-08T19:24:48.547207+00:00,1704741888.55,0100,000301,170474188801,A36540,00,00,051,00,,Y,19,644.66,64466,INR,172730.07,192375.2476170148,5411,M_5411_00098
TX_00000301,CARD_000185,607152******7859,IN_PROD_SUPER_PREMIUM_HNI,C7_LUXURY_AFFLUENT,2024-01-08T19:27:57.763943+00:00,1704742077.76,0100,000302,170474207702,A43906,00,00,071,00,,Y,4,1388.99,138899,INR,2747751.56,3011907.2287631817,5541,M_5541_00057
TX_00000302,CARD_000185,607152******7859,IN_PROD_SUPER_PREMIUM_HNI,C7_LUXURY_AFFLUENT,2024-01-08T19:31:23.546900+00:00,1704742283.55,0100,000303,170474228303,,82,82,012,59,05,Y,22,1793.38,179338,INR,2746362.57,3011907.2287631817,5944,M_5944_00115
TX_00000303,CARD_000886,607152******1536,IN_PROD_ENTRY_FD_BACKED,C2_FIXED_INCOME_SENIOR,2024-01-08T23:13:15.742734+00:00,1704755595.74,0100,000304,170475559504,A52916,00,00,051,00,,Y,41,1522.8,152280,INR,18524.36,22051.23421072191,5542,M_5542_00053
TX_00000304,CARD_000140,607152******2980,IN_PROD_SUPER_PREMIUM_HNI,C6_SMALL_BUSINESS_OWNER,2024-01-08T23:42:14.343711+00:00,1704757334.34,0100,000305,170475733405,A45825,00,00,051,00,,Y,31,2638.81,263881,INR,2428813.23,2934874.9716020785,5812,M_5812_00102
TX_00000305,CARD_000116,607152******3839,IN_PROD_PMJDY_RUPAY_DEBIT,C1_HOURLY_GIG_WORKER,2024-01-09T07:55:28.599041+00:00,1704786928.6,0100,000306,170478692806,A25489,00,00,051,00,,Y,21,753.22,75322,INR,26268.44,2904.855169607723,5912,M_5912_00030
TX_00000306,CARD_000530,607152******4020,IN_PROD_SALARIED_PRIME_REWARDS,C4_SUBURBAN_FAMILY,2024-01-09T08:01:56.514218+00:00,1704787316.51,0100,000307,170478731607,A36102,00,00,071,00,,Y,21,2849.6,284960,INR,299962.22,299962.21848780813,5541,M_5541_00057
TX_00000307,CARD_000496,607152******3726,IN_PROD_SUPER_PREMIUM_HNI,C6_SMALL_BUSINESS_OWNER,2024-01-09T08:03:50.670826+00:00,1704787430.67,0100,000308,170478743008,,57,57,012,59,07,N,28,228.71,22871,INR,3586789.53,3586789.529636221,5999,M_5999_00142
TX_00000308,CARD_000530,607152******4020,IN_PROD_SALARIED_PRIME_REWARDS,C4_SUBURBAN_FAMILY,2024-01-09T08:06:55.196934+00:00,1704787615.2,0100,000309,170478761509,A21919,00,00,071,00,,Y,1,703.49,70349,INR,297112.62,299962.21848780813,5541,M_5541_00057
TX_00000309,CARD_000128,607152******2026,IN_PROD_SALARIED_PRIME_REWARDS,C3_YOUNG_ADULT_STUDENT,2024-01-09T08:07:37.096101+00:00,1704787657.1,0100,000310,170478765710,,57,57,102,59,07,N,45,584.18,58418,INR,263615.95,290931.24850632646,5311,M_5311_00079
TX_00000310,CARD_000530,607152******4020,IN_PROD_SALARIED_PRIME_REWARDS,C4_SUBURBAN_FAMILY,2024-01-09T08:09:33.821445+00:00,1704787773.82,0100,000311,170478777311,A29093,00,00,102,59,05,Y,48,15014.83,1501483,INR,296409.13,299962.21848780813,5411,M_5411_00049
TX_00000311,CARD_000530,607152******4020,IN_PROD_SALARIED_PRIME_REWARDS,C4_SUBURBAN_FAMILY,2024-01-09T08:10:39.286794+00:00,1704787839.29,0100,000312,170478783912,A97676,00,00,051,00,,Y,33,35663.39,3566339,INR,281394.3,299962.21848780813,5541,M_5541_00057
TX_00000312,CARD_000530,607152******4020,IN_PROD_SALARIED_PRIME_REWARDS,C4_SUBURBAN_FAMILY,2024-01-09T08:13:52.993322+00:00,1704788032.99,0100,000313,170478803213,A76383,00,00,071,00,,Y,25,3297.3,329730,INR,245730.9,299962.21848780813,5541,M_5541_00057
TX_00000313,CARD_000530,607152******4020,IN_PROD_SALARIED_PRIME_REWARDS,C4_SUBURBAN_FAMILY,2024-01-09T08:16:16.646479+00:00,1704788176.65,0100,000314,170478817614,A83110,00,00,051,00,,Y,30,1119.71,111971,INR,242433.61,299962.21848780813,5541,M_5541_00057
TX_00000314,CARD_000530,607152******4020,IN_PROD_SALARIED_PRIME_REWARDS,C4_SUBURBAN_FAMILY,2024-01-09T08:21:16.017448+00:00,1704788476.02,0100,000315,170478847615,A10359,00,00,051,00,,Y,12,2904.84,290484,INR,241313.9,299962.21848780813,5541,M_5541_00057
TX_00000315,CARD_000516,607152******6987,IN_PROD_SALARIED_PRIME_REWARDS,C4_SUBURBAN_FAMILY,2024-01-09T14:23:10.477044+00:00,1704810190.48,0100,000316,170481019016,A39620,00,00,051,00,,Y,2,3876.18,387618,INR,271897.81,291188.58643177326,5732,M_5732_00082
TX_00000316,CARD_000516,607152******6987,IN_PROD_SALARIED_PRIME_REWARDS,C4_SUBURBAN_FAMILY,2024-01-09T14:25:41.160592+00:00,1704810341.16,0100,000317,170481034117,A85259,00,00,071,00,,Y,39,1590.8,159080,INR,268021.63,291188.58643177326,5732,M_5732_00082
TX_00000317,CARD_000071,607152******3779,IN_PROD_SALARIED_PRIME_REWARDS,C4_SUBURBAN_FAMILY,2024-01-09T14:32:57.662338+00:00,1704810777.66,0100,000318,170481077718,A90893,00,00,012,59,05,Y,21,824.21,82421,INR,51955.07,56674.55816420642,5812,M_5812_00021
TX_00000318,CARD_000106,607152******8811,IN_PROD_SALARIED_PRIME_REWARDS,C4_SUBURBAN_FAMILY,2024-01-09T15:00:43.722633+00:00,1704812443.72,0100,000319,170481244319,A67924,00,00,102,59,05,Y,52,415.67,41567,INR,254277.86,254277.86362409726,5411,M_5411_00058
TX_00000319,CARD_000516,607152******6987,IN_PROD_SALARIED_PRIME_REWARDS,C4_SUBURBAN_FAMILY,2024-01-09T15:08:41.562456+00:00,1704812921.56,0100,000320,170481292120,,57,57,102,59,07,N,23,13125.49,1312549,INR,266430.83,291188.58643177326,5411,M_5411_00058
TX_00000320,CARD_000779,607152******5213,IN_PROD_PMJDY_RUPAY_DEBIT,C1_HOURLY_GIG_WORKER,2024-01-09T15:28:55.758228+00:00,1704814135.76,0100,000321,170481413521,A98096,00,00,051,00,,Y,12,224.99,22499,INR,26790.66,4017.121796985418,5812,M_5812_00081
TX_00000321,CARD_000779,607152******5213,IN_PROD_PMJDY_RUPAY_DEBIT,C1_HOURLY_GIG_WORKER,2024-01-09T15:34:22.143159+00:00,1704814462.14,0100,000322,170481446222,A53368,00,00,051,00,,Y,31,1029.73,102973,INR,26565.67,4017.121796985418,5812,M_5812_00081
TX_00000322,CARD_000779,607152******5213,IN_PROD_PMJDY_RUPAY_DEBIT,C1_HOURLY_GIG_WORKER,2024-01-09T15:38:45.565889+00:00,1704814725.57,0100,000323,170481472523,A33076,00,00,071,00,,Y,51,1445.0,144500,INR,25535.93,4017.121796985418,5812,M_5812_00081
TX_00000323,CARD_000779,607152******5213,IN_PROD_PMJDY_RUPAY_DEBIT,C1_HOURLY_GIG_WORKER,2024-01-09T15:56:56.968005+00:00,1704815816.97,0100,000324,170481581624,A24998,00,00,102,59,05,Y,2,487.97,48797,INR,24090.94,4017.121796985418,5541,M_5541_00113
TX_00000324,CARD_000779,607152******5213,IN_PROD_PMJDY_RUPAY_DEBIT,C1_HOURLY_GIG_WORKER,2024-01-09T16:24:50.565059+00:00,1704817490.57,0100,000325,170481749025,A78726,00,00,071,00,,Y,8,763.33,76333,INR,23602.96,4017.121796985418,5814,M_5814_00034
TX_00000325,CARD_000779,607152******5213,IN_PROD_PMJDY_RUPAY_DEBIT,C1_HOURLY_GIG_WORKER,2024-01-09T16:28:59.544353+00:00,1704817739.54,0100,000326,170481773926,A40738,00,00,071,00,,Y,7,396.15,39615,INR,22839.63,4017.121796985418,5814,M_5814_00034
TX_00000326,CARD_000779,607152******5213,IN_PROD_PMJDY_RUPAY_DEBIT,C1_HOURLY_GIG_WORKER,2024-01-09T16:43:01.592523+00:00,1704818581.59,0100,000327,170481858127,A16189,00,00,071,00,,Y,39,898.65,89865,INR,22443.48,4017.121796985418,5814,M_5814_00034
TX_00000327,CARD_000651,607152******9660,IN_PROD_SUPER_PREMIUM_HNI,C6_SMALL_BUSINESS_OWNER,2024-01-09T17:02:58.997950+00:00,1704819779.0,0100,000328,170481977828,A75498,00,00,012,59,05,Y,3,5210.67,521067,INR,3983102.58,3983102.57578218,5999,M_5999_00142
TX_00000328,CARD_000779,607152******5213,IN_PROD_PMJDY_RUPAY_DEBIT,C1_HOURLY_GIG_WORKER,2024-01-09T17:10:34.013897+00:00,1704820234.01,0100,000329,170482023429,A80127,00,00,012,59,05,Y,35,1374.15,137415,INR,21544.83,4017.121796985418,5999,M_5999_00142
TX_00000329,CARD_000151,607152******8585,IN_PROD_SALARIED_PRIME_REWARDS,C4_SUBURBAN_FAMILY,2024-01-09T17:29:58.292766+00:00,1704821398.29,0100,000330,170482139830,,65,65,071,00,,Y,23,17913.07,1791307,INR,158003.72,158003.71810778673,5999,M_5999_00142
TX_00000330,CARD_000151,607152******8585,IN_PROD_SALARIED_PRIME_REWARDS,C4_SUBURBAN_FAMILY,2024-01-09T17:52:00.439752+00:00,1704822720.44,0100,000331,170482272031,A35703,00,00,012,59,05,Y,5,6558.57,655857,INR,158003.72,158003.71810778673,5411,M_5411_00149
TX_00000331,CARD_000151,607152******8585,IN_PROD_SALARIED_PRIME_REWARDS,C4_SUBURBAN_FAMILY,2024-01-09T18:13:58.346090+00:00,1704824038.35,0100,000332,170482403832,A28174,00,00,012,59,05,Y,20,1871.54,187154,INR,151445.14,158003.71810778673,5812,M_5812_00102
TX_00000332,CARD_000151,607152******8585,IN_PROD_SALARIED_PRIME_REWARDS,C4_SUBURBAN_FAMILY,2024-01-09T18:25:01.357230+00:00,1704824701.36,0100,000333,170482470133,A73850,00,00,012,59,05,Y,9,3061.17,306117,INR,149573.61,158003.71810778673,5311,M_5311_00104
TX_00000333,CARD_000120,607152******8118,IN_PROD_SALARIED_PRIME_REWARDS,C4_SUBURBAN_FAMILY,2024-01-09T19:06:16.556462+00:00,1704827176.56,0100,000334,170482717634,,63,63,012,59,07,N,15,7545.01,754501,INR,282622.47,282622.47341780283,5411,M_5411_00073
TX_00000334,CARD_000842,607152******2666,IN_PROD_SALARIED_PRIME_REWARDS,C4_SUBURBAN_FAMILY,2024-01-09T20:07:02.563268+00:00,1704830822.56,0100,000335,170483082235,,65,65,071,00,,Y,14,7714.58,771458,INR,302805.61,302805.608912369,5812,M_5812_00067
TX_00000335,CARD_000244,607152******4350,IN_PROD_SALARIED_PRIME_REWARDS,C4_SUBURBAN_FAMILY,2024-01-09T21:19:27.791392+00:00,1704835167.79,0100,000336,170483516736,A66591,00,00,071,00,,Y,2,2760.55,276055,INR,187334.86,215670.63927128533,5411,M_5411_00058
TX_00000336,CARD_000161,607152******2187,IN_PROD_ENTRY_FD_BACKED,C2_FIXED_INCOME_SENIOR,2024-01-09T21:37:47.526458+00:00,1704836267.53,0100,000337,170483626737,,63,63,012,59,07,N,54,726.18,72618,INR,7662.51,8565.658062527746,5812,M_5812_00021
TX_00000337,CARD_000692,607152******8323,IN_PROD_SALARIED_PRIME_REWARDS,C5_URBAN_TECH_PROFESSIONAL,2024-01-09T22:24:59.883340+00:00,1704839099.88,0100,000338,170483909938,A51397,00,00,071,00,,Y,4,2214.52,221452,INR,224619.55,224619.54958186252,5812,M_5812_00021
TX_00000338,CARD_000456,607152******6473,IN_PROD_SALARIED_PRIME_REWARDS,C4_SUBURBAN_FAMILY,2024-01-09T23:01:33.789334+00:00,1704841293.79,0100,000339,170484129339,A60922,00,00,051,00,,Y,35,3545.25,354525,INR,169375.59,185735.64352427126,5411,M_5411_00051
TX_00000339,CARD_000344,607152******7420,IN_PROD_SUPER_PREMIUM_HNI,C6_SMALL_BUSINESS_OWNER,2024-01-10T09:07:17.265654+00:00,1704877637.27,0100,000340,170487763740,A27348,00,00,012,59,05,Y,10,4638.09,463809,INR,3896904.45,4104329.387343057,6513,M_6513_00022
TX_00000340,CARD_000344,607152******7420,IN_PROD_SUPER_PREMIUM_HNI,C6_SMALL_BUSINESS_OWNER,2024-01-10T09:12:49.429285+00:00,1704877969.43,0100,000341,170487796941,A33491,00,00,012,59,05,Y,6,7929.8,792980,INR,3892266.35,4104329.387343057,5814,M_5814_00066
TX_00000341,CARD_000344,607152******7420,IN_PROD_SUPER_PREMIUM_HNI,C6_SMALL_BUSINESS_OWNER,2024-01-10T09:14:55.907027+00:00,1704878095.91,0100,000342,170487809542,A43402,00,00,051,00,,Y,9,2304.34,230434,INR,3884336.55,4104329.387343057,5814,M_5814_00066
TX_00000342,CARD_000344,607152******7420,IN_PROD_SUPER_PREMIUM_HNI,C6_SMALL_BUSINESS_OWNER,2024-01-10T09:23:12.752770+00:00,1704878592.75,0100,000343,170487859243,A57568,00,00,012,59,05,Y,2,1581.51,158151,INR,3882032.21,4104329.387343057,5812,M_5812_00021
TX_00000343,CARD_000344,607152******7420,IN_PROD_SUPER_PREMIUM_HNI,C6_SMALL_BUSINESS_OWNER,2024-01-10T09:27:42.851624+00:00,1704878862.85,0100,000344,170487886244,A12439,00,00,012,59,05,Y,4,459.07,45907,INR,3880450.69,4104329.387343057,5814,M_5814_00118
TX_00000344,CARD_000125,607152******5135,IN_PROD_ENTRY_FD_BACKED,C2_FIXED_INCOME_SENIOR,2024-01-10T11:14:39.681107+00:00,1704885279.68,0100,000345,170488527945,A81056,00,00,051,00,,Y,13,558.91,55891,INR,23418.29,25815.089096584637,5311,M_5311_00138
TX_00000345,CARD_000790,607152******7523,IN_PROD_ENTRY_FD_BACKED,C2_FIXED_INCOME_SENIOR,2024-01-10T12:06:19.775376+00:00,1704888379.78,0100,000346,170488837946,A54791,00,00,051,00,,Y,6,1445.14,144514,INR,19362.15,21703.286344385542,5999,M_5999_00142
TX_00000346,CARD_000034,607152******3358,IN_PROD_ENTRY_FD_BACKED,C1_HOURLY_GIG_WORKER,2024-01-10T12:17:00.315063+00:00,1704889020.32,0100,000347,170488902047,A50632,00,00,102,59,05,Y,0,1809.36,180936,INR,27316.92,32433.372323147865,5999,M_5999_00099
TX_00000347,CARD_000018,607152******2048,IN_PROD_SALARIED_PRIME_REWARDS,C2_FIXED_INCOME_SENIOR,2024-01-10T12:43:17.002487+00:00,1704890597.0,0100,000348,170489059748,A38975,00,00,051,00,,Y,17,2043.11,204311,INR,133769.74,157065.5268293065,5814,M_5814_00066
TX_00000348,CARD_000018,607152******2048,IN_PROD_SALARIED_PRIME_REWARDS,C2_FIXED_INCOME_SENIOR,2024-01-10T12:55:29.517197+00:00,1704891329.52,0100,000349,170489132949,A78196,00,00,071,00,,Y,5,2567.33,256733,INR,131726.63,157065.5268293065,5814,M_5814_00066
TX_00000349,CARD_000018,607152******2048,IN_PROD_SALARIED_PRIME_REWARDS,C2_FIXED_INCOME_SENIOR,2024-01-10T13:11:11.282002+00:00,1704892271.28,0100,000350,170489227150,A31845,00,00,051,00,,Y,43,728.59,72859,INR,129159.3,157065.5268293065,5814,M_5814_00066
TX_00000350,CARD_000018,607152******2048,IN_PROD_SALARIED_PRIME_REWARDS,C2_FIXED_INCOME_SENIOR,2024-01-10T13:28:04.031621+00:00,1704893284.03,0100,000351,170489328451,A95535,00,00,012,59,05,Y,25,890.18,89018,INR,128430.71,157065.5268293065,5912,M_5912_00117
TX_00000351,CARD_000392,607152******3967,IN_PROD_SUPER_PREMIUM_HNI,C7_LUXURY_AFFLUENT,2024-01-10T13:40:25.332313+00:00,1704894025.33,0100,000352,170489402552,A87613,00,00,051,00,,Y,5,952.46,95246,INR,4790179.28,4790179.284736931,5944,M_5944_00002
TX_00000352,CARD_000392,607152******3967,IN_PROD_SUPER_PREMIUM_HNI,C7_LUXURY_AFFLUENT,2024-01-10T13:44:36.479843+00:00,1704894276.48,0100,000353,170489427653,A62660,00,00,051,00,,Y,12,4678.31,467831,INR,4789226.83,4790179.284736931,5944,M_5944_00002
TX_00000353,CARD_000392,607152******3967,IN_PROD_SUPER_PREMIUM_HNI,C7_LUXURY_AFFLUENT,2024-01-10T13:47:18.248649+00:00,1704894438.25,0100,000354,170489443854,A68445,00,00,051,00,,Y,2,1523.17,152317,INR,4784548.51,4790179.284736931,5944,M_5944_00002
TX_00000354,CARD_000392,607152******3967,IN_PROD_SUPER_PREMIUM_HNI,C7_LUXURY_AFFLUENT,2024-01-10T13:58:22.359751+00:00,1704895102.36,0100,000355,170489510255,A64825,00,00,102,59,05,Y,15,12120.88,1212088,INR,4783025.34,4790179.284736931,5541,M_5541_00113
TX_00000355,CARD_000540,607152******1339,IN_PROD_SALARIED_PRIME_REWARDS,C3_YOUNG_ADULT_STUDENT,2024-01-10T13:59:38.743816+00:00,1704895178.74,0100,000356,170489517856,A59758,00,00,071,00,,Y,26,1008.61,100861,INR,257065.17,278613.95777707215,5814,M_5814_00037
TX_00000356,CARD_000540,607152******1339,IN_PROD_SALARIED_PRIME_REWARDS,C3_YOUNG_ADULT_STUDENT,2024-01-10T14:02:26.761502+00:00,1704895346.76,0100,000357,170489534657,A63926,00,00,071,00,,Y,54,327.84,32784,INR,256056.57,278613.95777707215,5814,M_5814_00037
TX_00000357,CARD_000540,607152******1339,IN_PROD_SALARIED_PRIME_REWARDS,C3_YOUNG_ADULT_STUDENT,2024-01-10T14:13:56.821004+00:00,1704896036.82,0100,000358,170489603658,A45289,00,00,071,00,,Y,30,628.6,62860,INR,255728.72,278613.95777707215,5814,M_5814_00037
TX_00000358,CARD_000392,607152******3967,IN_PROD_SUPER_PREMIUM_HNI,C7_LUXURY_AFFLUENT,2024-01-10T14:23:37.233325+00:00,1704896617.23,0100,000359,170489661759,,63,63,012,59,07,N,4,72900.13,7290013,INR,4770904.46,4790179.284736931,5812,M_5812_00021
TX_00000359,CARD_000392,607152******3967,IN_PROD_SUPER_PREMIUM_HNI,C7_LUXURY_AFFLUENT,2024-01-10T14:36:53.816523+00:00,1704897413.82,0100,000360,170489741360,A53633,00,00,012,59,05,Y,11,1758.06,175806,INR,4770904.46,4790179.284736931,5812,M_5812_00146
TX_00000360,CARD_000540,607152******1339,IN_PROD_SALARIED_PRIME_REWARDS,C3_YOUNG_ADULT_STUDENT,2024-01-10T14:43:56.821004+00:00,1704897836.82,0100,000361,170489783661,A17187,00,00,051,00,,Y,4,1625.87,162587,INR,255100.12,278613.95777707215,5814,M_5814_00037
TX_00000361,CARD_000540,607152******1339,IN_PROD_SALARIED_PRIME_REWARDS,C3_YOUNG_ADULT_STUDENT,2024-01-10T15:02:48.853187+00:00,1704898968.85,0100,000362,170489896862,A59640,00,00,012,59,05,Y,15,668.0,66800,INR,253474.25,278613.95777707215,5812,M_5812_00021
TX_00000362,CARD_000540,607152******1339,IN_PROD_SALARIED_PRIME_REWARDS,C3_YOUNG_ADULT_STUDENT,2024-01-10T15:18:06.177674+00:00,1704899886.18,0100,000363,170489988663,,63,63,102,59,07,N,24,1075.04,107504,INR,252806.24,278613.95777707215,5732,M_5732_00045
TX_00000363,CARD_000332,607152******6548,IN_PROD_SUPER_PREMIUM_HNI,C7_LUXURY_AFFLUENT,2024-01-10T19:35:48.024342+00:00,1704915348.02,0100,000364,170491534864,A93511,00,00,071,00,,Y,21,822.16,82216,INR,4550265.35,4550265.349897761,5912,M_5912_00101
TX_00000364,CARD_000324,607152******9734,IN_PROD_SALARIED_PRIME_REWARDS,C4_SUBURBAN_FAMILY,2024-01-10T20:01:40.817470+00:00,1704916900.82,0100,000365,170491690065,,57,57,012,59,07,N,71,3197.62,319762,INR,298290.28,348435.4947852463,5999,M_5999_00142
TX_00000365,CARD_000332,607152******6548,IN_PROD_SUPER_PREMIUM_HNI,C7_LUXURY_AFFLUENT,2024-01-10T20:03:38.744820+00:00,1704917018.74,0100,000366,170491701866,A92244,00,00,012,59,05,Y,9,1516.6,151660,INR,4549443.19,4550265.349897761,5812,M_5812_00145
TX_00000366,CARD_000689,607152******5642,IN_PROD_SALARIED_PRIME_REWARDS,C3_YOUNG_ADULT_STUDENT,2024-01-10T20:10:53.500765+00:00,1704917453.5,0100,000367,170491745367,A66699,00,00,071,00,,Y,5,547.39,54739,INR,94977.49,98483.42430579726,5814,M_5814_00037
TX_00000367,CARD_000332,607152******6548,IN_PROD_SUPER_PREMIUM_HNI,C7_LUXURY_AFFLUENT,2024-01-10T20:16:04.593405+00:00,1704917764.59,0100,000368,170491776468,,65,65,071,00,,Y,16,32000.0,3200000,INR,4547926.6,4550265.349897761,5912,M_5912_00101
TX_00000368,CARD_000306,607152******7826,IN_PROD_SALARIED_PRIME_REWARDS,C4_SUBURBAN_FAMILY,2024-01-10T20:23:47.739980+00:00,1704918227.74,0100,000369,170491822769,A57703,00,00,051,00,,Y,16,498.41,49841,INR,336782.3,362079.9958241612,5814,M_5814_00118
TX_00000369,CARD_000332,607152******6548,IN_PROD_SUPER_PREMIUM_HNI,C7_LUXURY_AFFLUENT,2024-01-10T20:37:11.851898+00:00,1704919031.85,0100,000370,170491903170,A95231,00,00,071,00,,Y,18,1618.59,161859,INR,4547926.6,4550265.349897761,5912,M_5912_00101
TX_00000370,CARD_000306,607152******7826,IN_PROD_SALARIED_PRIME_REWARDS,C4_SUBURBAN_FAMILY,2024-01-10T21:03:35.032708+00:00,1704920615.03,0100,000371,170492061571,A86169,00,00,071,00,,Y,2,512.72,51272,INR,336283.88,362079.9958241612,5411,M_5411_00015
TX_00000371,CARD_000029,607152******8446,IN_PROD_SALARIED_PRIME_REWARDS,C3_YOUNG_ADULT_STUDENT,2024-01-11T07:16:53.476819+00:00,1704957413.48,0100,000372,170495741372,A51697,00,00,012,59,05,Y,5,406.36,40636,INR,319247.69,366200.65310118743,5999,M_5999_00142
TX_00000372,CARD_000029,607152******8446,IN_PROD_SALARIED_PRIME_REWARDS,C3_YOUNG_ADULT_STUDENT,2024-01-11T07:17:25.627304+00:00,1704957445.63,0100,000373,170495744573,A29745,00,00,071,00,,Y,18,324.25,32425,INR,318841.34,366200.65310118743,5311,M_5311_00104
TX_00000373,CARD_000029,607152******8446,IN_PROD_SALARIED_PRIME_REWARDS,C3_YOUNG_ADULT_STUDENT,2024-01-11T07:21:35.337656+00:00,1704957695.34,0100,000374,170495769574,A16140,00,00,102,59,05,Y,16,470.62,47062,INR,318517.09,366200.65310118743,5411,M_5411_00015
TX_00000374,CARD_000029,607152******8446,IN_PROD_SALARIED_PRIME_REWARDS,C3_YOUNG_ADULT_STUDENT,2024-01-11T07:28:30.315054+00:00,1704958110.32,0100,000375,170495811075,A60392,00,00,071,00,,Y,14,1115.16,111516,INR,318046.47,366200.65310118743,5311,M_5311_00104
TX_00000375,CARD_000029,607152******8446,IN_PROD_SALARIED_PRIME_REWARDS,C3_YOUNG_ADULT_STUDENT,2024-01-11T07:33:24.980900+00:00,1704958404.98,0100,000376,170495840476,A33127,00,00,102,59,05,Y,19,526.31,52631,INR,316931.31,366200.65310118743,5541,M_5541_00129
TX_00000376,CARD_000029,607152******8446,IN_PROD_SALARIED_PRIME_REWARDS,C3_YOUNG_ADULT_STUDENT,2024-01-11T07:37:58.685104+00:00,1704958678.69,0100,000377,170495867877,A89617,00,00,071,00,,Y,31,403.35,40335,INR,316405.01,366200.65310118743,5311,M_5311_00104
TX_00000377,CARD_000029,607152******8446,IN_PROD_SALARIED_PRIME_REWARDS,C3_YOUNG_ADULT_STUDENT,2024-01-11T07:41:15.453297+00:00,1704958875.45,0100,000378,170495887578,A17747,00,00,071,00,,Y,38,356.55,35655,INR,316001.65,366200.65310118743,5311,M_5311_00104
TX_00000378,CARD_000730,607152******6279,IN_PROD_SALARIED_PRIME_REWARDS,C5_URBAN_TECH_PROFESSIONAL,2024-01-11T09:03:34.816123+00:00,1704963814.82,0100,000379,170496381479,A43489,00,00,071,00,,Y,38,2230.48,223048,INR,429638.16,429638.1554506432,5411,M_5411_00015
TX_00000379,CARD_000360,607152******1887,IN_PROD_SALARIED_PRIME_REWARDS,C4_SUBURBAN_FAMILY,2024-01-11T10:53:47.078738+00:00,1704970427.08,0100,000380,170497042780,A28748,00,00,102,59,05,Y,19,1233.11,123311,INR,134777.12,161745.68277762271,5732,M_5732_00045
TX_00000380,CARD_000056,607152******9492,IN_PROD_SUPER_PREMIUM_HNI,C7_LUXURY_AFFLUENT,2024-01-11T11:07:33.074644+00:00,1704971253.07,0100,000381,170497125381,A15462,00,00,012,59,05,Y,17,648.32,64832,INR,3275491.25,3881299.1856853026,5999,M_5999_00142
TX_00000381,CARD_000056,607152******9492,IN_PROD_SUPER_PREMIUM_HNI,C7_LUXURY_AFFLUENT,2024-01-11T11:42:48.496773+00:00,1704973368.5,0100,000382,170497336882,A89232,00,00,102,59,05,Y,24,18301.59,1830159,INR,3274842.93,3881299.1856853026,5411,M_5411_00051
TX_00000382,CARD_000649,607152******9154,IN_PROD_SALARIED_PRIME_REWARDS,C4_SUBURBAN_FAMILY,2024-01-11T11:57:02.885546+00:00,1704974222.89,0100,000383,170497422283,A17235,00,00,102,59,05,Y,9,1333.95,133395,INR,221964.55,221964.5495638239,5411,M_5411_00098
TX_00000383,CARD_000649,607152******9154,IN_PROD_SALARIED_PRIME_REWARDS,C4_SUBURBAN_FAMILY,2024-01-11T11:59:36.285941+00:00,1704974376.29,0100,000384,170497437684,A67478,00,00,012,59,05,Y,26,1412.06,141206,INR,220630.6,221964.5495638239,5812,M_5812_00081
TX_00000384,CARD_000272,607152******1393,IN_PROD_ENTRY_FD_BACKED,C1_HOURLY_GIG_WORKER,2024-01-11T11:59:56.073644+00:00,1704974396.07,0100,000385,170497439685,,57,57,102,59,07,N,29,556.92,55692,INR,37506.36,38600.89550085462,5541,M_5541_00143
TX_00000385,CARD_000707,607152******1176,IN_PROD_ENTRY_FD_BACKED,C2_FIXED_INCOME_SENIOR,2024-01-11T12:21:33.678135+00:00,1704975693.68,0100,000386,170497569386,A56644,00,00,051,00,,Y,24,814.29,81429,INR,8825.77,10589.45006939843,5912,M_5912_00117
TX_00000386,CARD_000707,607152******1176,IN_PROD_ENTRY_FD_BACKED,C2_FIXED_INCOME_SENIOR,2024-01-11T12:38:05.239016+00:00,1704976685.24,0100,000387,170497668587,A97146,00,00,051,00,,Y,1,965.22,96522,INR,8011.47,10589.45006939843,5912,M_5912_00117
TX_00000387,CARD_000289,607152******5895,IN_PROD_SUPER_PREMIUM_HNI,C7_LUXURY_AFFLUENT,2024-01-11T12:50:02.619823+00:00,1704977402.62,0100,000388,170497740288,,65,65,071,00,,Y,16,92546.63,9254663,INR,3202052.92,3202052.9192699064,5912,M_5912_00029
TX_00000388,CARD_000707,607152******1176,IN_PROD_ENTRY_FD_BACKED,C2_FIXED_INCOME_SENIOR,2024-01-11T12:54:52.340330+00:00,1704977692.34,0100,000389,170497769289,,63,63,012,59,07,N,53,1309.78,130978,INR,7046.25,10589.45006939843,5311,M_5311_00020
TX_00000389,CARD_000503,607152******4047,IN_PROD_SALARIED_PRIME_REWARDS,C4_SUBURBAN_FAMILY,2024-01-11T13:29:05.336545+00:00,1704979745.34,0100,000390,170497974590,A65472,00,00,071,00,,Y,8,1587.6,158760,INR,178280.5,196306.37697165733,5311,M_5311_00104
TX_00000390,CARD_000503,607152******4047,IN_PROD_SALARIED_PRIME_REWARDS,C4_SUBURBAN_FAMILY,2024-01-11T13:34:02.696059+00:00,1704980042.7,0100,000391,170498004291,A86271,00,00,051,00,,Y,14,9071.0,907100,INR,176692.9,196306.37697165733,5311,M_5311_00104
TX_00000391,CARD_000622,607152******9412,IN_PROD_SALARIED_PRIME_REWARDS,C4_SUBURBAN_FAMILY,2024-01-11T13:46:00.932503+00:00,1704980760.93,0100,000392,170498076092,A86205,00,00,012,59,05,Y,2,1130.02,113002,INR,193617.01,193617.00740917557,5812,M_5812_00145
TX_00000392,CARD_000622,607152******9412,IN_PROD_SALARIED_PRIME_REWARDS,C4_SUBURBAN_FAMILY,2024-01-11T13:48:26.698862+00:00,1704980906.7,0100,000393,170498090693,A72199,00,00,071,00,,Y,7,2169.48,216948,INR,192486.99,193617.00740917557,5541,M_5541_00113
TX_00000393,CARD_000503,607152******4047,IN_PROD_SALARIED_PRIME_REWARDS,C4_SUBURBAN_FAMILY,2024-01-11T13:48:48.717413+00:00,1704980928.72,0100,000394,170498092894,,57,57,012,59,07,N,18,2654.76,265476,INR,167621.9,196306.37697165733,5411,M_5411_00049
TX_00000394,CARD_000622,607152******9412,IN_PROD_SALARIED_PRIME_REWARDS,C4_SUBURBAN_FAMILY,2024-01-11T13:55:34.561335+00:00,1704981334.56,0100,000395,170498133495,,65,65,071,00,,Y,35,7570.7,757070,INR,190317.51,193617.00740917557,5541,M_5541_00113
TX_00000395,CARD_000503,607152******4047,IN_PROD_SALARIED_PRIME_REWARDS,C4_SUBURBAN_FAMILY,2024-01-11T13:56:37.691399+00:00,1704981397.69,0100,000396,170498139796,A90371,00,00,071,00,,Y,38,3128.29,312829,INR,167621.9,196306.37697165733,5311,M_5311_00104
TX_00000396,CARD_000622,607152******9412,IN_PROD_SALARIED_PRIME_REWARDS,C4_SUBURBAN_FAMILY,2024-01-11T14:04:16.830061+00:00,1704981856.83,0100,000397,170498185697,,65,65,071,00,,Y,16,6455.18,645518,INR,190317.51,193617.00740917557,5541,M_5541_00113
TX_00000397,CARD_000311,607152******7123,IN_PROD_SUPER_PREMIUM_HNI,C6_SMALL_BUSINESS_OWNER,2024-01-11T14:11:02.800476+00:00,1704982262.8,0100,000398,170498226298,A50189,00,00,012,59,05,Y,15,9323.89,932389,INR,4099318.7,4234127.798174923,5814,M_5814_00089
TX_00000398,CARD_000503,607152******4047,IN_PROD_SALARIED_PRIME_REWARDS,C4_SUBURBAN_FAMILY,2024-01-11T14:12:54.877139+00:00,1704982374.88,0100,000399,170498237499,A90316,00,00,071,00,,Y,5,1663.2,166320,INR,164493.61,196306.37697165733,5311,M_5311_00104
TX_00000399,CARD_000622,607152******9412,IN_PROD_SALARIED_PRIME_REWARDS,C4_SUBURBAN_FAMILY,2024-01-11T14:14:48.256991+00:00,1704982488.26,0100,000400,170498248800,A27757,00,00,071,00,,Y,32,3565.37,356537,INR,190317.51,193617.00740917557,5541,M_5541_00113
TX_00000400,CARD_000622,607152******9412,IN_PROD_SALARIED_PRIME_REWARDS,C4_SUBURBAN_FAMILY,2024-01-11T14:17:51.145037+00:00,1704982671.15,0100,000401,170498267101,A58642,00,00,071,00,,Y,19,2947.57,294757,INR,186752.14,193617.00740917557,5541,M_5541_00113
TX_00000401,CARD_000622,607152******9412,IN_PROD_SALARIED_PRIME_REWARDS,C4_SUBURBAN_FAMILY,2024-01-11T14:21:51.429476+00:00,1704982911.43,0100,000402,170498291102,A49423,00,00,071,00,,Y,4,1570.42,157042,INR,183804.57,193617.00740917557,5541,M_5541_00113
TX_00000402,CARD_000828,607152******3818,IN_PROD_SALARIED_PRIME_REWARDS,C5_URBAN_TECH_PROFESSIONAL,2024-01-11T15:04:13.849347+00:00,1704985453.85,0100,000403,170498545303,A29191,00,00,071,00,,Y,14,1960.67,196067,INR,184062.87,218654.95321615366,5411,M_5411_00058
TX_00000403,CARD_000301,607152******3798,IN_PROD_SALARIED_PRIME_REWARDS,C5_URBAN_TECH_PROFESSIONAL,2024-01-11T15:31:03.075643+00:00,1704987063.08,0100,000404,170498706304,A29991,00,00,071,00,,Y,18,848.86,84886,INR,363421.1,363421.0996480064,5814,M_5814_00089
TX_00000404,CARD_000301,607152******3798,IN_PROD_SALARIED_PRIME_REWARDS,C5_URBAN_TECH_PROFESSIONAL,2024-01-11T15:49:55.552001+00:00,1704988195.55,0100,000405,170498819505,A33801,00,00,102,59,05,Y,57,1245.76,124576,INR,362572.24,363421.0996480064,5411,M_5411_00090
TX_00000405,CARD_000301,607152******3798,IN_PROD_SALARIED_PRIME_REWARDS,C5_URBAN_TECH_PROFESSIONAL,2024-01-11T15:57:55.647981+00:00,1704988675.65,0100,000406,170498867506,A56834,00,00,102,59,05,Y,28,2177.24,217724,INR,361326.48,363421.0996480064,5411,M_5411_00085
TX_00000406,CARD_000301,607152******3798,IN_PROD_SALARIED_PRIME_REWARDS,C5_URBAN_TECH_PROFESSIONAL,2024-01-11T15:59:23.138747+00:00,1704988763.14,0100,000407,170498876307,A34704,00,00,012,59,05,Y,16,2091.02,209102,INR,359149.24,363421.0996480064,5814,M_5814_00066
TX_00000407,CARD_000301,607152******3798,IN_PROD_SALARIED_PRIME_REWARDS,C5_URBAN_TECH_PROFESSIONAL,2024-01-11T15:59:36.455941+00:00,1704988776.46,0100,000408,170498877608,A58937,00,00,102,59,05,Y,43,2253.72,225372,INR,357058.23,363421.0996480064,5812,M_5812_00021
TX_00000408,CARD_000301,607152******3798,IN_PROD_SALARIED_PRIME_REWARDS,C5_URBAN_TECH_PROFESSIONAL,2024-01-11T16:11:06.237128+00:00,1704989466.24,0100,000409,170498946609,A36725,00,00,102,59,05,Y,49,1532.34,153234,INR,354804.51,363421.0996480064,4816,M_4816_00011
TX_00000409,CARD_000301,607152******3798,IN_PROD_SALARIED_PRIME_REWARDS,C5_URBAN_TECH_PROFESSIONAL,2024-01-11T16:11:36.866310+00:00,1704989496.87,0100,000410,170498949610,,65,65,102,59,07,N,4,864.09,86409,INR,353272.17,363421.0996480064,5311,M_5311_00116
TX_00000410,CARD_000497,607152******9062,IN_PROD_SALARIED_PRIME_REWARDS,C2_FIXED_INCOME_SENIOR,2024-01-11T16:21:29.008850+00:00,1704990089.01,0100,000411,170499008911,A40921,00,00,051,00,,Y,18,3936.36,393636,INR,212093.53,243897.55604301614,5541,M_5541_00113
TX_00000411,CARD_000718,607152******8370,IN_PROD_SALARIED_PRIME_REWARDS,C4_SUBURBAN_FAMILY,2024-01-11T17:42:24.333310+00:00,1704994944.33,0100,000412,170499494412,A50144,00,00,012,59,05,Y,8,2871.5,287150,INR,372001.24,372001.23819590406,5411,M_5411_00098
TX_00000412,CARD_000718,607152******8370,IN_PROD_SALARIED_PRIME_REWARDS,C4_SUBURBAN_FAMILY,2024-01-11T17:44:31.184588+00:00,1704995071.18,0100,000413,170499507113,A75831,00,00,071,00,,Y,11,2424.32,242432,INR,369129.74,372001.23819590406,5812,M_5812_00021
TX_00000413,CARD_000049,607152******1776,IN_PROD_SALARIED_PRIME_REWARDS,C3_YOUNG_ADULT_STUDENT,2024-01-11T19:11:08.595844+00:00,1705000268.6,0100,000414,170500026814,,57,57,102,59,07,N,5,597.54,59754,INR,366383.67,366383.66643681575,5814,M_5814_00137
TX_00000414,CARD_000810,607152******9265,IN_PROD_SALARIED_PRIME_REWARDS,C5_URBAN_TECH_PROFESSIONAL,2024-01-11T19:13:36.827854+00:00,1705000416.83,0100,000415,170500041615,A81525,00,00,102,59,05,Y,24,1421.59,142159,INR,157108.43,183074.08922510367,4816,M_4816_00011
TX_00000415,CARD_000121,607152******9103,IN_PROD_SALARIED_PRIME_REWARDS,C5_URBAN_TECH_PROFESSIONAL,2024-01-11T19:14:15.689457+00:00,1705000455.69,0100,000416,170500045516,,57,57,102,59,07,N,21,4990.3,499030,INR,288899.25,288899.2473115877,5411,M_5411_00015
TX_00000416,CARD_000810,607152******9265,IN_PROD_SALARIED_PRIME_REWARDS,C5_URBAN_TECH_PROFESSIONAL,2024-01-11T19:14:39.952887+00:00,1705000479.95,0100,000417,170500047917,A92600,00,00,071,00,,Y,1,2063.97,206397,INR,155686.84,183074.08922510367,5812,M_5812_00081
TX_00000417,CARD_000810,607152******9265,IN_PROD_SALARIED_PRIME_REWARDS,C5_URBAN_TECH_PROFESSIONAL,2024-01-11T19:29:43.120638+00:00,1705001383.12,0100,000418,170500138318,A42657,00,00,071,00,,Y,7,2299.62,229962,INR,153622.87,183074.08922510367,5812,M_5812_00081
TX_00000418,CARD_000088,607152******2162,IN_PROD_SUPER_PREMIUM_HNI,C6_SMALL_BUSINESS_OWNER,2024-01-11T19:33:19.614041+00:00,1705001599.61,0100,000419,170500159919,A54173,00,00,051,00,,Y,48,2315.25,231525,INR,3881175.41,3881175.4126497493,5812,M_5812_00021
TX_00000419,CARD_000133,607152******7863,IN_PROD_ENTRY_FD_BACKED,C1_HOURLY_GIG_WORKER,2024-01-11T19:44:19.422746+00:00,1705002259.42,0100,000420,170500225920,A64588,00,00,051,00,,Y,17,131.51,13151,INR,20873.91,22749.33520264015,5411,M_5411_00015
TX_00000420,CARD_000133,607152******7863,IN_PROD_ENTRY_FD_BACKED,C1_HOURLY_GIG_WORKER,2024-01-11T19:52:32.820536+00:00,1705002752.82,0100,000421,170500275221,A11714,00,00,102,59,05,Y,30,443.81,44381,INR,20742.4,22749.33520264015,5912,M_5912_00003
TX_00000421,CARD_000810,607152******9265,IN_PROD_SALARIED_PRIME_REWARDS,C5_URBAN_TECH_PROFESSIONAL,2024-01-11T19:59:43.120638+00:00,1705003183.12,0100,000422,170500318322,A97226,00,00,051,00,,Y,18,1382.2,138220,INR,151323.25,183074.08922510367,5411,M_5411_00059
TX_00000422,CARD_000133,607152******7863,IN_PROD_ENTRY_FD_BACKED,C1_HOURLY_GIG_WORKER,2024-01-11T20:07:35.304743+00:00,1705003655.3,0100,000423,170500365523,A20090,00,00,102,59,05,Y,3,1075.41,107541,INR,20298.59,22749.33520264015,5411,M_5411_00073
TX_00000423,CARD_000810,607152******9265,IN_PROD_SALARIED_PRIME_REWARDS,C5_URBAN_TECH_PROFESSIONAL,2024-01-11T20:12:06.613132+00:00,1705003926.61,0100,000424,170500392624,A87545,00,00,012,59,05,Y,3,1085.4,108540,INR,149941.05,183074.08922510367,4816,M_4816_00011
TX_00000424,CARD_000810,607152******9265,IN_PROD_SALARIED_PRIME_REWARDS,C5_URBAN_TECH_PROFESSIONAL,2024-01-11T20:13:09.200837+00:00,1705003989.2,0100,000425,170500398925,A45989,00,00,071,00,,Y,13,1315.88,131588,INR,148855.65,183074.08922510367,5411,M_5411_00059
TX_00000425,CARD_000241,607152******8196,IN_PROD_SALARIED_PRIME_REWARDS,C5_URBAN_TECH_PROFESSIONAL,2024-01-11T20:20:34.578222+00:00,1705004434.58,0100,000426,170500443426,A16880,00,00,071,00,,Y,45,1598.44,159844,INR,383620.2,383620.1955171233,5812,M_5812_00093
TX_00000426,CARD_000810,607152******9265,IN_PROD_SALARIED_PRIME_REWARDS,C5_URBAN_TECH_PROFESSIONAL,2024-01-11T20:22:18.117256+00:00,1705004538.12,0100,000427,170500453827,A29430,00,00,012,59,05,Y,42,982.29,98229,INR,147539.77,183074.08922510367,4816,M_4816_00100
TX_00000427,CARD_000810,607152******9265,IN_PROD_SALARIED_PRIME_REWARDS,C5_URBAN_TECH_PROFESSIONAL,2024-01-11T20:52:18.117256+00:00,1705006338.12,0100,000428,170500633828,A21659,00,00,071,00,,Y,16,2106.14,210614,INR,146557.48,183074.08922510367,5411,M_5411_00059
TX_00000428,CARD_000139,607152******7500,IN_PROD_SALARIED_PRIME_REWARDS,C3_YOUNG_ADULT_STUDENT,2024-01-11T21:12:56.450609+00:00,1705007576.45,0100,000429,170500757629,A36553,00,00,071,00,,Y,8,402.45,40245,INR,233008.61,261316.54072019487,5812,M_5812_00021
TX_00000429,CARD_000810,607152******9265,IN_PROD_SALARIED_PRIME_REWARDS,C5_URBAN_TECH_PROFESSIONAL,2024-01-11T21:15:38.850404+00:00,1705007738.85,0100,000430,170500773830,A67708,00,00,071,00,,Y,17,883.38,88338,INR,144451.35,183074.08922510367,5411,M_5411_00059
TX_00000430,CARD_000810,607152******9265,IN_PROD_SALARIED_PRIME_REWARDS,C5_URBAN_TECH_PROFESSIONAL,2024-01-11T21:19:06.063533+00:00,1705007946.06,0100,000431,170500794631,A20693,00,00,071,00,,Y,55,1149.37,114937,INR,143567.97,183074.08922510367,5411,M_5411_00059
TX_00000431,CARD_000583,607152******1241,IN_PROD_ENTRY_FD_BACKED,C2_FIXED_INCOME_SENIOR,2024-01-11T21:29:26.167350+00:00,1705008566.17,0100,000432,170500856632,A11014,00,00,051,00,,Y,2,1536.73,153673,INR,15574.42,17094.363468964486,5812,M_5812_00102
TX_00000432,CARD_000614,607152******9638,IN_PROD_ENTRY_FD_BACKED,C1_HOURLY_GIG_WORKER,2024-01-11T22:43:37.379930+00:00,1705013017.38,0100,000433,170501301733,A16991,00,00,051,00,,Y,17,1024.11,102411,INR,12751.65,15390.383447232069,5912,M_5912_00117
TX_00000433,CARD_000614,607152******9638,IN_PROD_ENTRY_FD_BACKED,C1_HOURLY_GIG_WORKER,2024-01-11T22:54:13.291606+00:00,1705013653.29,0100,000434,170501365334,A54299,00,00,051,00,,Y,24,475.35,47535,INR,11727.54,15390.383447232069,5912,M_5912_00117
TX_00000434,CARD_000614,607152******9638,IN_PROD_ENTRY_FD_BACKED,C1_HOURLY_GIG_WORKER,2024-01-11T22:58:09.799055+00:00,1705013889.8,0100,000435,170501388935,A81492,00,00,051,00,,Y,30,1119.99,111999,INR,11252.19,15390.383447232069,5912,M_5912_00117
TX_00000435,CARD_000721,607152******3788,IN_PROD_SALARIED_PRIME_REWARDS,C2_FIXED_INCOME_SENIOR,2024-01-12T02:38:10.352011+00:00,1705027090.35,0100,000436,170502709036,A24353,00,00,051,00,,Y,22,1001.3,100130,INR,209407.16,209407.15774806298,5814,M_5814_00061
TX_00000436,CARD_000721,607152******3788,IN_PROD_SALARIED_PRIME_REWARDS,C2_FIXED_INCOME_SENIOR,2024-01-12T02:41:21.898015+00:00,1705027281.9,0100,000437,170502728137,A61320,00,00,012,59,05,Y,30,1306.22,130622,INR,208405.85,209407.15774806298,5912,M_5912_00117
TX_00000437,CARD_000112,607152******4573,IN_PROD_SALARIED_PRIME_REWARDS,C4_SUBURBAN_FAMILY,2024-01-12T05:49:17.822101+00:00,1705038557.82,0100,000438,170503855738,A92798,00,00,071,00,,Y,29,1287.34,128734,INR,385078.8,406530.33846102026,5812,M_5812_00021
TX_00000438,CARD_000112,607152******4573,IN_PROD_SALARIED_PRIME_REWARDS,C4_SUBURBAN_FAMILY,2024-01-12T05:53:05.570353+00:00,1705038785.57,0100,000439,170503878539,A69740,00,00,012,59,05,Y,2,707.15,70715,INR,383791.47,406530.33846102026,6513,M_6513_00022
TX_00000439,CARD_000112,607152******4573,IN_PROD_SALARIED_PRIME_REWARDS,C4_SUBURBAN_FAMILY,2024-01-12T05:53:32.910369+00:00,1705038812.91,0100,000440,170503881240,A76812,00,00,012,59,05,Y,23,4960.83,496083,INR,383084.32,406530.33846102026,5812,M_5812_00102
TX_00000440,CARD_000112,607152******4573,IN_PROD_SALARIED_PRIME_REWARDS,C4_SUBURBAN_FAMILY,2024-01-12T05:58:22.474953+00:00,1705039102.47,0100,000441,170503910241,A36419,00,00,051,00,,Y,22,3489.26,348926,INR,378123.48,406530.33846102026,5812,M_5812_00021
TX_00000441,CARD_000112,607152******4573,IN_PROD_SALARIED_PRIME_REWARDS,C4_SUBURBAN_FAMILY,2024-01-12T06:01:05.920203+00:00,1705039265.92,0100,000442,170503926542,A50701,00,00,012,59,05,Y,11,4619.85,461985,INR,374634.22,406530.33846102026,5812,M_5812_00021
TX_00000442,CARD_000481,607152******6415,IN_PROD_SUPER_PREMIUM_HNI,C6_SMALL_BUSINESS_OWNER,2024-01-12T06:04:38.267605+00:00,1705039478.27,0100,000443,170503947843,A87972,00,00,012,59,05,Y,60,1668.05,166805,INR,2903907.75,3143362.219668002,5812,M_5812_00046
TX_00000443,CARD_000902,607152******1442,IN_PROD_SALARIED_PRIME_REWARDS,C5_URBAN_TECH_PROFESSIONAL,2024-01-12T06:46:22.059709+00:00,1705041982.06,0100,000444,170504198244,A86833,00,00,012,59,05,Y,22,572.56,57256,INR,178866.23,178866.2277677229,5411,M_5411_00058
TX_00000444,CARD_000640,607152******6591,IN_PROD_SUPER_PREMIUM_HNI,C6_SMALL_BUSINESS_OWNER,2024-01-12T07:00:55.357238+00:00,1705042855.36,0100,000445,170504285545,A70452,00,00,012,59,05,Y,41,2790.18,279018,INR,1901479.68,2163144.495768818,5812,M_5812_00102
TX_00000445,CARD_000640,607152******6591,IN_PROD_SUPER_PREMIUM_HNI,C6_SMALL_BUSINESS_OWNER,2024-01-12T07:03:34.356461+00:00,1705043014.36,0100,000446,170504301446,A26609,00,00,051,00,,Y,6,2572.07,257207,INR,1898689.5,2163144.495768818,5812,M_5812_00021
TX_00000446,CARD_000640,607152******6591,IN_PROD_SUPER_PREMIUM_HNI,C6_SMALL_BUSINESS_OWNER,2024-01-12T07:07:08.692379+00:00,1705043228.69,0100,000447,170504322847,A17714,00,00,012,59,05,Y,4,18296.05,1829605,INR,1896117.43,2163144.495768818,5812,M_5812_00021
TX_00000447,CARD_000295,607152******9645,IN_PROD_SALARIED_PRIME_REWARDS,C2_FIXED_INCOME_SENIOR,2024-01-12T07:08:39.684305+00:00,1705043319.68,0100,000448,170504331948,A32133,00,00,051,00,,Y,29,2140.62,214062,INR,169599.93,204317.53320458112,5411,M_5411_00036
TX_00000448,CARD_000640,607152******6591,IN_PROD_SUPER_PREMIUM_HNI,C6_SMALL_BUSINESS_OWNER,2024-01-12T07:12:29.788193+00:00,1705043549.79,0100,000449,170504354949,A24984,00,00,012,59,05,Y,15,10534.11,1053411,INR,1877821.38,2163144.495768818,5999,M_5999_00142
TX_00000449,CARD_000640,607152******6591,IN_PROD_SUPER_PREMIUM_HNI,C6_SMALL_BUSINESS_OWNER,2024-01-12T07:16:47.994331+00:00,1705043807.99,0100,000450,170504380750,A13160,00,00,071,00,,Y,25,3914.07,391407,INR,1867287.27,2163144.495768818,5812,M_5812_00021
TX_00000450,CARD_000529,607152******7684,IN_PROD_SALARIED_PRIME_REWARDS,C2_FIXED_INCOME_SENIOR,2024-01-12T08:24:43.901212+00:00,1705047883.9,0100,000451,170504788351,A30311,00,00,051,00,,Y,26,100.55,10055,INR,297341.57,297341.5663993199,5812,M_5812_00075
TX_00000451,CARD_000529,607152******7684,IN_PROD_SALARIED_PRIME_REWARDS,C2_FIXED_INCOME_SENIOR,2024-01-12T08:39:36.721263+00:00,1705048776.72,0100,000452,170504877652,A97159,00,00,051,00,,Y,18,1546.87,154687,INR,297241.02,297341.5663993199,5812,M_5812_00075
TX_00000452,CARD_000353,607152******2097,IN_PROD_SALARIED_PRIME_REWARDS,C5_URBAN_TECH_PROFESSIONAL,2024-01-12T09:26:09.266442+00:00,1705051569.27,0100,000453,170505156953,A30345,00,00,102,59,05,Y,25,1666.0,166600,INR,173070.26,182265.08070822345,5541,M_5541_00019
TX_00000453,CARD_000353,607152******2097,IN_PROD_SALARIED_PRIME_REWARDS,C5_URBAN_TECH_PROFESSIONAL,2024-01-12T09:26:43.261035+00:00,1705051603.26,0100,000454,170505160354,A61250,00,00,071,00,,Y,14,525.86,52586,INR,171404.26,182265.08070822345,5812,M_5812_00021
TX_00000454,CARD_000353,607152******2097,IN_PROD_SALARIED_PRIME_REWARDS,C5_URBAN_TECH_PROFESSIONAL,2024-01-12T09:29:30.259870+00:00,1705051770.26,0100,000455,170505177055,A66601,00,00,012,59,05,Y,0,2608.01,260801,INR,170878.4,182265.08070822345,5814,M_5814_00066
TX_00000455,CARD_000353,607152******2097,IN_PROD_SALARIED_PRIME_REWARDS,C5_URBAN_TECH_PROFESSIONAL,2024-01-12T09:35:04.550626+00:00,1705052104.55,0100,000456,170505210456,A31037,00,00,071,00,,Y,13,743.43,74343,INR,168270.39,182265.08070822345,5812,M_5812_00021
TX_00000456,CARD_000353,607152******2097,IN_PROD_SALARIED_PRIME_REWARDS,C5_URBAN_TECH_PROFESSIONAL,2024-01-12T09:47:35.156191+00:00,1705052855.16,0100,000457,170505285557,A75846,00,00,071,00,,Y,31,432.44,43244,INR,167526.95,182265.08070822345,5812,M_5812_00021
TX_00000457,CARD_000225,607152******2464,IN_PROD_SUPER_PREMIUM_HNI,C7_LUXURY_AFFLUENT,2024-01-12T10:20:50.419615+00:00,1705054850.42,0100,000458,170505485058,A30310,00,00,012,59,05,Y,17,1113.05,111305,INR,4085134.07,4085134.074932185,5812,M_5812_00021
TX_00000458,CARD_000225,607152******2464,IN_PROD_SUPER_PREMIUM_HNI,C7_LUXURY_AFFLUENT,2024-01-12T10:21:15.403239+00:00,1705054875.4,0100,000459,170505487559,A83850,00,00,012,59,05,Y,3,4202.1,420210,INR,4084021.02,4085134.074932185,6051,M_6051_00023
TX_00000459,CARD_000225,607152******2464,IN_PROD_SUPER_PREMIUM_HNI,C7_LUXURY_AFFLUENT,2024-01-12T10:23:58.278663+00:00,1705055038.28,0100,000460,170505503860,,65,65,071,00,,Y,25,8054.89,805489,INR,4079818.93,4085134.074932185,5814,M_5814_00066
TX_00000460,CARD_000902,607152******1442,IN_PROD_SALARIED_PRIME_REWARDS,C5_URBAN_TECH_PROFESSIONAL,2024-01-12T12:03:54.998767+00:00,1705061035.0,0100,000461,170506103461,A79737,00,00,012,59,05,Y,14,1501.54,150154,INR,178293.67,178866.2277677229,5814,M_5814_00148
TX_00000461,CARD_000902,607152******1442,IN_PROD_SALARIED_PRIME_REWARDS,C5_URBAN_TECH_PROFESSIONAL,2024-01-12T12:07:43.467802+00:00,1705061263.47,0100,000462,170506126362,,63,63,012,59,07,N,40,1344.14,134414,INR,176792.12,178866.2277677229,5812,M_5812_00021
TX_00000462,CARD_000447,607152******2945,IN_PROD_SALARIED_PRIME_REWARDS,C5_URBAN_TECH_PROFESSIONAL,2024-01-12T12:18:17.931661+00:00,1705061897.93,0100,000463,170506189763,A31037,00,00,071,00,,Y,32,1226.77,122677,INR,169417.86,188251.52799519635,5411,M_5411_00097
TX_00000463,CARD_000447,607152******2945,IN_PROD_SALARIED_PRIME_REWARDS,C5_URBAN_TECH_PROFESSIONAL,2024-01-12T12:21:21.205765+00:00,1705062081.21,0100,000464,170506208164,A61158,00,00,071,00,,Y,10,1411.34,141134,INR,168191.09,188251.52799519635,5411,M_5411_00097
TX_00000464,CARD_000447,607152******2945,IN_PROD_SALARIED_PRIME_REWARDS,C5_URBAN_TECH_PROFESSIONAL,2024-01-12T12:35:44.336382+00:00,1705062944.34,0100,000465,170506294465,A15009,00,00,102,59,05,Y,30,2102.97,210297,INR,166779.75,188251.52799519635,5411,M_5411_00051
TX_00000465,CARD_000447,607152******2945,IN_PROD_SALARIED_PRIME_REWARDS,C5_URBAN_TECH_PROFESSIONAL,2024-01-12T12:36:45.580808+00:00,1705063005.58,0100,000466,170506300566,A86874,00,00,012,59,05,Y,21,3191.42,319142,INR,164676.77,188251.52799519635,6513,M_6513_00022
TX_00000466,CARD_000814,607152******4909,IN_PROD_SALARIED_PRIME_REWARDS,C5_URBAN_TECH_PROFESSIONAL,2024-01-12T12:38:14.378060+00:00,1705063094.38,0100,000467,170506309467,A12007,00,00,102,59,05,Y,10,3385.9,338590,INR,389757.88,389757.88403080095,5411,M_5411_00098
TX_00000467,CARD_000214,607152******5953,IN_PROD_SUPER_PREMIUM_HNI,C6_SMALL_BUSINESS_OWNER,2024-01-12T14:52:51.324531+00:00,1705071171.32,0100,000468,170507117168,A71894,00,00,051,00,,Y,12,1667.64,166764,INR,2135981.89,2135981.887592406,5999,M_5999_00142
TX_00000468,CARD_000214,607152******5953,IN_PROD_SUPER_PREMIUM_HNI,C6_SMALL_BUSINESS_OWNER,2024-01-12T14:56:18.554950+00:00,1705071378.55,0100,000469,170507137869,A19857,00,00,051,00,,Y,46,1033.4,103340,INR,2134314.24,2135981.887592406,5999,M_5999_00142
TX_00000469,CARD_000214,607152******5953,IN_PROD_SUPER_PREMIUM_HNI,C6_SMALL_BUSINESS_OWNER,2024-01-12T15:11:55.658877+00:00,1705072315.66,0100,000470,170507231570,A36643,00,00,071,00,,Y,11,838.62,83862,INR,2133280.85,2135981.887592406,5999,M_5999_00142
TX_00000470,CARD_000214,607152******5953,IN_PROD_SUPER_PREMIUM_HNI,C6_SMALL_BUSINESS_OWNER,2024-01-12T15:25:05.782141+00:00,1705073105.78,0100,000471,170507310571,A69590,00,00,012,59,05,Y,22,5342.15,534215,INR,2132442.23,2135981.887592406,5812,M_5812_00021
TX_00000471,CARD_000214,607152******5953,IN_PROD_SUPER_PREMIUM_HNI,C6_SMALL_BUSINESS_OWNER,2024-01-12T15:44:46.099314+00:00,1705074286.1,0100,000472,170507428672,A74371,00,00,012,59,05,Y,18,3085.97,308597,INR,2127100.08,2135981.887592406,6051,M_6051_00023
TX_00000472,CARD_000627,607152******1343,IN_PROD_SALARIED_PRIME_REWARDS,C4_SUBURBAN_FAMILY,2024-01-12T17:44:44.289161+00:00,1705081484.29,0100,000473,170508148473,,65,65,071,00,,Y,68,6054.08,605408,INR,153754.65,188455.96985518705,5541,M_5541_00129
TX_00000473,CARD_000627,607152******1343,IN_PROD_SALARIED_PRIME_REWARDS,C4_SUBURBAN_FAMILY,2024-01-12T18:13:39.731217+00:00,1705083219.73,0100,000474,170508321974,A67354,00,00,102,59,05,Y,23,1162.75,116275,INR,153754.65,188455.96985518705,5812,M_5812_00021
TX_00000474,CARD_000960,607152******3816,IN_PROD_SALARIED_PRIME_REWARDS,C4_SUBURBAN_FAMILY,2024-01-12T18:30:29.780232+00:00,1705084229.78,0100,000475,170508422975,A89044,00,00,051,00,,Y,39,1447.12,144712,INR,123144.43,123144.42607347845,5311,M_5311_00104
TX_00000475,CARD_000960,607152******3816,IN_PROD_SALARIED_PRIME_REWARDS,C4_SUBURBAN_FAMILY,2024-01-12T18:33:42.476049+00:00,1705084422.48,0100,000476,170508442276,,57,57,012,59,07,N,25,1059.35,105935,INR,121697.3,123144.42607347845,5814,M_5814_00066
TX_00000476,CARD_000960,607152******3816,IN_PROD_SALARIED_PRIME_REWARDS,C4_SUBURBAN_FAMILY,2024-01-12T18:35:11.349093+00:00,1705084511.35,0100,000477,170508451177,,57,57,012,59,07,N,2,1396.99,139699,INR,121697.3,123144.42607347845,5814,M_5814_00066
TX_00000477,CARD_000960,607152******3816,IN_PROD_SALARIED_PRIME_REWARDS,C4_SUBURBAN_FAMILY,2024-01-12T18:38:02.495384+00:00,1705084682.5,0100,000478,170508468278,A83332,00,00,071,00,,Y,4,3527.46,352746,INR,121697.3,123144.42607347845,5311,M_5311_00104
TX_00000478,CARD_000627,607152******1343,IN_PROD_SALARIED_PRIME_REWARDS,C4_SUBURBAN_FAMILY,2024-01-12T18:43:39.731217+00:00,1705085019.73,0100,000479,170508501979,A65240,00,00,051,00,,Y,26,3146.07,314607,INR,152591.9,188455.96985518705,5812,M_5812_00145
TX_00000479,CARD_000627,607152******1343,IN_PROD_SALARIED_PRIME_REWARDS,C4_SUBURBAN_FAMILY,2024-01-12T18:54:57.640429+00:00,1705085697.64,0100,000480,170508569780,A59732,00,00,012,59,05,Y,24,3105.42,310542,INR,149445.83,188455.96985518705,5411,M_5411_00098
TX_00000480,CARD_000627,607152******1343,IN_PROD_SALARIED_PRIME_REWARDS,C4_SUBURBAN_FAMILY,2024-01-12T19:00:32.671074+00:00,1705086032.67,0100,000481,170508603281,A65279,00,00,051,00,,Y,29,1214.84,121484,INR,146340.42,188455.96985518705,5812,M_5812_00145
TX_00000481,CARD_000627,607152******1343,IN_PROD_SALARIED_PRIME_REWARDS,C4_SUBURBAN_FAMILY,2024-01-12T19:16:32.213310+00:00,1705086992.21,0100,000482,170508699282,A71803,00,00,071,00,,Y,25,15.86,1586,INR,145125.57,188455.96985518705,5812,M_5812_00145
TX_00000482,CARD_000627,607152******1343,IN_PROD_SALARIED_PRIME_REWARDS,C4_SUBURBAN_FAMILY,2024-01-12T19:30:46.186962+00:00,1705087846.19,0100,000483,170508784683,A18059,00,00,071,00,,Y,60,2022.61,202261,INR,145109.71,188455.96985518705,5812,M_5812_00145
TX_00000483,CARD_000627,607152******1343,IN_PROD_SALARIED_PRIME_REWARDS,C4_SUBURBAN_FAMILY,2024-01-12T19:51:02.693317+00:00,1705089062.69,0100,000484,170508906284,A68229,00,00,051,00,,Y,31,1073.32,107332,INR,143087.11,188455.96985518705,5814,M_5814_00089
TX_00000484,CARD_000858,607152******3909,IN_PROD_PMJDY_RUPAY_DEBIT,C1_HOURLY_GIG_WORKER,2024-01-12T20:01:52.664075+00:00,1705089712.66,0100,000485,170508971285,A70698,00,00,051,00,,Y,11,427.55,42755,INR,2507.64,3902.477878846793,5814,M_5814_00066
TX_00000485,CARD_000627,607152******1343,IN_PROD_SALARIED_PRIME_REWARDS,C4_SUBURBAN_FAMILY,2024-01-12T20:05:47.893597+00:00,1705089947.89,0100,000486,170508994786,A18820,00,00,071,00,,Y,9,2854.44,285444,INR,142013.79,188455.96985518705,5814,M_5814_00089
TX_00000486,CARD_000627,607152******1343,IN_PROD_SALARIED_PRIME_REWARDS,C4_SUBURBAN_FAMILY,2024-01-12T20:25:46.773012+00:00,1705091146.77,0100,000487,170509114687,A98816,00,00,012,59,05,Y,51,5177.4,517740,INR,139159.35,188455.96985518705,5812,M_5812_00021
TX_00000487,CARD_000627,607152******1343,IN_PROD_SALARIED_PRIME_REWARDS,C4_SUBURBAN_FAMILY,2024-01-12T20:28:14.363250+00:00,1705091294.36,0100,000488,170509129488,A49913,00,00,012,59,05,Y,2,4653.11,465311,INR,133981.94,188455.96985518705,5311,M_5311_00104
TX_00000488,CARD_000627,607152******1343,IN_PROD_SALARIED_PRIME_REWARDS,C4_SUBURBAN_FAMILY,2024-01-12T20:29:16.699365+00:00,1705091356.7,0100,000489,170509135689,A55192,00,00,012,59,05,Y,12,10000.0,1000000,INR,129328.83,188455.96985518705,5311,M_5311_00116
TX_00000489,CARD_000627,607152******1343,IN_PROD_SALARIED_PRIME_REWARDS,C4_SUBURBAN_FAMILY,2024-01-12T20:30:00.064904+00:00,1705091400.06,0100,000490,170509140090,A80186,00,00,051,00,,Y,23,1596.67,159667,INR,119328.83,188455.96985518705,5814,M_5814_00089
TX_00000490,CARD_000627,607152******1343,IN_PROD_SALARIED_PRIME_REWARDS,C4_SUBURBAN_FAMILY,2024-01-12T20:34:37.502953+00:00,1705091677.5,0100,000491,170509167791,A58944,00,00,051,00,,Y,34,3139.38,313938,INR,117732.16,188455.96985518705,5814,M_5814_00089
TX_00000491,CARD_000627,607152******1343,IN_PROD_SALARIED_PRIME_REWARDS,C4_SUBURBAN_FAMILY,2024-01-12T20:37:59.939447+00:00,1705091879.94,0100,000492,170509187992,A23880,00,00,071,00,,Y,15,2235.87,223587,INR,114592.78,188455.96985518705,5814,M_5814_00089
TX_00000492,CARD_000627,607152******1343,IN_PROD_SALARIED_PRIME_REWARDS,C4_SUBURBAN_FAMILY,2024-01-12T20:40:33.524350+00:00,1705092033.52,0100,000493,170509203393,A14002,00,00,051,00,,Y,5,953.72,95372,INR,112356.91,188455.96985518705,5814,M_5814_00089
TX_00000493,CARD_000627,607152******1343,IN_PROD_SALARIED_PRIME_REWARDS,C4_SUBURBAN_FAMILY,2024-01-12T20:43:56.920988+00:00,1705092236.92,0100,000494,170509223694,,59,59,012,59,05,Y,3,4900.52,490052,INR,111403.2,188455.96985518705,5814,M_5814_00066
TX_00000494,CARD_000704,607152******7312,IN_PROD_SALARIED_PRIME_REWARDS,C5_URBAN_TECH_PROFESSIONAL,2024-01-12T20:55:17.902711+00:00,1705092917.9,0100,000495,170509291795,A69204,00,00,012,59,05,Y,10,207.4,20740,INR,235599.55,281860.1048390346,4816,M_4816_00011
TX_00000495,CARD_000368,607152******7297,IN_PROD_SALARIED_PRIME_REWARDS,C5_URBAN_TECH_PROFESSIONAL,2024-01-12T20:57:47.776885+00:00,1705093067.78,0100,000496,170509306796,A15564,00,00,071,00,,Y,22,1090.94,109094,INR,100040.5,109451.8576031109,5411,M_5411_00027
TX_00000496,CARD_000412,607152******8044,IN_PROD_SALARIED_PRIME_REWARDS,C4_SUBURBAN_FAMILY,2024-01-12T21:40:25.504779+00:00,1705095625.5,0100,000497,170509562597,A12687,00,00,012,59,05,Y,8,2201.25,220125,INR,159411.63,159411.63208131253,5812,M_5812_00021
TX_00000497,CARD_000412,607152******8044,IN_PROD_SALARIED_PRIME_REWARDS,C4_SUBURBAN_FAMILY,2024-01-12T21:41:01.905112+00:00,1705095661.91,0100,000498,170509566198,A80283,00,00,071,00,,Y,5,1182.43,118243,INR,157210.38,159411.63208131253,5542,M_5542_00053
TX_00000498,CARD_000412,607152******8044,IN_PROD_SALARIED_PRIME_REWARDS,C4_SUBURBAN_FAMILY,2024-01-12T21:45:55.574931+00:00,1705095955.57,0100,000499,170509595599,A85498,00,00,071,00,,Y,39,4087.64,408764,INR,156027.95,159411.63208131253,5542,M_5542_00053
TX_00000499,CARD_000412,607152******8044,IN_PROD_SALARIED_PRIME_REWARDS,C4_SUBURBAN_FAMILY,2024-01-12T21:49:30.872950+00:00,1705096170.87,0100,000500,170509617000,A90331,00,00,051,00,,Y,9,3579.76,357976,INR,151940.31,159411.63208131253,5542,M_5542_00053
TX_00000500,CARD_000412,607152******8044,IN_PROD_SALARIED_PRIME_REWARDS,C4_SUBURBAN_FAMILY,2024-01-12T21:52:53.281341+00:00,1705096373.28,0100,000501,170509637301,A67370,00,00,012,59,05,Y,37,4552.64,455264,INR,148360.55,159411.63208131253,5814,M_5814_00066
TX_00000501,CARD_000412,607152******8044,IN_PROD_SALARIED_PRIME_REWARDS,C4_SUBURBAN_FAMILY,2024-01-12T21:53:58.062705+00:00,1705096438.06,0100,000502,170509643802,A52803,00,00,051,00,,Y,47,4785.57,478557,INR,143807.91,159411.63208131253,5542,M_5542_00053
TX_00000502,CARD_000412,607152******8044,IN_PROD_SALARIED_PRIME_REWARDS,C4_SUBURBAN_FAMILY,2024-01-12T21:58:29.559971+00:00,1705096709.56,0100,000503,170509670903,A11232,00,00,071,00,,Y,9,1077.95,107795,INR,139022.34,159411.63208131253,5542,M_5542_00053
TX_00000503,CARD_000412,607152******8044,IN_PROD_SALARIED_PRIME_REWARDS,C4_SUBURBAN_FAMILY,2024-01-12T22:02:51.249169+00:00,1705096971.25,0100,000504,170509697104,A49705,00,00,051,00,,Y,2,1620.01,162001,INR,137944.39,159411.63208131253,5542,M_5542_00053
TX_00000504,CARD_000412,607152******8044,IN_PROD_SALARIED_PRIME_REWARDS,C4_SUBURBAN_FAMILY,2024-01-12T22:06:13.121608+00:00,1705097173.12,0100,000505,170509717305,A19498,00,00,102,59,05,Y,33,6194.79,619479,INR,136324.38,159411.63208131253,5411,M_5411_00097
TX_00000505,CARD_000412,607152******8044,IN_PROD_SALARIED_PRIME_REWARDS,C4_SUBURBAN_FAMILY,2024-01-12T22:08:10.314007+00:00,1705097290.31,0100,000506,170509729006,A13671,00,00,071,00,,Y,11,399.67,39967,INR,130129.59,159411.63208131253,5542,M_5542_00053
TX_00000506,CARD_000961,607152******2700,IN_PROD_SUPER_PREMIUM_HNI,C6_SMALL_BUSINESS_OWNER,2024-01-13T07:16:11.952739+00:00,1705130171.95,0100,000507,170513017107,A66133,00,00,071,00,,Y,5,1629.97,162997,INR,2378276.25,2378276.2546637384,5542,M_5542_00053
TX_00000507,CARD_000347,607152******9411,IN_PROD_SUPER_PREMIUM_HNI,C6_SMALL_BUSINESS_OWNER,2024-01-13T07:16:47.296488+00:00,1705130207.3,0100,000508,170513020708,,65,65,071,00,,Y,13,5727.66,572766,INR,3784970.8,4700497.1623852225,5542,M_5542_00012
TX_00000508,CARD_000945,607152******2761,IN_PROD_SALARIED_PRIME_REWARDS,C4_SUBURBAN_FAMILY,2024-01-13T10:18:23.952133+00:00,1705141103.95,0100,000509,170514110309,A66645,00,00,071,00,,Y,16,490.37,49037,INR,123822.83,123822.83450079507,5812,M_5812_00021
TX_00000509,CARD_000945,607152******2761,IN_PROD_SALARIED_PRIME_REWARDS,C4_SUBURBAN_FAMILY,2024-01-13T10:37:44.952218+00:00,1705142264.95,0100,000510,170514226410,A53935,00,00,012,59,05,Y,4,2237.72,223772,INR,123332.47,123822.83450079507,5999,M_5999_00142
TX_00000510,CARD_000945,607152******2761,IN_PROD_SALARIED_PRIME_REWARDS,C4_SUBURBAN_FAMILY,2024-01-13T10:49:21.181456+00:00,1705142961.18,0100,000511,170514296111,A43197,00,00,051,00,,Y,16,2696.54,269654,INR,121094.75,123822.83450079507,5812,M_5812_00021
TX_00000511,CARD_000412,607152******8044,IN_PROD_SALARIED_PRIME_REWARDS,C4_SUBURBAN_FAMILY,2024-01-13T16:07:23.482461+00:00,1705162043.48,0100,000512,170516204312,A87158,00,00,012,59,05,Y,18,2764.41,276441,INR,129729.92,159411.63208131253,5812,M_5812_00081
TX_00000512,CARD_000412,607152******8044,IN_PROD_SALARIED_PRIME_REWARDS,C4_SUBURBAN_FAMILY,2024-01-13T16:08:20.895003+00:00,1705162100.9,0100,000513,170516210013,A56883,00,00,051,00,,Y,12,1132.21,113221,INR,126965.51,159411.63208131253,5812,M_5812_00021
TX_00000513,CARD_000412,607152******8044,IN_PROD_SALARIED_PRIME_REWARDS,C4_SUBURBAN_FAMILY,2024-01-13T16:31:45.663300+00:00,1705163505.66,0100,000514,170516350514,A37067,00,00,071,00,,Y,27,57.71,5771,INR,125833.3,159411.63208131253,5812,M_5812_00021
TX_00000514,CARD_000412,607152******8044,IN_PROD_SALARIED_PRIME_REWARDS,C4_SUBURBAN_FAMILY,2024-01-13T16:55:41.575552+00:00,1705164941.58,0100,000515,170516494115,A16158,00,00,012,59,05,Y,5,1393.53,139353,INR,125775.59,159411.63208131253,5411,M_5411_00098
TX_00000515,CARD_000552,607152******7591,IN_PROD_SUPER_PREMIUM_HNI,C6_SMALL_BUSINESS_OWNER,2024-01-13T17:41:24.808863+00:00,1705167684.81,0100,000516,170516768416,,57,57,012,59,07,N,26,1185.2,118520,INR,2368728.87,2370923.9158394737,5411,M_5411_00051
TX_00000516,CARD_000168,607152******5211,IN_PROD_SALARIED_PRIME_REWARDS,C3_YOUNG_ADULT_STUDENT,2024-01-13T18:40:19.223485+00:00,1705171219.22,0100,000517,170517121917,A56022,00,00,051,00,,Y,2,327.74,32774,INR,160670.19,184867.78929082368,5814,M_5814_00110
TX_00000517,CARD_000168,607152******5211,IN_PROD_SALARIED_PRIME_REWARDS,C3_YOUNG_ADULT_STUDENT,2024-01-13T18:50:56.423713+00:00,1705171856.42,0100,000518,170517185618,A23592,00,00,071,00,,Y,39,885.82,88582,INR,160342.45,184867.78929082368,5814,M_5814_00110
TX_00000518,CARD_000168,607152******5211,IN_PROD_SALARIED_PRIME_REWARDS,C3_YOUNG_ADULT_STUDENT,2024-01-13T19:09:22.131778+00:00,1705172962.13,0100,000519,170517296219,A67366,00,00,051,00,,Y,23,23875.91,2387591,INR,159456.62,184867.78929082368,5814,M_5814_00110
TX_00000519,CARD_000389,607152******7937,IN_PROD_ENTRY_FD_BACKED,C2_FIXED_INCOME_SENIOR,2024-01-13T19:27:14.981431+00:00,1705174034.98,0100,000520,170517403420,A69478,00,00,051,00,,Y,1,1687.0,168700,INR,22443.54,22443.538150288186,5411,M_5411_00015
TX_00000520,CARD_000389,607152******7937,IN_PROD_ENTRY_FD_BACKED,C2_FIXED_INCOME_SENIOR,2024-01-13T19:32:10.599322+00:00,1705174330.6,0100,000521,170517433021,A62792,00,00,012,59,05,Y,8,2451.12,245112,INR,20756.54,22443.538150288186,5411,M_5411_00015
TX_00000521,CARD_000389,607152******7937,IN_PROD_ENTRY_FD_BACKED,C2_FIXED_INCOME_SENIOR,2024-01-13T19:37:38.657124+00:00,1705174658.66,0100,000522,170517465822,A62153,00,00,051,00,,Y,55,549.9,54990,INR,18305.43,22443.538150288186,5411,M_5411_00015
TX_00000522,CARD_000389,607152******7937,IN_PROD_ENTRY_FD_BACKED,C2_FIXED_INCOME_SENIOR,2024-01-13T19:50:36.075130+00:00,1705175436.08,0100,000523,170517543623,A34598,00,00,051,00,,Y,23,780.07,78007,INR,17755.52,22443.538150288186,5411,M_5411_00015
TX_00000523,CARD_000389,607152******7937,IN_PROD_ENTRY_FD_BACKED,C2_FIXED_INCOME_SENIOR,2024-01-13T20:04:50.652287+00:00,1705176290.65,0100,000524,170517629024,A39713,00,00,051,00,,Y,20,898.2,89820,INR,16975.45,22443.538150288186,5411,M_5411_00015
TX_00000524,CARD_000389,607152******7937,IN_PROD_ENTRY_FD_BACKED,C2_FIXED_INCOME_SENIOR,2024-01-13T20:18:25.213847+00:00,1705177105.21,0100,000525,170517710525,A13051,00,00,051,00,,Y,12,333.17,33317,INR,16077.25,22443.538150288186,5411,M_5411_00015
TX_00000525,CARD_000999,607152******9728,IN_PROD_SALARIED_PRIME_REWARDS,C4_SUBURBAN_FAMILY,2024-01-13T20:19:34.105792+00:00,1705177174.11,0100,000526,170517717426,A59759,00,00,071,00,,Y,5,1206.42,120642,INR,242283.07,242283.0728363908,5411,M_5411_00058
TX_00000526,CARD_000999,607152******9728,IN_PROD_SALARIED_PRIME_REWARDS,C4_SUBURBAN_FAMILY,2024-01-13T20:22:35.293137+00:00,1705177355.29,0100,000527,170517735527,A98093,00,00,051,00,,Y,13,1410.7,141070,INR,241076.65,242283.0728363908,5411,M_5411_00058
TX_00000527,CARD_000389,607152******7937,IN_PROD_ENTRY_FD_BACKED,C2_FIXED_INCOME_SENIOR,2024-01-13T20:29:31.311760+00:00,1705177771.31,0100,000528,170517777128,A60540,00,00,071,00,,Y,29,1237.78,123778,INR,15744.08,22443.538150288186,5411,M_5411_00015
TX_00000528,CARD_000389,607152******7937,IN_PROD_ENTRY_FD_BACKED,C2_FIXED_INCOME_SENIOR,2024-01-13T20:39:49.496915+00:00,1705178389.5,0100,000529,170517838929,A40228,00,00,051,00,,Y,22,1848.33,184833,INR,14506.3,22443.538150288186,5411,M_5411_00015
TX_00000529,CARD_000999,607152******9728,IN_PROD_SALARIED_PRIME_REWARDS,C4_SUBURBAN_FAMILY,2024-01-13T20:50:00.551585+00:00,1705179000.55,0100,000530,170517900030,A92170,00,00,071,00,,Y,11,4381.36,438136,INR,239665.95,242283.0728363908,5411,M_5411_00058
TX_00000530,CARD_000389,607152******7937,IN_PROD_ENTRY_FD_BACKED,C2_FIXED_INCOME_SENIOR,2024-01-13T20:55:21.336303+00:00,1705179321.34,0100,000531,170517932131,A78084,00,00,071,00,,Y,19,1406.34,140634,INR,12657.97,22443.538150288186,5411,M_5411_00015
TX_00000531,CARD_000490,607152******4965,IN_PROD_SUPER_PREMIUM_HNI,C6_SMALL_BUSINESS_OWNER,2024-01-13T20:59:27.769675+00:00,1705179567.77,0100,000532,170517956732,A49070,00,00,012,59,05,Y,32,2400.72,240072,INR,3119351.78,3119351.7769899955,6513,M_6513_00005
TX_00000532,CARD_000999,607152******9728,IN_PROD_SALARIED_PRIME_REWARDS,C4_SUBURBAN_FAMILY,2024-01-13T21:03:08.417679+00:00,1705179788.42,0100,000533,170517978833,A28143,00,00,012,59,05,Y,3,14886.62,1488662,INR,235284.59,242283.0728363908,5411,M_5411_00015
TX_00000533,CARD_000999,607152******9728,IN_PROD_SALARIED_PRIME_REWARDS,C4_SUBURBAN_FAMILY,2024-01-13T21:14:52.689407+00:00,1705180492.69,0100,000534,170518049234,A49211,00,00,051,00,,Y,5,2362.43,236243,INR,220397.97,242283.0728363908,5814,M_5814_00069
TX_00000534,CARD_000999,607152******9728,IN_PROD_SALARIED_PRIME_REWARDS,C4_SUBURBAN_FAMILY,2024-01-13T21:24:54.295842+00:00,1705181094.3,0100,000535,170518109435,A21571,00,00,102,59,05,Y,8,1763.41,176341,INR,218035.53,242283.0728363908,5311,M_5311_00079
TX_00000535,CARD_000004,607152******1028,IN_PROD_SUPER_PREMIUM_HNI,C7_LUXURY_AFFLUENT,2024-01-13T22:35:20.683827+00:00,1705185320.68,0100,000536,170518532036,A76770,00,00,102,59,05,Y,28,1243.83,124383,INR,1208909.65,1312062.074041093,5812,M_5812_00021
TX_00000536,CARD_000004,607152******1028,IN_PROD_SUPER_PREMIUM_HNI,C7_LUXURY_AFFLUENT,2024-01-13T22:38:34.769222+00:00,1705185514.77,0100,000537,170518551437,A33385,00,00,012,59,05,Y,56,684.17,68417,INR,1207665.82,1312062.074041093,5812,M_5812_00021
TX_00000537,CARD_000004,607152******1028,IN_PROD_SUPER_PREMIUM_HNI,C7_LUXURY_AFFLUENT,2024-01-13T22:46:57.586278+00:00,1705186017.59,0100,000538,170518601738,,82,82,012,59,05,Y,31,6258.1,625810,INR,1206981.64,1312062.074041093,5999,M_5999_00142
TX_00000538,CARD_000234,607152******9883,IN_PROD_ENTRY_FD_BACKED,C2_FIXED_INCOME_SENIOR,2024-01-14T06:50:54.677639+00:00,1705215054.68,0100,000539,170521505439,,51,51,051,00,,Y,34,38106.35,3810635,INR,17521.59,20551.322574385653,5411,M_5411_00058
TX_00000539,CARD_000635,607152******9962,IN_PROD_SALARIED_PRIME_REWARDS,C5_URBAN_TECH_PROFESSIONAL,2024-01-14T07:42:34.401804+00:00,1705218154.4,0100,000540,170521815440,A67083,00,00,012,59,05,Y,3,5591.79,559179,INR,425877.84,425877.84208758816,5812,M_5812_00021
TX_00000540,CARD_000986,607152******3177,IN_PROD_SALARIED_PRIME_REWARDS,C4_SUBURBAN_FAMILY,2024-01-14T07:47:23.534061+00:00,1705218443.53,0100,000541,170521844341,A27091,00,00,071,00,,Y,21,1790.11,179011,INR,117768.37,117768.37278048745,5411,M_5411_00015
TX_00000541,CARD_000635,607152******9962,IN_PROD_SALARIED_PRIME_REWARDS,C5_URBAN_TECH_PROFESSIONAL,2024-01-14T07:48:02.421130+00:00,1705218482.42,0100,000542,170521848242,A32814,00,00,071,00,,Y,22,2392.66,239266,INR,420286.06,425877.84208758816,5812,M_5812_00021
TX_00000542,CARD_000635,607152******9962,IN_PROD_SALARIED_PRIME_REWARDS,C5_URBAN_TECH_PROFESSIONAL,2024-01-14T07:55:00.240451+00:00,1705218900.24,0100,000543,170521890043,,65,65,071,00,,Y,7,5018.25,501825,INR,417893.39,425877.84208758816,5812,M_5812_00021
TX_00000543,CARD_000969,607152******6431,IN_PROD_ENTRY_FD_BACKED,C2_FIXED_INCOME_SENIOR,2024-01-14T08:35:23.148927+00:00,1705221323.15,0100,000544,170522132344,A28453,00,00,051,00,,Y,36,176.34,17634,INR,33292.64,33292.64098358051,5912,M_5912_00048
TX_00000544,CARD_000969,607152******6431,IN_PROD_ENTRY_FD_BACKED,C2_FIXED_INCOME_SENIOR,2024-01-14T08:51:20.781247+00:00,1705222280.78,0100,000545,170522228045,A20366,00,00,071,00,,Y,10,842.78,84278,INR,33116.3,33292.64098358051,5912,M_5912_00048
TX_00000545,CARD_000969,607152******6431,IN_PROD_ENTRY_FD_BACKED,C2_FIXED_INCOME_SENIOR,2024-01-14T08:58:45.157017+00:00,1705222725.16,0100,000546,170522272546,A35617,00,00,071,00,,Y,6,345.81,34581,INR,32273.52,33292.64098358051,5912,M_5912_00048
TX_00000546,CARD_000969,607152******6431,IN_PROD_ENTRY_FD_BACKED,C2_FIXED_INCOME_SENIOR,2024-01-14T09:23:42.849341+00:00,1705224222.85,0100,000547,170522422247,A85073,00,00,051,00,,Y,26,3907.05,390705,INR,31927.71,33292.64098358051,5812,M_5812_00021
TX_00000547,CARD_000969,607152******6431,IN_PROD_ENTRY_FD_BACKED,C2_FIXED_INCOME_SENIOR,2024-01-14T09:42:35.867116+00:00,1705225355.87,0100,000548,170522535548,A70347,00,00,012,59,05,Y,13,562.42,56242,INR,28020.65,33292.64098358051,5999,M_5999_00142
TX_00000548,CARD_000969,607152******6431,IN_PROD_ENTRY_FD_BACKED,C2_FIXED_INCOME_SENIOR,2024-01-14T10:04:40.894126+00:00,1705226680.89,0100,000549,170522668049,A46015,00,00,051,00,,Y,13,4184.07,418407,INR,27458.23,33292.64098358051,5812,M_5812_00021
TX_00000549,CARD_000969,607152******6431,IN_PROD_ENTRY_FD_BACKED,C2_FIXED_INCOME_SENIOR,2024-01-14T10:16:48.249685+00:00,1705227408.25,0100,000550,170522740850,A37680,00,00,071,00,,Y,13,562.66,56266,INR,23274.16,33292.64098358051,5812,M_5812_00021
TX_00000550,CARD_000838,607152******6556,IN_PROD_SALARIED_PRIME_REWARDS,C4_SUBURBAN_FAMILY,2024-01-14T10:28:16.782907+00:00,1705228096.78,0100,000551,170522809651,A69725,00,00,051,00,,Y,9,2583.04,258304,INR,237052.42,255463.5858540727,5411,M_5411_00015
TX_00000551,CARD_000969,607152******6431,IN_PROD_ENTRY_FD_BACKED,C2_FIXED_INCOME_SENIOR,2024-01-14T10:31:19.669680+00:00,1705228279.67,0100,000552,170522827952,A86879,00,00,051,00,,Y,24,1662.84,166284,INR,22711.5,33292.64098358051,5812,M_5812_00021
TX_00000552,CARD_000838,607152******6556,IN_PROD_SALARIED_PRIME_REWARDS,C4_SUBURBAN_FAMILY,2024-01-14T10:32:51.693734+00:00,1705228371.69,0100,000553,170522837153,A80848,00,00,051,00,,Y,41,902.13,90213,INR,234469.37,255463.5858540727,5411,M_5411_00015
TX_00000553,CARD_000969,607152******6431,IN_PROD_ENTRY_FD_BACKED,C2_FIXED_INCOME_SENIOR,2024-01-14T10:38:14.540350+00:00,1705228694.54,0100,000554,170522869454,A59207,00,00,012,59,05,Y,17,892.54,89254,INR,21048.66,33292.64098358051,5912,M_5912_00042
TX_00000554,CARD_000838,607152******6556,IN_PROD_SALARIED_PRIME_REWARDS,C4_SUBURBAN_FAMILY,2024-01-14T10:51:11.223461+00:00,1705229471.22,0100,000555,170522947155,A47130,00,00,051,00,,Y,14,6582.44,658244,INR,233567.24,255463.5858540727,5411,M_5411_00015
TX_00000555,CARD_000969,607152******6431,IN_PROD_ENTRY_FD_BACKED,C2_FIXED_INCOME_SENIOR,2024-01-14T10:51:24.362119+00:00,1705229484.36,0100,000556,170522948456,A32940,00,00,071,00,,Y,57,744.72,74472,INR,20156.12,33292.64098358051,5812,M_5812_00021
TX_00000556,CARD_000838,607152******6556,IN_PROD_SALARIED_PRIME_REWARDS,C4_SUBURBAN_FAMILY,2024-01-14T11:03:00.484361+00:00,1705230180.48,0100,000557,170523018057,A96470,00,00,012,59,05,Y,42,2613.45,261345,INR,226984.8,255463.5858540727,5411,M_5411_00073
TX_00000557,CARD_000973,607152******3861,IN_PROD_SALARIED_PRIME_REWARDS,C5_URBAN_TECH_PROFESSIONAL,2024-01-14T12:07:13.740554+00:00,1705234033.74,0100,000558,170523403358,A81812,00,00,071,00,,Y,21,1340.14,134014,INR,442338.05,442338.04857612145,5812,M_5812_00021
TX_00000558,CARD_000973,607152******3861,IN_PROD_SALARIED_PRIME_REWARDS,C5_URBAN_TECH_PROFESSIONAL,2024-01-14T12:10:44.634452+00:00,1705234244.63,0100,000559,170523424459,,57,57,012,59,07,N,18,1445.3,144530,INR,440997.91,442338.04857612145,5814,M_5814_00110
TX_00000559,CARD_000973,607152******3861,IN_PROD_SALARIED_PRIME_REWARDS,C5_URBAN_TECH_PROFESSIONAL,2024-01-14T12:34:03.457447+00:00,1705235643.46,0100,000560,170523564360,A32166,00,00,071,00,,Y,7,2747.74,274774,INR,440997.91,442338.04857612145,5812,M_5812_00081
TX_00000560,CARD_000973,607152******3861,IN_PROD_SALARIED_PRIME_REWARDS,C5_URBAN_TECH_PROFESSIONAL,2024-01-14T12:38:12.405747+00:00,1705235892.41,0100,000561,170523589261,,57,57,012,59,07,N,10,4377.52,437752,INR,438250.16,442338.04857612145,6051,M_6051_00023
TX_00000561,CARD_000973,607152******3861,IN_PROD_SALARIED_PRIME_REWARDS,C5_URBAN_TECH_PROFESSIONAL,2024-01-14T12:52:56.176127+00:00,1705236776.18,0100,000562,170523677662,,57,57,012,59,07,N,24,1412.37,141237,INR,438250.16,442338.04857612145,4816,M_4816_00011
TX_00000562,CARD_000814,607152******4909,IN_PROD_SALARIED_PRIME_REWARDS,C5_URBAN_TECH_PROFESSIONAL,2024-01-14T15:42:04.716392+00:00,1705246924.72,0100,000563,170524692463,A26580,00,00,071,00,,Y,47,3939.8,393980,INR,386371.98,389757.88403080095,5411,M_5411_00149
TX_00000563,CARD_000058,607152******3265,IN_PROD_SUPER_PREMIUM_HNI,C7_LUXURY_AFFLUENT,2024-01-14T15:58:08.277974+00:00,1705247888.28,0100,000564,170524788864,A31549,00,00,071,00,,Y,12,1730.31,173031,INR,1269898.88,1269898.8801982354,5411,M_5411_00015
TX_00000564,CARD_000626,607152******4530,IN_PROD_SALARIED_PRIME_REWARDS,C2_FIXED_INCOME_SENIOR,2024-01-14T16:02:00.870164+00:00,1705248120.87,0100,000565,170524812065,A84080,00,00,071,00,,Y,18,1684.2,168420,INR,402691.58,402691.5819908323,5411,M_5411_00058
TX_00000565,CARD_000229,607152******2585,IN_PROD_SUPER_PREMIUM_HNI,C6_SMALL_BUSINESS_OWNER,2024-01-14T16:12:57.688684+00:00,1705248777.69,0100,000566,170524877766,A65161,00,00,051,00,,Y,8,5647.44,564744,INR,2898364.15,2984096.2109216754,5411,M_5411_00058
TX_00000566,CARD_000187,607152******1182,IN_PROD_SALARIED_PRIME_REWARDS,C2_FIXED_INCOME_SENIOR,2024-01-14T20:19:41.593396+00:00,1705263581.59,0100,000567,170526358167,A71269,00,00,051,00,,Y,2,565.88,56588,INR,61736.68,61736.68261836293,5999,M_5999_00142
TX_00000567,CARD_000051,607152******3244,IN_PROD_SALARIED_PRIME_REWARDS,C4_SUBURBAN_FAMILY,2024-01-15T04:40:35.252045+00:00,1705293635.25,0100,000568,170529363568,A17963,00,00,051,00,,Y,9,632.12,63212,INR,225325.03,225325.03237286862,5542,M_5542_00053
TX_00000568,CARD_000051,607152******3244,IN_PROD_SALARIED_PRIME_REWARDS,C4_SUBURBAN_FAMILY,2024-01-15T04:44:23.873089+00:00,1705293863.87,0100,000569,170529386369,A32586,00,00,071,00,,Y,27,1109.13,110913,INR,224692.91,225325.03237286862,5542,M_5542_00053
TX_00000569,CARD_000638,607152******9476,IN_PROD_SALARIED_PRIME_REWARDS,C3_YOUNG_ADULT_STUDENT,2024-01-15T07:25:10.326474+00:00,1705303510.33,0100,000570,170530351070,,57,57,102,59,07,N,37,551.6,55160,INR,335602.48,335602.4759922413,5912,M_5912_00117
TX_00000570,CARD_000331,607152******1204,IN_PROD_SALARIED_PRIME_REWARDS,C4_SUBURBAN_FAMILY,2024-01-15T08:03:25.599209+00:00,1705305805.6,0100,000571,170530580571,,82,82,012,59,05,Y,3,5015.94,501594,INR,434142.53,434142.5331820382,5411,M_5411_00015
TX_00000571,CARD_000109,607152******1210,IN_PROD_SALARIED_PRIME_REWARDS,C5_URBAN_TECH_PROFESSIONAL,2024-01-15T08:15:40.678442+00:00,1705306540.68,0100,000572,170530654072,A94860,00,00,012,59,05,Y,7,1969.77,196977,INR,190729.62,190729.62350613903,5814,M_5814_00148
TX_00000572,CARD_000799,607152******1147,IN_PROD_SALARIED_PRIME_REWARDS,C2_FIXED_INCOME_SENIOR,2024-01-15T08:31:32.956143+00:00,1705307492.96,0100,000573,170530749273,A40680,00,00,071,00,,Y,18,1257.16,125716,INR,243102.14,254421.4070127074,5411,M_5411_00074
TX_00000573,CARD_000406,607152******2913,IN_PROD_SUPER_PREMIUM_HNI,C7_LUXURY_AFFLUENT,2024-01-15T09:31:07.295437+00:00,1705311067.3,0100,000574,170531106774,,65,65,071,00,,Y,25,11349.59,1134959,INR,4550261.58,4550261.576532751,5812,M_5812_00021
TX_00000574,CARD_000079,607152******7693,IN_PROD_SALARIED_PRIME_REWARDS,C4_SUBURBAN_FAMILY,2024-01-15T11:36:29.762971+00:00,1705318589.76,0100,000575,170531858975,,57,57,012,59,07,N,12,2628.45,262845,INR,288554.08,288554.0806881627,5999,M_5999_00142
TX_00000575,CARD_000015,607152******4178,IN_PROD_SALARIED_PRIME_REWARDS,C5_URBAN_TECH_PROFESSIONAL,2024-01-15T12:04:38.567399+00:00,1705320278.57,0100,000576,170532027876,A85892,00,00,071,00,,Y,15,2630.58,263058,INR,244081.14,244081.1427353762,5912,M_5912_00048
TX_00000576,CARD_000015,607152******4178,IN_PROD_SALARIED_PRIME_REWARDS,C5_URBAN_TECH_PROFESSIONAL,2024-01-15T12:30:48.979136+00:00,1705321848.98,0100,000577,170532184877,A14088,00,00,071,00,,Y,43,673.04,67304,INR,241450.56,244081.1427353762,5912,M_5912_00048
TX_00000577,CARD_000015,607152******4178,IN_PROD_SALARIED_PRIME_REWARDS,C5_URBAN_TECH_PROFESSIONAL,2024-01-15T12:45:47.744773+00:00,1705322747.74,0100,000578,170532274778,A47882,00,00,071,00,,Y,16,1630.95,163095,INR,240777.52,244081.1427353762,5912,M_5912_00048
TX_00000578,CARD_000015,607152******4178,IN_PROD_SALARIED_PRIME_REWARDS,C5_URBAN_TECH_PROFESSIONAL,2024-01-15T12:58:46.730449+00:00,1705323526.73,0100,000579,170532352679,A73799,00,00,071,00,,Y,28,183.3,18330,INR,239146.57,244081.1427353762,5912,M_5912_00048
TX_00000579,CARD_000221,607152******2678,IN_PROD_SALARIED_PRIME_REWARDS,C3_YOUNG_ADULT_STUDENT,2024-01-15T13:00:07.919869+00:00,1705323607.92,0100,000580,170532360780,A97222,00,00,071,00,,Y,7,1406.93,140693,INR,153267.33,153267.328456353,5814,M_5814_00056
TX_00000580,CARD_000221,607152******2678,IN_PROD_SALARIED_PRIME_REWARDS,C3_YOUNG_ADULT_STUDENT,2024-01-15T13:02:37.911914+00:00,1705323757.91,0100,000581,170532375781,,57,57,102,59,07,N,42,514.83,51483,INR,151860.39,153267.328456353,5812,M_5812_00021
TX_00000581,CARD_000015,607152******4178,IN_PROD_SALARIED_PRIME_REWARDS,C5_URBAN_TECH_PROFESSIONAL,2024-01-15T13:06:34.250702+00:00,1705323994.25,0100,000582,170532399482,A16231,00,00,012,59,05,Y,3,1608.61,160861,INR,238963.27,244081.1427353762,5814,M_5814_00066
TX_00000582,CARD_000015,607152******4178,IN_PROD_SALARIED_PRIME_REWARDS,C5_URBAN_TECH_PROFESSIONAL,2024-01-15T13:32:44.960523+00:00,1705325564.96,0100,000583,170532556483,A54442,00,00,012,59,05,Y,30,3443.17,344317,INR,237354.66,244081.1427353762,5812,M_5812_00021
TX_00000583,CARD_000015,607152******4178,IN_PROD_SALARIED_PRIME_REWARDS,C5_URBAN_TECH_PROFESSIONAL,2024-01-15T13:44:30.955299+00:00,1705326270.96,0100,000584,170532627084,A95224,00,00,071,00,,Y,28,2022.99,202299,INR,233911.5,244081.1427353762,5814,M_5814_00140
TX_00000584,CARD_000015,607152******4178,IN_PROD_SALARIED_PRIME_REWARDS,C5_URBAN_TECH_PROFESSIONAL,2024-01-15T14:04:26.621689+00:00,1705327466.62,0100,000585,170532746685,,65,65,071,00,,Y,28,1855.27,185527,INR,231888.5,244081.1427353762,5814,M_5814_00140
TX_00000585,CARD_000015,607152******4178,IN_PROD_SALARIED_PRIME_REWARDS,C5_URBAN_TECH_PROFESSIONAL,2024-01-15T14:18:34.424411+00:00,1705328314.42,0100,000586,170532831486,A91271,00,00,012,59,05,Y,12,2173.09,217309,INR,231888.5,244081.1427353762,5814,M_5814_00066
TX_00000586,CARD_000015,607152******4178,IN_PROD_SALARIED_PRIME_REWARDS,C5_URBAN_TECH_PROFESSIONAL,2024-01-15T14:43:42.696829+00:00,1705329822.7,0100,000587,170532982287,A10793,00,00,102,59,05,Y,5,891.64,89164,INR,229715.41,244081.1427353762,5814,M_5814_00066
TX_00000587,CARD_000015,607152******4178,IN_PROD_SALARIED_PRIME_REWARDS,C5_URBAN_TECH_PROFESSIONAL,2024-01-15T14:45:54.275228+00:00,1705329954.28,0100,000588,170532995488,,63,63,102,59,07,N,17,2125.78,212578,INR,228823.77,244081.1427353762,5411,M_5411_00035
TX_00000588,CARD_000860,607152******8354,IN_PROD_ENTRY_FD_BACKED,C2_FIXED_INCOME_SENIOR,2024-01-15T16:25:31.901825+00:00,1705335931.9,0100,000589,170533593189,A59429,00,00,051,00,,Y,21,1732.27,173227,INR,31712.41,31712.410007321454,5814,M_5814_00066
TX_00000589,CARD_000618,607152******7198,IN_PROD_SALARIED_PRIME_REWARDS,C3_YOUNG_ADULT_STUDENT,2024-01-15T16:57:14.681289+00:00,1705337834.68,0100,000590,170533783490,A81499,00,00,051,00,,Y,8,1815.16,181516,INR,410610.66,410610.6641497221,5812,M_5812_00021
TX_00000590,CARD_000618,607152******7198,IN_PROD_SALARIED_PRIME_REWARDS,C3_YOUNG_ADULT_STUDENT,2024-01-15T17:01:43.719704+00:00,1705338103.72,0100,000591,170533810391,A18436,00,00,051,00,,Y,24,494.99,49499,INR,408795.5,410610.6641497221,5812,M_5812_00021
TX_00000591,CARD_000053,607152******9211,IN_PROD_SALARIED_PRIME_REWARDS,C4_SUBURBAN_FAMILY,2024-01-15T18:04:44.791005+00:00,1705341884.79,0100,000592,170534188492,A88571,00,00,051,00,,Y,10,1709.6,170960,INR,119046.41,119046.40515329722,5999,M_5999_00142
TX_00000592,CARD_000053,607152******9211,IN_PROD_SALARIED_PRIME_REWARDS,C4_SUBURBAN_FAMILY,2024-01-15T18:17:19.151586+00:00,1705342639.15,0100,000593,170534263993,A17083,00,00,071,00,,Y,19,2803.96,280396,INR,117336.8,119046.40515329722,5999,M_5999_00142
TX_00000593,CARD_000053,607152******9211,IN_PROD_SALARIED_PRIME_REWARDS,C4_SUBURBAN_FAMILY,2024-01-15T18:29:06.111194+00:00,1705343346.11,0100,000594,170534334694,A98340,00,00,071,00,,Y,40,1634.22,163422,INR,114532.85,119046.40515329722,5999,M_5999_00142
TX_00000594,CARD_000053,607152******9211,IN_PROD_SALARIED_PRIME_REWARDS,C4_SUBURBAN_FAMILY,2024-01-15T18:37:20.283930+00:00,1705343840.28,0100,000595,170534384095,A43564,00,00,051,00,,Y,16,2520.36,252036,INR,112898.63,119046.40515329722,5999,M_5999_00142
TX_00000595,CARD_000053,607152******9211,IN_PROD_SALARIED_PRIME_REWARDS,C4_SUBURBAN_FAMILY,2024-01-15T18:39:39.103200+00:00,1705343979.1,0100,000596,170534397996,A43106,00,00,071,00,,Y,31,1619.76,161976,INR,110378.26,119046.40515329722,5999,M_5999_00142
TX_00000596,CARD_000341,607152******3482,IN_PROD_SALARIED_PRIME_REWARDS,C4_SUBURBAN_FAMILY,2024-01-15T18:39:40.798079+00:00,1705343980.8,0100,000597,170534398097,A76452,00,00,071,00,,Y,14,1789.41,178941,INR,143793.38,143793.38075009128,5411,M_5411_00127
TX_00000597,CARD_000341,607152******3482,IN_PROD_SALARIED_PRIME_REWARDS,C4_SUBURBAN_FAMILY,2024-01-15T18:42:04.889777+00:00,1705344124.89,0100,000598,170534412498,A99356,00,00,012,59,05,Y,12,2437.64,243764,INR,142003.97,143793.38075009128,5812,M_5812_00021
TX_00000598,CARD_000655,607152******7495,IN_PROD_SUPER_PREMIUM_HNI,C7_LUXURY_AFFLUENT,2024-01-15T18:53:35.501270+00:00,1705344815.5,0100,000599,170534481599,,57,57,012,59,07,N,7,5548.15,554815,INR,3144771.01,3144771.006746486,5912,M_5912_00054
TX_00000599,CARD_000053,607152******9211,IN_PROD_SALARIED_PRIME_REWARDS,C4_SUBURBAN_FAMILY,2024-01-15T18:55:39.966568+00:00,1705344939.97,0100,000600,170534493900,,65,65,071,00,,Y,17,8179.82,817982,INR,108758.51,119046.40515329722,5999,M_5999_00142
TX_00000600,CARD_000795,607152******8958,IN_PROD_SALARIED_PRIME_REWARDS,C4_SUBURBAN_FAMILY,2024-01-15T19:12:19.728881+00:00,1705345939.73,0100,000601,170534593901,A16302,00,00,071,00,,Y,23,2096.48,209648,INR,137013.69,144349.09066420374,5542,M_5542_00053
TX_00000601,CARD_000109,607152******1210,IN_PROD_SALARIED_PRIME_REWARDS,C5_URBAN_TECH_PROFESSIONAL,2024-01-15T19:16:25.280643+00:00,1705346185.28,0100,000602,170534618502,A33831,00,00,012,59,05,Y,27,1773.98,177398,INR,188759.85,190729.62350613903,4816,M_4816_00011
TX_00000602,CARD_000109,607152******1210,IN_PROD_SALARIED_PRIME_REWARDS,C5_URBAN_TECH_PROFESSIONAL,2024-01-15T19:20:49.599720+00:00,1705346449.6,0100,000603,170534644903,A72025,00,00,051,00,,Y,5,460.63,46063,INR,186985.87,190729.62350613903,5411,M_5411_00073
TX_00000603,CARD_000795,607152******8958,IN_PROD_SALARIED_PRIME_REWARDS,C4_SUBURBAN_FAMILY,2024-01-15T19:32:44.989118+00:00,1705347164.99,0100,000604,170534716404,A86618,00,00,051,00,,Y,17,2480.58,248058,INR,134917.2,144349.09066420374,5542,M_5542_00053
TX_00000604,CARD_000109,607152******1210,IN_PROD_SALARIED_PRIME_REWARDS,C5_URBAN_TECH_PROFESSIONAL,2024-01-15T19:36:16.476271+00:00,1705347376.48,0100,000605,170534737605,A93787,00,00,051,00,,Y,20,5358.25,535825,INR,186525.24,190729.62350613903,5411,M_5411_00073
TX_00000605,CARD_000484,607152******8340,IN_PROD_SUPER_PREMIUM_HNI,C6_SMALL_BUSINESS_OWNER,2024-01-15T19:42:53.681955+00:00,1705347773.68,0100,000606,170534777306,A60106,00,00,102,59,05,Y,33,1850.45,185045,INR,4261198.18,4272961.258365275,5812,M_5812_00021
TX_00000606,CARD_000109,607152******1210,IN_PROD_SALARIED_PRIME_REWARDS,C5_URBAN_TECH_PROFESSIONAL,2024-01-15T19:49:18.384703+00:00,1705348158.38,0100,000607,170534815807,A55816,00,00,102,59,05,Y,4,1337.12,133712,INR,181166.99,190729.62350613903,5812,M_5812_00021
TX_00000607,CARD_000603,607152******7116,IN_PROD_SALARIED_PRIME_REWARDS,C4_SUBURBAN_FAMILY,2024-01-15T19:51:31.279279+00:00,1705348291.28,0100,000608,170534829108,A94480,00,00,051,00,,Y,19,1145.7,114570,INR,167677.16,167677.15912027907,5541,M_5541_00113
TX_00000608,CARD_000795,607152******8958,IN_PROD_SALARIED_PRIME_REWARDS,C4_SUBURBAN_FAMILY,2024-01-15T19:52:53.435597+00:00,1705348373.44,0100,000609,170534837309,,57,57,012,59,07,N,45,1024.34,102434,INR,132436.62,144349.09066420374,5311,M_5311_00020
TX_00000609,CARD_000795,607152******8958,IN_PROD_SALARIED_PRIME_REWARDS,C4_SUBURBAN_FAMILY,2024-01-15T20:17:44.476185+00:00,1705349864.48,0100,000610,170534986410,A28406,00,00,071,00,,Y,42,1280.96,128096,INR,132436.62,144349.09066420374,5411,M_5411_00015
TX_00000610,CARD_000181,607152******5151,IN_PROD_SALARIED_PRIME_REWARDS,C4_SUBURBAN_FAMILY,2024-01-15T20:55:22.807860+00:00,1705352122.81,0100,000611,170535212211,,57,57,012,59,07,N,21,1278.7,127870,INR,266999.63,266999.6327817234,5912,M_5912_00101
TX_00000611,CARD_000833,607152******8735,IN_PROD_SUPER_PREMIUM_HNI,C6_SMALL_BUSINESS_OWNER,2024-01-16T00:34:42.775372+00:00,1705365282.78,0100,000612,170536528212,,65,65,071,00,,Y,43,7556.0,755600,INR,2878246.87,3167855.306608952,5944,M_5944_00072
TX_00000612,CARD_000340,607152******5682,IN_PROD_SALARIED_PRIME_REWARDS,C4_SUBURBAN_FAMILY,2024-01-16T06:51:32.344159+00:00,1705387892.34,0100,000613,170538789213,,65,65,071,00,,Y,4,10000.0,1000000,INR,191508.95,191508.95079461188,5812,M_5812_00071
TX_00000613,CARD_000137,607152******1347,IN_PROD_SALARIED_PRIME_REWARDS,C4_SUBURBAN_FAMILY,2024-01-16T07:56:36.849418+00:00,1705391796.85,0100,000614,170539179614,A85167,00,00,102,59,05,Y,18,3005.67,300567,INR,184891.42,198693.996668551,5814,M_5814_00066
TX_00000614,CARD_000137,607152******1347,IN_PROD_SALARIED_PRIME_REWARDS,C4_SUBURBAN_FAMILY,2024-01-16T07:59:20.604119+00:00,1705391960.6,0100,000615,170539196015,A56618,00,00,051,00,,Y,35,6407.53,640753,INR,181885.75,198693.996668551,5542,M_5542_00053
TX_00000615,CARD_000804,607152******8963,IN_PROD_SALARIED_PRIME_REWARDS,C3_YOUNG_ADULT_STUDENT,2024-01-16T08:26:55.446130+00:00,1705393615.45,0100,000616,170539361516,A56216,00,00,051,00,,Y,43,19392.83,1939283,INR,298238.86,298238.85532660084,5812,M_5812_00021
TX_00000616,CARD_000804,607152******8963,IN_PROD_SALARIED_PRIME_REWARDS,C3_YOUNG_ADULT_STUDENT,2024-01-16T08:29:07.847858+00:00,1705393747.85,0100,000617,170539374717,A13772,00,00,051,00,,Y,39,14508.53,1450853,INR,278846.03,298238.85532660084,5812,M_5812_00021
TX_00000617,CARD_000850,607152******9140,IN_PROD_SUPER_PREMIUM_HNI,C6_SMALL_BUSINESS_OWNER,2024-01-16T08:33:34.436669+00:00,1705394014.44,0100,000618,170539401418,A17346,00,00,102,59,05,Y,40,3585.36,358536,INR,1749216.53,2136920.031716344,5411,M_5411_00127
TX_00000618,CARD_000518,607152******7183,IN_PROD_SALARIED_PRIME_REWARDS,C5_URBAN_TECH_PROFESSIONAL,2024-01-16T09:19:12.134873+00:00,1705396752.13,0100,000619,170539675219,A23067,00,00,012,59,05,Y,28,1320.17,132017,INR,205103.13,220440.89442919003,5812,M_5812_00107
TX_00000619,CARD_000518,607152******7183,IN_PROD_SALARIED_PRIME_REWARDS,C5_URBAN_TECH_PROFESSIONAL,2024-01-16T09:25:06.414250+00:00,1705397106.41,0100,000620,170539710620,A69550,00,00,051,00,,Y,30,1536.11,153611,INR,203782.96,220440.89442919003,5812,M_5812_00067
TX_00000620,CARD_000671,607152******3973,IN_PROD_SALARIED_PRIME_REWARDS,C4_SUBURBAN_FAMILY,2024-01-16T11:32:08.471881+00:00,1705404728.47,0100,000621,170540472821,,65,65,071,00,,Y,9,10000.0,1000000,INR,308739.16,343343.5346043736,5812,M_5812_00081
TX_00000621,CARD_000671,607152******3973,IN_PROD_SALARIED_PRIME_REWARDS,C4_SUBURBAN_FAMILY,2024-01-16T12:01:25.339579+00:00,1705406485.34,0100,000622,170540648522,A31681,00,00,051,00,,Y,22,936.58,93658,INR,308739.16,343343.5346043736,5411,M_5411_00036
TX_00000622,CARD_000367,607152******1635,IN_PROD_SUPER_PREMIUM_HNI,C6_SMALL_BUSINESS_OWNER,2024-01-16T12:19:44.271093+00:00,1705407584.27,0100,000623,170540758423,A78055,00,00,051,00,,Y,18,2794.63,279463,INR,2216589.97,2216589.965678647,5999,M_5999_00142
TX_00000623,CARD_000671,607152******3973,IN_PROD_SALARIED_PRIME_REWARDS,C4_SUBURBAN_FAMILY,2024-01-16T12:20:36.037951+00:00,1705407636.04,0100,000624,170540763624,A56673,00,00,071,00,,Y,23,2709.78,270978,INR,307802.59,343343.5346043736,5411,M_5411_00036
TX_00000624,CARD_000671,607152******3973,IN_PROD_SALARIED_PRIME_REWARDS,C4_SUBURBAN_FAMILY,2024-01-16T12:45:28.482721+00:00,1705409128.48,0100,000625,170540912825,A79191,00,00,051,00,,Y,18,694.58,69458,INR,305092.8,343343.5346043736,5411,M_5411_00036
TX_00000625,CARD_000671,607152******3973,IN_PROD_SALARIED_PRIME_REWARDS,C4_SUBURBAN_FAMILY,2024-01-16T13:04:44.094016+00:00,1705410284.09,0100,000626,170541028426,,82,82,012,59,05,Y,9,833.34,83334,INR,304398.23,343343.5346043736,5311,M_5311_00116
TX_00000626,CARD_000723,607152******2222,IN_PROD_SALARIED_PRIME_REWARDS,C4_SUBURBAN_FAMILY,2024-01-16T13:05:34.721650+00:00,1705410334.72,0100,000627,170541033427,A87935,00,00,012,59,05,Y,16,12429.14,1242914,INR,323767.51,323767.5142407965,5411,M_5411_00058
TX_00000627,CARD_000723,607152******2222,IN_PROD_SALARIED_PRIME_REWARDS,C4_SUBURBAN_FAMILY,2024-01-16T13:16:16.389069+00:00,1705410976.39,0100,000628,170541097628,A64429,00,00,051,00,,Y,9,127.92,12792,INR,311338.38,323767.5142407965,5812,M_5812_00021
TX_00000628,CARD_000591,607152******1958,IN_PROD_ENTRY_FD_BACKED,C1_HOURLY_GIG_WORKER,2024-01-16T14:29:54.219120+00:00,1705415394.22,0100,000629,170541539429,A42527,00,00,071,00,,Y,19,218.32,21832,INR,30221.95,30221.945247566317,5411,M_5411_00015
TX_00000629,CARD_000591,607152******1958,IN_PROD_ENTRY_FD_BACKED,C1_HOURLY_GIG_WORKER,2024-01-16T14:48:26.143960+00:00,1705416506.14,0100,000630,170541650630,A22263,00,00,071,00,,Y,26,420.04,42004,INR,30003.62,30221.945247566317,5411,M_5411_00015
TX_00000630,CARD_000591,607152******1958,IN_PROD_ENTRY_FD_BACKED,C1_HOURLY_GIG_WORKER,2024-01-16T15:11:05.439289+00:00,1705417865.44,0100,000631,170541786531,A62769,00,00,051,00,,Y,20,387.55,38755,INR,29583.58,30221.945247566317,5411,M_5411_00015
TX_00000631,CARD_000277,607152******1220,IN_PROD_SALARIED_PRIME_REWARDS,C4_SUBURBAN_FAMILY,2024-01-16T15:20:19.950876+00:00,1705418419.95,0100,000632,170541841932,,57,57,102,59,07,N,2,3426.62,342662,INR,411836.51,411836.5067953711,5411,M_5411_00097
TX_00000632,CARD_000591,607152******1958,IN_PROD_ENTRY_FD_BACKED,C1_HOURLY_GIG_WORKER,2024-01-16T15:24:54.832580+00:00,1705418694.83,0100,000633,170541869433,A35135,00,00,102,59,05,Y,32,902.09,90209,INR,29196.02,30221.945247566317,5912,M_5912_00091
TX_00000633,CARD_000819,607152******1630,IN_PROD_SALARIED_PRIME_REWARDS,C3_YOUNG_ADULT_STUDENT,2024-01-16T15:29:20.639754+00:00,1705418960.64,0100,000634,170541896034,A16762,00,00,012,59,05,Y,34,444.12,44412,INR,196903.9,196903.90326606546,5812,M_5812_00021
TX_00000634,CARD_000819,607152******1630,IN_PROD_SALARIED_PRIME_REWARDS,C3_YOUNG_ADULT_STUDENT,2024-01-16T15:31:11.861467+00:00,1705419071.86,0100,000635,170541907135,A64141,00,00,102,59,05,Y,34,195.4,19540,INR,196459.78,196903.90326606546,5912,M_5912_00105
TX_00000635,CARD_000521,607152******7444,IN_PROD_SALARIED_PRIME_REWARDS,C5_URBAN_TECH_PROFESSIONAL,2024-01-16T16:08:21.378253+00:00,1705421301.38,0100,000636,170542130136,A48014,00,00,071,00,,Y,12,1158.03,115803,INR,197878.19,197878.1946954131,5814,M_5814_00118
TX_00000636,CARD_000836,607152******1352,IN_PROD_SALARIED_PRIME_REWARDS,C4_SUBURBAN_FAMILY,2024-01-17T04:55:55.231992+00:00,1705467355.23,0100,000637,170546735537,A30976,00,00,051,00,,Y,9,2436.99,243699,INR,249052.62,273648.86011889053,5542,M_5542_00077
TX_00000637,CARD_000836,607152******1352,IN_PROD_SALARIED_PRIME_REWARDS,C4_SUBURBAN_FAMILY,2024-01-17T04:58:29.528016+00:00,1705467509.53,0100,000638,170546750938,A60791,00,00,012,59,05,Y,13,2093.78,209378,INR,246615.63,273648.86011889053,5411,M_5411_00051
TX_00000638,CARD_000922,607152******7349,IN_PROD_SALARIED_PRIME_REWARDS,C5_URBAN_TECH_PROFESSIONAL,2024-01-17T08:41:45.934388+00:00,1705480905.93,0100,000639,170548090539,A11868,00,00,102,59,05,Y,3,763.46,76346,INR,353842.16,353842.1622516535,5944,M_5944_00002
TX_00000639,CARD_000994,607152******4628,IN_PROD_SALARIED_PRIME_REWARDS,C5_URBAN_TECH_PROFESSIONAL,2024-01-17T11:56:31.530635+00:00,1705492591.53,0100,000640,170549259140,A11449,00,00,102,59,05,Y,23,1404.73,140473,INR,231045.82,231045.8229240803,5812,M_5812_00081
TX_00000640,CARD_000639,607152******1055,IN_PROD_SALARIED_PRIME_REWARDS,C5_URBAN_TECH_PROFESSIONAL,2024-01-17T12:10:43.457930+00:00,1705493443.46,0100,000641,170549344341,,57,57,012,59,07,N,2,1393.44,139344,INR,88236.4,91997.79879050338,5814,M_5814_00066
TX_00000641,CARD_000889,607152******2441,IN_PROD_SALARIED_PRIME_REWARDS,C5_URBAN_TECH_PROFESSIONAL,2024-01-17T12:43:35.443880+00:00,1705495415.44,0100,000642,170549541542,A38769,00,00,012,59,05,Y,6,1751.33,175133,INR,83025.71,89157.71265409669,5411,M_5411_00098
TX_00000642,CARD_000889,607152******2441,IN_PROD_SALARIED_PRIME_REWARDS,C5_URBAN_TECH_PROFESSIONAL,2024-01-17T12:50:40.994938+00:00,1705495840.99,0100,000643,170549584043,A39218,00,00,102,59,05,Y,6,2746.77,274677,INR,81274.39,89157.71265409669,5411,M_5411_00025
TX_00000643,CARD_000303,607152******3997,IN_PROD_SUPER_PREMIUM_HNI,C7_LUXURY_AFFLUENT,2024-01-17T12:54:30.446023+00:00,1705496070.45,0100,000644,170549607044,A20976,00,00,102,59,05,Y,62,2386.03,238603,INR,4429152.5,4429152.504589558,5814,M_5814_00066
TX_00000644,CARD_000889,607152******2441,IN_PROD_SALARIED_PRIME_REWARDS,C5_URBAN_TECH_PROFESSIONAL,2024-01-17T12:58:42.524384+00:00,1705496322.52,0100,000645,170549632245,A13991,00,00,102,59,05,Y,22,7894.55,789455,INR,78527.62,89157.71265409669,5812,M_5812_00021
TX_00000645,CARD_000889,607152******2441,IN_PROD_SALARIED_PRIME_REWARDS,C5_URBAN_TECH_PROFESSIONAL,2024-01-17T13:01:45.223148+00:00,1705496505.22,0100,000646,170549650546,A38071,00,00,102,59,05,Y,6,863.69,86369,INR,70633.06,89157.71265409669,5812,M_5812_00021
TX_00000646,CARD_000889,607152******2441,IN_PROD_SALARIED_PRIME_REWARDS,C5_URBAN_TECH_PROFESSIONAL,2024-01-17T13:02:38.670091+00:00,1705496558.67,0100,000647,170549655847,A37185,00,00,102,59,05,Y,25,1506.93,150693,INR,69769.37,89157.71265409669,4816,M_4816_00100
TX_00000647,CARD_000889,607152******2441,IN_PROD_SALARIED_PRIME_REWARDS,C5_URBAN_TECH_PROFESSIONAL,2024-01-17T13:03:59.311016+00:00,1705496639.31,0100,000648,170549663948,A58596,00,00,102,59,05,Y,35,597.47,59747,INR,68262.44,89157.71265409669,5812,M_5812_00021
TX_00000648,CARD_000889,607152******2441,IN_PROD_SALARIED_PRIME_REWARDS,C5_URBAN_TECH_PROFESSIONAL,2024-01-17T13:11:40.845548+00:00,1705497100.85,0100,000649,170549710049,A89260,00,00,102,59,05,Y,8,1095.5,109550,INR,67664.97,89157.71265409669,5814,M_5814_00066
TX_00000649,CARD_000578,607152******7319,IN_PROD_SALARIED_PRIME_REWARDS,C4_SUBURBAN_FAMILY,2024-01-17T13:14:38.150600+00:00,1705497278.15,0100,000650,170549727850,A67963,00,00,051,00,,Y,14,2211.55,221155,INR,171697.86,171697.8611846207,5812,M_5812_00145
TX_00000650,CARD_000493,607152******8089,IN_PROD_SALARIED_PRIME_REWARDS,C5_URBAN_TECH_PROFESSIONAL,2024-01-17T13:25:48.456621+00:00,1705497948.46,0100,000651,170549794851,A85533,00,00,102,59,05,Y,14,2525.74,252574,INR,109036.99,109036.98839655287,5814,M_5814_00147
TX_00000651,CARD_000455,607152******6130,IN_PROD_SUPER_PREMIUM_HNI,C6_SMALL_BUSINESS_OWNER,2024-01-17T13:50:05.005551+00:00,1705499405.01,0100,000652,170549940552,A41867,00,00,051,00,,Y,32,20146.12,2014612,INR,3677307.72,4009524.4097372238,5812,M_5812_00102
TX_00000652,CARD_000725,607152******6853,IN_PROD_SUPER_PREMIUM_HNI,C6_SMALL_BUSINESS_OWNER,2024-01-17T14:54:02.420631+00:00,1705503242.42,0100,000653,170550324253,,65,65,071,00,,Y,26,5122.53,512253,INR,2459074.83,2707430.394381981,5411,M_5411_00036
TX_00000653,CARD_000781,607152******3551,IN_PROD_SALARIED_PRIME_REWARDS,C4_SUBURBAN_FAMILY,2024-01-17T19:06:55.982863+00:00,1705518415.98,0100,000654,170551841554,A41007,00,00,051,00,,Y,22,464.45,46445,INR,222459.74,222459.73631208367,5812,M_5812_00107
TX_00000654,CARD_000781,607152******3551,IN_PROD_SALARIED_PRIME_REWARDS,C4_SUBURBAN_FAMILY,2024-01-17T19:11:56.147878+00:00,1705518716.15,0100,000655,170551871655,,57,57,012,59,07,N,13,10000.0,1000000,INR,221995.29,222459.73631208367,5999,M_5999_00142
TX_00000655,CARD_000781,607152******3551,IN_PROD_SALARIED_PRIME_REWARDS,C4_SUBURBAN_FAMILY,2024-01-17T19:22:40.095004+00:00,1705519360.1,0100,000656,170551936056,A36598,00,00,071,00,,Y,28,4554.87,455487,INR,221995.29,222459.73631208367,5812,M_5812_00107
TX_00000656,CARD_000781,607152******3551,IN_PROD_SALARIED_PRIME_REWARDS,C4_SUBURBAN_FAMILY,2024-01-17T19:25:57.847592+00:00,1705519557.85,0100,000657,170551955757,,57,57,102,59,07,N,11,1678.16,167816,INR,217440.42,222459.73631208367,5411,M_5411_00025
TX_00000657,CARD_000115,607152******8850,IN_PROD_SALARIED_PRIME_REWARDS,C4_SUBURBAN_FAMILY,2024-01-17T19:46:35.103823+00:00,1705520795.1,0100,000658,170552079558,A84344,00,00,071,00,,Y,35,553.47,55347,INR,160448.52,193261.59760032216,5541,M_5541_00064
TX_00000658,CARD_000115,607152******8850,IN_PROD_SALARIED_PRIME_REWARDS,C4_SUBURBAN_FAMILY,2024-01-17T19:50:06.219025+00:00,1705521006.22,0100,000659,170552100659,A66908,00,00,051,00,,Y,23,27741.86,2774186,INR,159895.05,193261.59760032216,5541,M_5541_00064
TX_00000659,CARD_000061,607152******6103,IN_PROD_ENTRY_FD_BACKED,C1_HOURLY_GIG_WORKER,2024-01-17T23:16:41.870193+00:00,1705533401.87,0100,000660,170553340160,A63878,00,00,051,00,,Y,36,18768.2,1876820,INR,34907.18,34907.18232270152,5541,M_5541_00129
TX_00000660,CARD_000061,607152******6103,IN_PROD_ENTRY_FD_BACKED,C1_HOURLY_GIG_WORKER,2024-01-17T23:29:00.068037+00:00,1705534140.07,0100,000661,170553414061,A59185,00,00,051,00,,Y,59,524.66,52466,INR,16138.99,34907.18232270152,5541,M_5541_00129
TX_00000661,CARD_000061,607152******6103,IN_PROD_ENTRY_FD_BACKED,C1_HOURLY_GIG_WORKER,2024-01-17T23:32:05.167485+00:00,1705534325.17,0100,000662,170553432562,,57,57,012,59,07,N,29,546.85,54685,INR,15614.33,34907.18232270152,5311,M_5311_00052
TX_00000662,CARD_000381,607152******5725,IN_PROD_SALARIED_PRIME_REWARDS,C4_SUBURBAN_FAMILY,2024-01-17T23:42:05.050884+00:00,1705534925.05,0100,000663,170553492563,,57,57,012,59,07,N,48,56.36,5636,INR,257547.45,257547.44674234965,5814,M_5814_00066
TX_00000663,CARD_000415,607152******6096,IN_PROD_SALARIED_PRIME_REWARDS,C4_SUBURBAN_FAMILY,2024-01-18T06:39:44.716363+00:00,1705559984.72,0100,000664,170555998464,A29491,00,00,071,00,,Y,22,1367.88,136788,INR,126622.71,126622.71180765706,5999,M_5999_00142
TX_00000664,CARD_000415,607152******6096,IN_PROD_SALARIED_PRIME_REWARDS,C4_SUBURBAN_FAMILY,2024-01-18T06:43:17.738143+00:00,1705560197.74,0100,000665,170556019765,A77294,00,00,051,00,,Y,12,113.59,11359,INR,125254.83,126622.71180765706,5999,M_5999_00142
TX_00000665,CARD_000415,607152******6096,IN_PROD_SALARIED_PRIME_REWARDS,C4_SUBURBAN_FAMILY,2024-01-18T06:46:23.313178+00:00,1705560383.31,0100,000666,170556038366,A38256,00,00,071,00,,Y,18,902.48,90248,INR,125141.24,126622.71180765706,5999,M_5999_00142
TX_00000666,CARD_000979,607152******6514,IN_PROD_SALARIED_PRIME_REWARDS,C3_YOUNG_ADULT_STUDENT,2024-01-18T06:51:05.776298+00:00,1705560665.78,0100,000667,170556066567,A71380,00,00,071,00,,Y,13,648.68,64868,INR,224884.64,242613.62950819742,5814,M_5814_00089
TX_00000667,CARD_000949,607152******5628,IN_PROD_SUPER_PREMIUM_HNI,C6_SMALL_BUSINESS_OWNER,2024-01-18T07:53:27.000498+00:00,1705564407.0,0100,000668,170556440768,A83638,00,00,012,59,05,Y,17,8051.53,805153,INR,1860674.07,1976634.1802079636,5411,M_5411_00036
TX_00000668,CARD_000949,607152******5628,IN_PROD_SUPER_PREMIUM_HNI,C6_SMALL_BUSINESS_OWNER,2024-01-18T07:54:03.238812+00:00,1705564443.24,0100,000669,170556444369,A52065,00,00,012,59,05,Y,34,7482.79,748279,INR,1852622.55,1976634.1802079636,5814,M_5814_00066
TX_00000669,CARD_000708,607152******1263,IN_PROD_SUPER_PREMIUM_HNI,C7_LUXURY_AFFLUENT,2024-01-18T09:14:23.778874+00:00,1705569263.78,0100,000670,170556926370,A10795,00,00,012,59,05,Y,36,524.5,52450,INR,2244314.16,2244314.162835,5812,M_5812_00033
TX_00000670,CARD_000138,607152******9618,IN_PROD_SALARIED_PRIME_REWARDS,C2_FIXED_INCOME_SENIOR,2024-01-18T09:25:33.069437+00:00,1705569933.07,0100,000671,170556993371,A66556,00,00,051,00,,Y,18,858.09,85809,INR,171002.85,202759.40750954836,5094,M_5094_00044
TX_00000671,CARD_000138,607152******9618,IN_PROD_SALARIED_PRIME_REWARDS,C2_FIXED_INCOME_SENIOR,2024-01-18T09:50:43.420233+00:00,1705571443.42,0100,000672,170557144372,A96224,00,00,012,59,05,Y,6,2465.84,246584,INR,170144.76,202759.40750954836,5411,M_5411_00074
TX_00000672,CARD_000138,607152******9618,IN_PROD_SALARIED_PRIME_REWARDS,C2_FIXED_INCOME_SENIOR,2024-01-18T10:18:28.452423+00:00,1705573108.45,0100,000673,170557310873,A54610,00,00,051,00,,Y,1,36125.81,3612581,INR,167678.92,202759.40750954836,5912,M_5912_00117
TX_00000673,CARD_000138,607152******9618,IN_PROD_SALARIED_PRIME_REWARDS,C2_FIXED_INCOME_SENIOR,2024-01-18T10:32:15.791853+00:00,1705573935.79,0100,000674,170557393574,A87781,00,00,012,59,05,Y,27,1826.66,182666,INR,131553.11,202759.40750954836,5311,M_5311_00052
TX_00000674,CARD_000957,607152******7344,IN_PROD_PMJDY_RUPAY_DEBIT,C1_HOURLY_GIG_WORKER,2024-01-18T10:50:42.273226+00:00,1705575042.27,0100,000675,170557504275,A15320,00,00,071,00,,Y,38,661.96,66196,INR,26938.16,2797.084821032624,5542,M_5542_00053
TX_00000675,CARD_000957,607152******7344,IN_PROD_PMJDY_RUPAY_DEBIT,C1_HOURLY_GIG_WORKER,2024-01-18T11:12:26.959531+00:00,1705576346.96,0100,000676,170557634676,A75958,00,00,051,00,,Y,9,436.35,43635,INR,26276.2,2797.084821032624,5812,M_5812_00123
TX_00000676,CARD_000236,607152******6921,IN_PROD_SALARIED_PRIME_REWARDS,C4_SUBURBAN_FAMILY,2024-01-18T12:28:59.373143+00:00,1705580939.37,0100,000677,170558093977,,57,57,102,59,07,N,19,1501.2,150120,INR,271303.72,271303.71567124105,5814,M_5814_00001
TX_00000677,CARD_000124,607152******7411,IN_PROD_PMJDY_RUPAY_DEBIT,C1_HOURLY_GIG_WORKER,2024-01-18T12:42:13.962639+00:00,1705581733.96,0100,000678,170558173378,A30691,00,00,102,59,05,Y,29,1013.59,101359,INR,26204.32,2027.1823174325225,5411,M_5411_00058
TX_00000678,CARD_000808,607152******1438,IN_PROD_SALARIED_PRIME_REWARDS,C4_SUBURBAN_FAMILY,2024-01-18T13:34:33.771367+00:00,1705584873.77,0100,000679,170558487379,A26270,00,00,071,00,,Y,8,1575.47,157547,INR,175698.23,175698.22739508294,5812,M_5812_00021
TX_00000679,CARD_000808,607152******1438,IN_PROD_SALARIED_PRIME_REWARDS,C4_SUBURBAN_FAMILY,2024-01-18T13:37:18.883013+00:00,1705585038.88,0100,000680,170558503880,,57,57,012,59,07,N,23,2331.64,233164,INR,174122.76,175698.22739508294,5912,M_5912_00101
TX_00000680,CARD_000465,607152******2754,IN_PROD_SALARIED_PRIME_REWARDS,C4_SUBURBAN_FAMILY,2024-01-18T14:56:18.051122+00:00,1705589778.05,0100,000681,170558977881,A73054,00,00,051,00,,Y,11,530.8,53080,INR,147973.06,165086.98396330053,5542,M_5542_00053
TX_00000681,CARD_000465,607152******2754,IN_PROD_SALARIED_PRIME_REWARDS,C4_SUBURBAN_FAMILY,2024-01-18T15:02:57.562519+00:00,1705590177.56,0100,000682,170559017782,A78780,00,00,071,00,,Y,26,1408.95,140895,INR,147442.26,165086.98396330053,5542,M_5542_00053
TX_00000682,CARD_000465,607152******2754,IN_PROD_SALARIED_PRIME_REWARDS,C4_SUBURBAN_FAMILY,2024-01-18T15:14:52.886508+00:00,1705590892.89,0100,000683,170559089283,,57,57,012,59,07,N,3,766.14,76614,INR,146033.32,165086.98396330053,5814,M_5814_00089
TX_00000683,CARD_000465,607152******2754,IN_PROD_SALARIED_PRIME_REWARDS,C4_SUBURBAN_FAMILY,2024-01-18T15:24:08.576616+00:00,1705591448.58,0100,000684,170559144884,,65,65,071,00,,Y,22,10000.0,1000000,INR,146033.32,165086.98396330053,5542,M_5542_00053
TX_00000684,CARD_000465,607152******2754,IN_PROD_SALARIED_PRIME_REWARDS,C4_SUBURBAN_FAMILY,2024-01-18T15:47:25.739516+00:00,1705592845.74,0100,000685,170559284585,,57,57,012,59,07,N,14,796.55,79655,INR,146033.32,165086.98396330053,5814,M_5814_00066
TX_00000685,CARD_000931,607152******9707,IN_PROD_SALARIED_PRIME_REWARDS,C4_SUBURBAN_FAMILY,2024-01-18T16:05:54.245292+00:00,1705593954.25,0100,000686,170559395486,A58291,00,00,051,00,,Y,7,2536.15,253615,INR,452590.22,464379.09495776484,5542,M_5542_00039
TX_00000686,CARD_000931,607152******9707,IN_PROD_SALARIED_PRIME_REWARDS,C4_SUBURBAN_FAMILY,2024-01-18T16:09:39.039992+00:00,1705594179.04,0100,000687,170559417987,A25470,00,00,102,59,05,Y,41,1985.6,198560,INR,450054.06,464379.09495776484,5541,M_5541_00113
TX_00000687,CARD_000465,607152******2754,IN_PROD_SALARIED_PRIME_REWARDS,C4_SUBURBAN_FAMILY,2024-01-18T16:11:13.346182+00:00,1705594273.35,0100,000688,170559427388,A70537,00,00,051,00,,Y,14,9104.85,910485,INR,146033.32,165086.98396330053,5812,M_5812_00107
TX_00000688,CARD_000465,607152******2754,IN_PROD_SALARIED_PRIME_REWARDS,C4_SUBURBAN_FAMILY,2024-01-18T16:14:08.993469+00:00,1705594448.99,0100,000689,170559444889,A74223,00,00,051,00,,Y,15,34787.23,3478723,INR,136928.46,165086.98396330053,5812,M_5812_00107
TX_00000689,CARD_000465,607152******2754,IN_PROD_SALARIED_PRIME_REWARDS,C4_SUBURBAN_FAMILY,2024-01-18T16:17:18.853570+00:00,1705594638.85,0100,000690,170559463890,A33281,00,00,051,00,,Y,11,13215.44,1321544,INR,102141.24,165086.98396330053,5812,M_5812_00107
TX_00000690,CARD_000709,607152******1388,IN_PROD_SALARIED_PRIME_REWARDS,C4_SUBURBAN_FAMILY,2024-01-18T16:51:49.122334+00:00,1705596709.12,0100,000691,170559670991,A44315,00,00,071,00,,Y,8,1093.72,109372,INR,218484.0,218483.99688039074,5812,M_5812_00021
TX_00000691,CARD_000709,607152******1388,IN_PROD_SALARIED_PRIME_REWARDS,C4_SUBURBAN_FAMILY,2024-01-18T17:02:58.692781+00:00,1705597378.69,0100,000692,170559737892,A68781,00,00,071,00,,Y,26,2612.36,261236,INR,217390.28,218483.99688039074,5812,M_5812_00021
TX_00000692,CARD_000709,607152******1388,IN_PROD_SALARIED_PRIME_REWARDS,C4_SUBURBAN_FAMILY,2024-01-18T17:12:18.148493+00:00,1705597938.15,0100,000693,170559793893,A59192,00,00,051,00,,Y,10,2831.55,283155,INR,214777.92,218483.99688039074,5812,M_5812_00021
TX_00000693,CARD_000029,607152******8446,IN_PROD_SALARIED_PRIME_REWARDS,C3_YOUNG_ADULT_STUDENT,2024-01-18T17:17:05.953437+00:00,1705598225.95,0100,000694,170559822594,A94831,00,00,102,59,05,Y,3,542.11,54211,INR,366200.65,366200.65310118743,5812,M_5812_00021
TX_00000694,CARD_000029,607152******8446,IN_PROD_SALARIED_PRIME_REWARDS,C3_YOUNG_ADULT_STUDENT,2024-01-18T17:21:31.964720+00:00,1705598491.96,0100,000695,170559849195,A33724,00,00,102,59,05,Y,15,503.1,50310,INR,365658.55,366200.65310118743,5814,M_5814_00066
TX_00000695,CARD_000709,607152******1388,IN_PROD_SALARIED_PRIME_REWARDS,C4_SUBURBAN_FAMILY,2024-01-18T17:31:03.516492+00:00,1705599063.52,0100,000696,170559906396,,65,65,071,00,,Y,36,10131.0,1013100,INR,211946.36,218483.99688039074,5812,M_5812_00021
TX_00000696,CARD_000956,607152******6696,IN_PROD_SALARIED_PRIME_REWARDS,C4_SUBURBAN_FAMILY,2024-01-18T17:42:35.754145+00:00,1705599755.75,0100,000697,170559975597,A59063,00,00,012,59,05,Y,46,887.95,88795,INR,156041.83,156041.83142974385,5411,M_5411_00015
TX_00000697,CARD_000956,607152******6696,IN_PROD_SALARIED_PRIME_REWARDS,C4_SUBURBAN_FAMILY,2024-01-18T17:43:10.563691+00:00,1705599790.56,0100,000698,170559979098,A61976,00,00,102,59,05,Y,7,4465.75,446575,INR,155153.88,156041.83142974385,5541,M_5541_00134
TX_00000698,CARD_000709,607152******1388,IN_PROD_SALARIED_PRIME_REWARDS,C4_SUBURBAN_FAMILY,2024-01-18T17:51:31.248960+00:00,1705600291.25,0100,000699,170560029199,A51498,00,00,071,00,,Y,3,2744.35,274435,INR,211946.36,218483.99688039074,5812,M_5812_00021
TX_00000699,CARD_000423,607152******7900,IN_PROD_SUPER_PREMIUM_HNI,C7_LUXURY_AFFLUENT,2024-01-18T19:04:21.632679+00:00,1705604661.63,0100,000700,170560466100,,65,65,071,00,,Y,13,6766.8,676680,INR,2343211.44,2348324.07221087,5542,M_5542_00053
TX_00000700,CARD_000313,607152******2000,IN_PROD_SALARIED_PRIME_REWARDS,C2_FIXED_INCOME_SENIOR,2024-01-18T20:18:24.880680+00:00,1705609104.88,0100,000701,170560910401,A99399,00,00,051,00,,Y,25,1689.14,168914,INR,157636.5,165460.07866784284,5812,M_5812_00112
TX_00000701,CARD_000984,607152******4631,IN_PROD_SALARIED_PRIME_REWARDS,C5_URBAN_TECH_PROFESSIONAL,2024-01-18T20:22:15.691176+00:00,1705609335.69,0100,000702,170560933502,,63,63,102,59,07,N,7,1573.47,157347,INR,194914.9,221130.35497993242,5814,M_5814_00148
TX_00000702,CARD_000919,607152******3684,IN_PROD_PMJDY_RUPAY_DEBIT,C1_HOURLY_GIG_WORKER,2024-01-18T23:23:06.756687+00:00,1705620186.76,0100,000703,170562018603,A47943,00,00,051,00,,Y,20,607.54,60754,INR,76066.17,1215.0799957260806,5411,M_5411_00015
TX_00000703,CARD_000919,607152******3684,IN_PROD_PMJDY_RUPAY_DEBIT,C1_HOURLY_GIG_WORKER,2024-01-18T23:28:18.246846+00:00,1705620498.25,0100,000704,170562049804,A67403,00,00,102,59,05,Y,27,607.54,60754,INR,75458.63,1215.0799957260806,5411,M_5411_00058
TX_00000704,CARD_000919,607152******3684,IN_PROD_PMJDY_RUPAY_DEBIT,C1_HOURLY_GIG_WORKER,2024-01-18T23:42:00.703456+00:00,1705621320.7,0100,000705,170562132005,A24101,00,00,051,00,,Y,27,607.54,60754,INR,74851.09,1215.0799957260806,5411,M_5411_00015
TX_00000705,CARD_000926,607152******9109,IN_PROD_SALARIED_PRIME_REWARDS,C4_SUBURBAN_FAMILY,2024-01-19T03:35:38.591448+00:00,1705635338.59,0100,000706,170563533806,,57,57,012,59,07,N,20,510.98,51098,INR,139497.81,139497.81392370554,5999,M_5999_00142
TX_00000706,CARD_000287,607152******6038,IN_PROD_SALARIED_PRIME_REWARDS,C3_YOUNG_ADULT_STUDENT,2024-01-19T08:33:26.041802+00:00,1705653206.04,0100,000707,170565320607,A16297,00,00,051,00,,Y,20,187.77,18777,INR,131110.21,139019.0109868541,5812,M_5812_00046
TX_00000707,CARD_000287,607152******6038,IN_PROD_SALARIED_PRIME_REWARDS,C3_YOUNG_ADULT_STUDENT,2024-01-19T08:58:17.485297+00:00,1705654697.49,0100,000708,170565469708,A36565,00,00,071,00,,Y,43,1278.05,127805,INR,130922.44,139019.0109868541,5812,M_5812_00046
TX_00000708,CARD_000156,607152******6456,IN_PROD_ENTRY_FD_BACKED,C1_HOURLY_GIG_WORKER,2024-01-19T09:07:13.402296+00:00,1705655233.4,0100,000709,170565523309,A96837,00,00,051,00,,Y,25,860.26,86026,INR,25039.17,27040.398385285058,5411,M_5411_00058
TX_00000709,CARD_000287,607152******6038,IN_PROD_SALARIED_PRIME_REWARDS,C3_YOUNG_ADULT_STUDENT,2024-01-19T09:11:13.665608+00:00,1705655473.67,0100,000710,170565547310,A53354,00,00,102,59,05,Y,9,917.85,91785,INR,129644.38,139019.0109868541,5812,M_5812_00021
TX_00000710,CARD_000287,607152******6038,IN_PROD_SALARIED_PRIME_REWARDS,C3_YOUNG_ADULT_STUDENT,2024-01-19T09:11:52.055858+00:00,1705655512.06,0100,000711,170565551211,A72770,00,00,071,00,,Y,26,573.21,57321,INR,128726.54,139019.0109868541,5812,M_5812_00046
TX_00000711,CARD_000671,607152******3973,IN_PROD_SALARIED_PRIME_REWARDS,C4_SUBURBAN_FAMILY,2024-01-19T09:23:36.283250+00:00,1705656216.28,0100,000712,170565621612,A76000,00,00,071,00,,Y,19,1639.76,163976,INR,304398.23,343343.5346043736,5411,M_5411_00068
TX_00000712,CARD_000671,607152******3973,IN_PROD_SALARIED_PRIME_REWARDS,C4_SUBURBAN_FAMILY,2024-01-19T09:37:16.194806+00:00,1705657036.19,0100,000713,170565703613,A15274,00,00,102,59,05,Y,31,2405.78,240578,INR,302758.47,343343.5346043736,5411,M_5411_00149
TX_00000713,CARD_000671,607152******3973,IN_PROD_SALARIED_PRIME_REWARDS,C4_SUBURBAN_FAMILY,2024-01-19T09:53:17.871086+00:00,1705657997.87,0100,000714,170565799714,A43504,00,00,102,59,05,Y,41,1779.03,177903,INR,300352.69,343343.5346043736,5999,M_5999_00142
TX_00000714,CARD_000671,607152******3973,IN_PROD_SALARIED_PRIME_REWARDS,C4_SUBURBAN_FAMILY,2024-01-19T10:18:53.396064+00:00,1705659533.4,0100,000715,170565953315,A21164,00,00,012,59,05,Y,42,1213.35,121335,INR,305021.09,343343.5346043736,5814,M_5814_00014
TX_00000715,CARD_000671,607152******3973,IN_PROD_SALARIED_PRIME_REWARDS,C4_SUBURBAN_FAMILY,2024-01-19T10:29:07.064554+00:00,1705660147.06,0100,000716,170566014716,A77020,00,00,102,59,05,Y,9,5036.17,503617,INR,303807.74,343343.5346043736,5812,M_5812_00102
TX_00000716,CARD_000813,607152******4050,IN_PROD_SALARIED_PRIME_REWARDS,C4_SUBURBAN_FAMILY,2024-01-19T12:19:16.843855+00:00,1705666756.84,0100,000717,170566675617,A40879,00,00,102,59,05,Y,22,528.53,52853,INR,130654.2,143601.68048872193,5411,M_5411_00015
TX_00000717,CARD_000273,607152******2815,IN_PROD_SALARIED_PRIME_REWARDS,C4_SUBURBAN_FAMILY,2024-01-19T12:23:06.855856+00:00,1705666986.86,0100,000718,170566698618,A86392,00,00,071,00,,Y,1,933.16,93316,INR,157598.73,157598.72908403457,5999,M_5999_00142
TX_00000718,CARD_000607,607152******8007,IN_PROD_SUPER_PREMIUM_HNI,C6_SMALL_BUSINESS_OWNER,2024-01-19T12:40:54.261071+00:00,1705668054.26,0100,000719,170566805419,A36452,00,00,012,59,05,Y,23,404.39,40439,INR,3926745.85,3926745.849064676,5411,M_5411_00015
TX_00000719,CARD_000607,607152******8007,IN_PROD_SUPER_PREMIUM_HNI,C6_SMALL_BUSINESS_OWNER,2024-01-19T12:42:54.145820+00:00,1705668174.15,0100,000720,170566817420,A56766,00,00,051,00,,Y,68,18371.44,1837144,INR,3926341.46,3926745.849064676,5999,M_5999_00142
TX_00000720,CARD_000607,607152******8007,IN_PROD_SUPER_PREMIUM_HNI,C6_SMALL_BUSINESS_OWNER,2024-01-19T12:46:16.280206+00:00,1705668376.28,0100,000721,170566837621,A58681,00,00,071,00,,Y,30,1418.34,141834,INR,3907970.02,3926745.849064676,5999,M_5999_00142
TX_00000721,CARD_000607,607152******8007,IN_PROD_SUPER_PREMIUM_HNI,C6_SMALL_BUSINESS_OWNER,2024-01-19T13:09:17.649293+00:00,1705669757.65,0100,000722,170566975722,A89448,00,00,012,59,05,Y,3,575.76,57576,INR,3906551.69,3926745.849064676,5311,M_5311_00138
TX_00000722,CARD_000607,607152******8007,IN_PROD_SUPER_PREMIUM_HNI,C6_SMALL_BUSINESS_OWNER,2024-01-19T13:27:16.852041+00:00,1705670836.85,0100,000723,170567083623,A68299,00,00,012,59,05,Y,20,6583.07,658307,INR,3905975.93,3926745.849064676,5411,M_5411_00015
TX_00000723,CARD_000708,607152******1263,IN_PROD_SUPER_PREMIUM_HNI,C7_LUXURY_AFFLUENT,2024-01-19T14:02:56.074178+00:00,1705672976.07,0100,000724,170567297624,A35059,00,00,012,59,05,Y,54,187291.9,18729190,INR,2243789.66,2244314.162835,5732,M_5732_00013
TX_00000724,CARD_000588,607152******2551,IN_PROD_SUPER_PREMIUM_HNI,C7_LUXURY_AFFLUENT,2024-01-19T14:09:53.165383+00:00,1705673393.17,0100,000725,170567339325,A29458,00,00,051,00,,Y,15,4598.91,459891,INR,1823599.34,1823599.3420316898,5944,M_5944_00115
TX_00000725,CARD_000274,607152******1052,IN_PROD_ENTRY_FD_BACKED,C2_FIXED_INCOME_SENIOR,2024-01-19T14:17:25.562211+00:00,1705673845.56,0100,000726,170567384526,A25906,00,00,051,00,,Y,0,1890.73,189073,INR,41137.42,41137.41966681638,5812,M_5812_00021
TX_00000726,CARD_000254,607152******3900,IN_PROD_SALARIED_PRIME_REWARDS,C4_SUBURBAN_FAMILY,2024-01-19T14:20:36.653609+00:00,1705674036.65,0100,000727,170567403627,A78001,00,00,012,59,05,Y,4,1860.71,186071,INR,213923.01,237637.3920912908,5311,M_5311_00104
TX_00000727,CARD_000429,607152******2535,IN_PROD_SALARIED_PRIME_REWARDS,C4_SUBURBAN_FAMILY,2024-01-19T14:24:08.496461+00:00,1705674248.5,0100,000728,170567424828,A52641,00,00,051,00,,Y,3,544.02,54402,INR,206334.31,206334.31486948917,5999,M_5999_00142
TX_00000728,CARD_000274,607152******1052,IN_PROD_ENTRY_FD_BACKED,C2_FIXED_INCOME_SENIOR,2024-01-19T14:36:49.438216+00:00,1705675009.44,0100,000729,170567500929,A47389,00,00,051,00,,Y,30,623.83,62383,INR,39246.69,41137.41966681638,5812,M_5812_00021
TX_00000729,CARD_000429,607152******2535,IN_PROD_SALARIED_PRIME_REWARDS,C4_SUBURBAN_FAMILY,2024-01-19T14:37:02.410810+00:00,1705675022.41,0100,000730,170567502230,A42294,00,00,071,00,,Y,22,1798.9,179890,INR,205790.3,206334.31486948917,5999,M_5999_00142
TX_00000730,CARD_000429,607152******2535,IN_PROD_SALARIED_PRIME_REWARDS,C4_SUBURBAN_FAMILY,2024-01-19T14:58:37.099089+00:00,1705676317.1,0100,000731,170567631731,,65,65,071,00,,Y,26,5075.45,507545,INR,203991.4,206334.31486948917,5812,M_5812_00102
TX_00000731,CARD_000274,607152******1052,IN_PROD_ENTRY_FD_BACKED,C2_FIXED_INCOME_SENIOR,2024-01-19T15:06:27.918632+00:00,1705676787.92,0100,000732,170567678732,A60944,00,00,051,00,,Y,18,509.65,50965,INR,38622.86,41137.41966681638,5812,M_5812_00021
TX_00000732,CARD_000429,607152******2535,IN_PROD_SALARIED_PRIME_REWARDS,C4_SUBURBAN_FAMILY,2024-01-19T15:13:06.618692+00:00,1705677186.62,0100,000733,170567718633,A18203,00,00,051,00,,Y,48,1426.55,142655,INR,203991.4,206334.31486948917,5812,M_5812_00102
TX_00000733,CARD_000429,607152******2535,IN_PROD_SALARIED_PRIME_REWARDS,C4_SUBURBAN_FAMILY,2024-01-19T15:16:24.675759+00:00,1705677384.68,0100,000734,170567738434,A13699,00,00,102,59,05,Y,37,3539.0,353900,INR,202564.85,206334.31486948917,5999,M_5999_00142
TX_00000734,CARD_000274,607152******1052,IN_PROD_ENTRY_FD_BACKED,C2_FIXED_INCOME_SENIOR,2024-01-19T15:34:03.099001+00:00,1705678443.1,0100,000735,170567844335,A41676,00,00,012,59,05,Y,54,516.8,51680,INR,38113.21,41137.41966681638,5812,M_5812_00021
TX_00000735,CARD_000327,607152******6153,IN_PROD_SALARIED_PRIME_REWARDS,C5_URBAN_TECH_PROFESSIONAL,2024-01-19T16:39:03.573745+00:00,1705682343.57,0100,000736,170568234336,A98634,00,00,012,59,05,Y,10,949.21,94921,INR,477088.4,477088.39829622826,5812,M_5812_00021
TX_00000736,CARD_000559,607152******1717,IN_PROD_SALARIED_PRIME_REWARDS,C5_URBAN_TECH_PROFESSIONAL,2024-01-19T17:27:08.793107+00:00,1705685228.79,0100,000737,170568522837,,57,57,102,59,07,N,0,3296.36,329636,INR,178682.77,178682.77092552505,5814,M_5814_00066
TX_00000737,CARD_000055,607152******4240,IN_PROD_SALARIED_PRIME_REWARDS,C5_URBAN_TECH_PROFESSIONAL,2024-01-19T17:33:46.807565+00:00,1705685626.81,0100,000738,170568562638,A53022,00,00,012,59,05,Y,13,1248.28,124828,INR,133109.26,133109.26086687675,5814,M_5814_00147
TX_00000738,CARD_000055,607152******4240,IN_PROD_SALARIED_PRIME_REWARDS,C5_URBAN_TECH_PROFESSIONAL,2024-01-19T17:37:56.372564+00:00,1705685876.37,0100,000739,170568587639,A62867,00,00,012,59,05,Y,5,2025.34,202534,INR,131860.98,133109.26086687675,5411,M_5411_00015
TX_00000739,CARD_000250,607152******1203,IN_PROD_SALARIED_PRIME_REWARDS,C3_YOUNG_ADULT_STUDENT,2024-01-19T18:56:47.465829+00:00,1705690607.47,0100,000740,170569060740,A43918,00,00,071,00,,Y,28,357.57,35757,INR,267156.81,305118.28675023816,5999,M_5999_00142
TX_00000740,CARD_000250,607152******1203,IN_PROD_SALARIED_PRIME_REWARDS,C3_YOUNG_ADULT_STUDENT,2024-01-19T18:59:29.620368+00:00,1705690769.62,0100,000741,170569076941,A52062,00,00,051,00,,Y,1,549.92,54992,INR,266799.24,305118.28675023816,5999,M_5999_00142
TX_00000741,CARD_000250,607152******1203,IN_PROD_SALARIED_PRIME_REWARDS,C3_YOUNG_ADULT_STUDENT,2024-01-19T19:08:51.830653+00:00,1705691331.83,0100,000742,170569133142,A14632,00,00,012,59,05,Y,51,374.41,37441,INR,266249.32,305118.28675023816,5812,M_5812_00021
TX_00000742,CARD_000250,607152******1203,IN_PROD_SALARIED_PRIME_REWARDS,C3_YOUNG_ADULT_STUDENT,2024-01-19T19:10:40.913015+00:00,1705691440.91,0100,000743,170569144043,A70028,00,00,071,00,,Y,4,848.05,84805,INR,265874.91,305118.28675023816,5999,M_5999_00142
TX_00000743,CARD_000454,607152******9537,IN_PROD_SALARIED_PRIME_REWARDS,C3_YOUNG_ADULT_STUDENT,2024-01-19T22:12:30.121072+00:00,1705702350.12,0100,000744,170570235044,A93165,00,00,071,00,,Y,15,729.02,72902,INR,326526.28,326526.2751756081,5311,M_5311_00116
TX_00000744,CARD_000565,607152******8704,IN_PROD_PMJDY_RUPAY_DEBIT,C1_HOURLY_GIG_WORKER,2024-01-20T07:55:44.527737+00:00,1705737344.53,0100,000745,170573734445,A33950,00,00,051,00,,Y,46,831.83,83183,INR,80100.65,7533.153510903834,5999,M_5999_00142
TX_00000745,CARD_000680,607152******6330,IN_PROD_SALARIED_PRIME_REWARDS,C4_SUBURBAN_FAMILY,2024-01-20T08:02:52.274420+00:00,1705737772.27,0100,000746,170573777246,A95501,00,00,071,00,,Y,8,1111.07,111107,INR,397698.41,397698.4080648123,5411,M_5411_00127
TX_00000746,CARD_000680,607152******6330,IN_PROD_SALARIED_PRIME_REWARDS,C4_SUBURBAN_FAMILY,2024-01-20T08:06:07.058408+00:00,1705737967.06,0100,000747,170573796747,A58400,00,00,071,00,,Y,26,1140.63,114063,INR,396587.34,397698.4080648123,5411,M_5411_00127
TX_00000747,CARD_000972,607152******4169,IN_PROD_SALARIED_PRIME_REWARDS,C3_YOUNG_ADULT_STUDENT,2024-01-20T08:31:00.979312+00:00,1705739460.98,0100,000748,170573946048,A19148,00,00,071,00,,Y,45,807.34,80734,INR,130078.04,155053.4381561427,5999,M_5999_00142
TX_00000748,CARD_000169,607152******2928,IN_PROD_SALARIED_PRIME_REWARDS,C5_URBAN_TECH_PROFESSIONAL,2024-01-20T11:39:52.562715+00:00,1705750792.56,0100,000749,170575079249,A29644,00,00,051,00,,Y,27,549.81,54981,INR,339244.19,339244.19215593697,5814,M_5814_00066
TX_00000749,CARD_000188,607152******9473,IN_PROD_SALARIED_PRIME_REWARDS,C4_SUBURBAN_FAMILY,2024-01-20T12:02:52.349230+00:00,1705752172.35,0100,000750,170575217250,A77830,00,00,012,59,05,Y,17,2736.53,273653,INR,100887.7,101439.74729775987,5311,M_5311_00116
TX_00000750,CARD_000188,607152******9473,IN_PROD_SALARIED_PRIME_REWARDS,C4_SUBURBAN_FAMILY,2024-01-20T12:04:20.090182+00:00,1705752260.09,0100,000751,170575226051,A83145,00,00,071,00,,Y,29,3218.1,321810,INR,98151.16,101439.74729775987,5812,M_5812_00093
TX_00000751,CARD_000169,607152******2928,IN_PROD_SALARIED_PRIME_REWARDS,C5_URBAN_TECH_PROFESSIONAL,2024-01-20T12:05:26.953170+00:00,1705752326.95,0100,000752,170575232652,A86683,00,00,102,59,05,Y,16,2582.16,258216,INR,338694.38,339244.19215593697,4816,M_4816_00011
TX_00000752,CARD_000188,607152******9473,IN_PROD_SALARIED_PRIME_REWARDS,C4_SUBURBAN_FAMILY,2024-01-20T12:14:13.567895+00:00,1705752853.57,0100,000753,170575285353,A45978,00,00,012,59,05,Y,7,7191.19,719119,INR,94933.07,101439.74729775987,5999,M_5999_00142
TX_00000753,CARD_000376,607152******9262,IN_PROD_SALARIED_PRIME_REWARDS,C4_SUBURBAN_FAMILY,2024-01-20T12:17:59.765160+00:00,1705753079.77,0100,000754,170575307954,A87268,00,00,102,59,05,Y,10,516.98,51698,INR,458824.18,458824.1784574296,5411,M_5411_00149
TX_00000754,CARD_000169,607152******2928,IN_PROD_SALARIED_PRIME_REWARDS,C5_URBAN_TECH_PROFESSIONAL,2024-01-20T12:27:33.067856+00:00,1705753653.07,0100,000755,170575365355,A45063,00,00,071,00,,Y,7,4395.21,439521,INR,336112.22,339244.19215593697,5999,M_5999_00142
TX_00000755,CARD_000954,607152******7641,IN_PROD_ENTRY_FD_BACKED,C2_FIXED_INCOME_SENIOR,2024-01-20T12:53:15.633951+00:00,1705755195.63,0100,000756,170575519556,,82,82,012,59,05,Y,12,734.9,73490,INR,42588.76,42588.7616538042,5311,M_5311_00052
TX_00000756,CARD_000822,607152******9518,IN_PROD_SALARIED_PRIME_REWARDS,C5_URBAN_TECH_PROFESSIONAL,2024-01-20T18:28:39.618374+00:00,1705775319.62,0100,000757,170577531957,A25715,00,00,102,59,05,Y,57,2638.2,263820,INR,188627.9,188627.9041273732,5812,M_5812_00021
TX_00000757,CARD_000986,607152******3177,IN_PROD_SALARIED_PRIME_REWARDS,C4_SUBURBAN_FAMILY,2024-01-20T18:42:10.357399+00:00,1705776130.36,0100,000758,170577613058,A34204,00,00,012,59,05,Y,2,1391.37,139137,INR,115978.27,117768.37278048745,5812,M_5812_00021
TX_00000758,CARD_000349,607152******3150,IN_PROD_SALARIED_PRIME_REWARDS,C4_SUBURBAN_FAMILY,2024-01-20T20:11:06.287866+00:00,1705781466.29,0100,000759,170578146659,A73240,00,00,051,00,,Y,8,6500.21,650021,INR,270458.57,284993.3272654274,5411,M_5411_00058
TX_00000759,CARD_000349,607152******3150,IN_PROD_SALARIED_PRIME_REWARDS,C4_SUBURBAN_FAMILY,2024-01-20T20:26:38.724098+00:00,1705782398.72,0100,000760,170578239860,A72684,00,00,051,00,,Y,3,1121.83,112183,INR,263958.36,284993.3272654274,5411,M_5411_00058
TX_00000760,CARD_000349,607152******3150,IN_PROD_SALARIED_PRIME_REWARDS,C4_SUBURBAN_FAMILY,2024-01-20T20:40:09.332652+00:00,1705783209.33,0100,000761,170578320961,A11954,00,00,071,00,,Y,26,2980.83,298083,INR,262836.53,284993.3272654274,5411,M_5411_00058
TX_00000761,CARD_000349,607152******3150,IN_PROD_SALARIED_PRIME_REWARDS,C4_SUBURBAN_FAMILY,2024-01-20T20:42:12.304101+00:00,1705783332.3,0100,000762,170578333262,A64447,00,00,012,59,05,Y,14,3146.73,314673,INR,259855.7,284993.3272654274,5812,M_5812_00021
TX_00000762,CARD_000349,607152******3150,IN_PROD_SALARIED_PRIME_REWARDS,C4_SUBURBAN_FAMILY,2024-01-20T20:44:35.810104+00:00,1705783475.81,0100,000763,170578347563,,82,82,102,59,05,Y,8,11828.76,1182876,INR,256708.97,284993.3272654274,5812,M_5812_00021
TX_00000763,CARD_000349,607152******3150,IN_PROD_SALARIED_PRIME_REWARDS,C4_SUBURBAN_FAMILY,2024-01-20T20:45:00.180366+00:00,1705783500.18,0100,000764,170578350064,A49896,00,00,051,00,,Y,29,1021.29,102129,INR,256708.97,284993.3272654274,5411,M_5411_00058
TX_00000764,CARD_000349,607152******3150,IN_PROD_SALARIED_PRIME_REWARDS,C4_SUBURBAN_FAMILY,2024-01-20T20:49:21.774382+00:00,1705783761.77,0100,000765,170578376165,A68910,00,00,071,00,,Y,10,1320.08,132008,INR,255687.67,284993.3272654274,5411,M_5411_00058
TX_00000765,CARD_000349,607152******3150,IN_PROD_SALARIED_PRIME_REWARDS,C4_SUBURBAN_FAMILY,2024-01-20T20:52:21.833019+00:00,1705783941.83,0100,000766,170578394166,A98143,00,00,051,00,,Y,7,4788.86,478886,INR,254367.6,284993.3272654274,5411,M_5411_00058
TX_00000766,CARD_000349,607152******3150,IN_PROD_SALARIED_PRIME_REWARDS,C4_SUBURBAN_FAMILY,2024-01-20T20:57:24.681106+00:00,1705784244.68,0100,000767,170578424467,A43578,00,00,071,00,,Y,58,2884.67,288467,INR,249578.74,284993.3272654274,5411,M_5411_00058
TX_00000767,CARD_000349,607152******3150,IN_PROD_SALARIED_PRIME_REWARDS,C4_SUBURBAN_FAMILY,2024-01-20T21:00:57.706529+00:00,1705784457.71,0100,000768,170578445768,A91739,00,00,071,00,,Y,15,1302.13,130213,INR,246694.07,284993.3272654274,5411,M_5411_00058
TX_00000768,CARD_000349,607152******3150,IN_PROD_SALARIED_PRIME_REWARDS,C4_SUBURBAN_FAMILY,2024-01-20T21:03:40.327156+00:00,1705784620.33,0100,000769,170578462069,A37187,00,00,051,00,,Y,7,974.12,97412,INR,245391.94,284993.3272654274,5411,M_5411_00058
TX_00000769,CARD_000899,607152******9803,IN_PROD_SALARIED_PRIME_REWARDS,C4_SUBURBAN_FAMILY,2024-01-20T21:34:32.867961+00:00,1705786472.87,0100,000770,170578647270,A62802,00,00,012,59,05,Y,26,1280.86,128086,INR,101007.1,101007.10423964122,5814,M_5814_00110
TX_00000770,CARD_000547,607152******2435,IN_PROD_SALARIED_PRIME_REWARDS,C5_URBAN_TECH_PROFESSIONAL,2024-01-21T01:42:19.857419+00:00,1705801339.86,0100,000771,170580133971,A20431,00,00,012,59,05,Y,35,1450.9,145090,INR,128601.67,128601.67084380549,5814,M_5814_00066
TX_00000771,CARD_000270,607152******7377,IN_PROD_SALARIED_PRIME_REWARDS,C5_URBAN_TECH_PROFESSIONAL,2024-01-21T09:58:03.905564+00:00,1705831083.91,0100,000772,170583108372,A41995,00,00,051,00,,Y,9,2474.92,247492,INR,162580.42,162580.41579328792,5999,M_5999_00142
TX_00000772,CARD_000270,607152******7377,IN_PROD_SALARIED_PRIME_REWARDS,C5_URBAN_TECH_PROFESSIONAL,2024-01-21T10:10:03.928234+00:00,1705831803.93,0100,000773,170583180373,A85141,00,00,012,59,05,Y,9,1280.96,128096,INR,160105.49,162580.41579328792,4816,M_4816_00011
TX_00000773,CARD_000270,607152******7377,IN_PROD_SALARIED_PRIME_REWARDS,C5_URBAN_TECH_PROFESSIONAL,2024-01-21T10:16:39.711349+00:00,1705832199.71,0100,000774,170583219974,A15205,00,00,012,59,05,Y,9,2061.7,206170,INR,158824.53,162580.41579328792,4816,M_4816_00011
TX_00000774,CARD_000270,607152******7377,IN_PROD_SALARIED_PRIME_REWARDS,C5_URBAN_TECH_PROFESSIONAL,2024-01-21T10:17:12.344917+00:00,1705832232.34,0100,000775,170583223275,A39802,00,00,071,00,,Y,11,1348.57,134857,INR,156762.83,162580.41579328792,5999,M_5999_00142
TX_00000775,CARD_000270,607152******7377,IN_PROD_SALARIED_PRIME_REWARDS,C5_URBAN_TECH_PROFESSIONAL,2024-01-21T10:20:23.003939+00:00,1705832423.0,0100,000776,170583242376,A38476,00,00,012,59,05,Y,40,2244.01,224401,INR,155414.26,162580.41579328792,5812,M_5812_00021
TX_00000776,CARD_000052,607152******1603,IN_PROD_SUPER_PREMIUM_HNI,C6_SMALL_BUSINESS_OWNER,2024-01-21T12:29:34.972386+00:00,1705840174.97,0100,000777,170584017477,,57,57,012,59,07,N,16,1333.16,133316,INR,3355039.39,3355039.391350979,5812,M_5812_00021
TX_00000777,CARD_000350,607152******5186,IN_PROD_SALARIED_PRIME_REWARDS,C3_YOUNG_ADULT_STUDENT,2024-01-21T12:41:46.308755+00:00,1705840906.31,0100,000778,170584090678,A18378,00,00,071,00,,Y,5,1098.47,109847,INR,140716.16,156266.65291269938,5814,M_5814_00147
TX_00000778,CARD_000792,607152******8961,IN_PROD_SALARIED_PRIME_REWARDS,C4_SUBURBAN_FAMILY,2024-01-21T13:27:24.712092+00:00,1705843644.71,0100,000779,170584364479,A62777,00,00,051,00,,Y,30,1619.14,161914,INR,164327.32,177977.11094398354,5541,M_5541_00113
TX_00000779,CARD_000026,607152******8488,IN_PROD_SALARIED_PRIME_REWARDS,C2_FIXED_INCOME_SENIOR,2024-01-21T13:30:56.807380+00:00,1705843856.81,0100,000780,170584385680,A72463,00,00,071,00,,Y,20,855.79,85579,INR,146970.01,146970.0074085159,5912,M_5912_00054
TX_00000780,CARD_000792,607152******8961,IN_PROD_SALARIED_PRIME_REWARDS,C4_SUBURBAN_FAMILY,2024-01-21T13:40:04.767195+00:00,1705844404.77,0100,000781,170584440481,,63,63,102,59,07,N,11,1369.74,136974,INR,162708.19,177977.11094398354,5999,M_5999_00142
TX_00000781,CARD_000792,607152******8961,IN_PROD_SALARIED_PRIME_REWARDS,C4_SUBURBAN_FAMILY,2024-01-21T13:51:03.024766+00:00,1705845063.02,0100,000782,170584506382,A60006,00,00,071,00,,Y,24,180.34,18034,INR,162708.19,177977.11094398354,5541,M_5541_00113
TX_00000782,CARD_000792,607152******8961,IN_PROD_SALARIED_PRIME_REWARDS,C4_SUBURBAN_FAMILY,2024-01-21T14:04:28.678153+00:00,1705845868.68,0100,000783,170584586883,A44759,00,00,071,00,,Y,34,472.99,47299,INR,162527.85,177977.11094398354,5541,M_5541_00113
TX_00000783,CARD_000792,607152******8961,IN_PROD_SALARIED_PRIME_REWARDS,C4_SUBURBAN_FAMILY,2024-01-21T14:21:21.909983+00:00,1705846881.91,0100,000784,170584688184,A66887,00,00,071,00,,Y,49,3752.39,375239,INR,162054.85,177977.11094398354,5541,M_5541_00113
TX_00000784,CARD_000630,607152******4334,IN_PROD_SALARIED_PRIME_REWARDS,C4_SUBURBAN_FAMILY,2024-01-21T14:25:18.561006+00:00,1705847118.56,0100,000785,170584711885,,57,57,012,59,07,N,28,1655.09,165509,INR,280227.58,280227.5817885301,5812,M_5812_00021
TX_00000785,CARD_000792,607152******8961,IN_PROD_SALARIED_PRIME_REWARDS,C4_SUBURBAN_FAMILY,2024-01-21T14:41:44.349780+00:00,1705848104.35,0100,000786,170584810486,A97464,00,00,071,00,,Y,70,135.78,13578,INR,158302.46,177977.11094398354,5541,M_5541_00113
TX_00000786,CARD_000492,607152******6183,IN_PROD_SALARIED_PRIME_REWARDS,C4_SUBURBAN_FAMILY,2024-01-21T14:54:38.049167+00:00,1705848878.05,0100,000787,170584887887,,57,57,102,59,07,N,5,8493.83,849383,INR,125275.7,125275.70369574557,6051,M_6051_00023
TX_00000787,CARD_000792,607152******8961,IN_PROD_SALARIED_PRIME_REWARDS,C4_SUBURBAN_FAMILY,2024-01-21T14:59:33.260064+00:00,1705849173.26,0100,000788,170584917388,A23439,00,00,012,59,05,Y,15,797.12,79712,INR,158166.68,177977.11094398354,5812,M_5812_00021
TX_00000788,CARD_000792,607152******8961,IN_PROD_SALARIED_PRIME_REWARDS,C4_SUBURBAN_FAMILY,2024-01-21T15:14:08.824315+00:00,1705850048.82,0100,000789,170585004889,A10857,00,00,071,00,,Y,13,1506.53,150653,INR,157369.56,177977.11094398354,5541,M_5541_00113
TX_00000789,CARD_000792,607152******8961,IN_PROD_SALARIED_PRIME_REWARDS,C4_SUBURBAN_FAMILY,2024-01-21T15:23:20.995637+00:00,1705850601.0,0100,000790,170585060090,,65,65,071,00,,Y,34,1481.17,148117,INR,155863.03,177977.11094398354,5541,M_5541_00113
TX_00000790,CARD_000568,607152******8851,IN_PROD_SUPER_PREMIUM_HNI,C7_LUXURY_AFFLUENT,2024-01-21T19:29:05.887270+00:00,1705865345.89,0100,000791,170586534591,,82,82,012,59,05,Y,12,1848.46,184846,INR,3753170.02,3753170.018245059,5812,M_5812_00021
TX_00000791,CARD_000115,607152******8850,IN_PROD_SALARIED_PRIME_REWARDS,C4_SUBURBAN_FAMILY,2024-01-21T19:50:54.926019+00:00,1705866654.93,0100,000792,170586665492,A79994,00,00,051,00,,Y,1,34137.0,3413700,INR,132153.19,193261.59760032216,5812,M_5812_00102
TX_00000792,CARD_000115,607152******8850,IN_PROD_SALARIED_PRIME_REWARDS,C4_SUBURBAN_FAMILY,2024-01-21T19:55:08.407844+00:00,1705866908.41,0100,000793,170586690893,A69404,00,00,051,00,,Y,16,1363.75,136375,INR,98016.19,193261.59760032216,5812,M_5812_00102
TX_00000793,CARD_000115,607152******8850,IN_PROD_SALARIED_PRIME_REWARDS,C4_SUBURBAN_FAMILY,2024-01-21T20:14:41.740877+00:00,1705868081.74,0100,000794,170586808194,A56328,00,00,051,00,,Y,1,2296.07,229607,INR,96652.45,193261.59760032216,5812,M_5812_00102
TX_00000794,CARD_000115,607152******8850,IN_PROD_SALARIED_PRIME_REWARDS,C4_SUBURBAN_FAMILY,2024-01-21T20:33:07.412338+00:00,1705869187.41,0100,000795,170586918795,A98108,00,00,071,00,,Y,14,762.62,76262,INR,94356.37,193261.59760032216,5812,M_5812_00102
TX_00000795,CARD_000115,607152******8850,IN_PROD_SALARIED_PRIME_REWARDS,C4_SUBURBAN_FAMILY,2024-01-21T21:03:07.412338+00:00,1705870987.41,0100,000796,170587098796,A67473,00,00,051,00,,Y,52,1575.16,157516,INR,93593.75,193261.59760032216,5812,M_5812_00102
TX_00000796,CARD_000115,607152******8850,IN_PROD_SALARIED_PRIME_REWARDS,C4_SUBURBAN_FAMILY,2024-01-21T21:06:51.206921+00:00,1705871211.21,0100,000797,170587121197,A35087,00,00,071,00,,Y,23,1175.78,117578,INR,92018.6,193261.59760032216,5812,M_5812_00102
TX_00000797,CARD_000917,607152******8843,IN_PROD_ENTRY_FD_BACKED,C2_FIXED_INCOME_SENIOR,2024-01-21T21:08:28.306893+00:00,1705871308.31,0100,000798,170587130898,A47507,00,00,051,00,,Y,35,1481.19,148119,INR,19771.67,22297.439088167597,5812,M_5812_00021
TX_00000798,CARD_000917,607152******8843,IN_PROD_ENTRY_FD_BACKED,C2_FIXED_INCOME_SENIOR,2024-01-21T21:11:09.125181+00:00,1705871469.13,0100,000799,170587146999,A78150,00,00,051,00,,Y,16,502.21,50221,INR,18290.49,22297.439088167597,5812,M_5812_00021
TX_00000799,CARD_000115,607152******8850,IN_PROD_SALARIED_PRIME_REWARDS,C4_SUBURBAN_FAMILY,2024-01-21T21:15:15.300725+00:00,1705871715.3,0100,000800,170587171500,A50281,00,00,102,59,05,Y,3,2019.87,201987,INR,90842.82,193261.59760032216,5311,M_5311_00116
TX_00000800,CARD_000917,607152******8843,IN_PROD_ENTRY_FD_BACKED,C2_FIXED_INCOME_SENIOR,2024-01-21T21:16:07.536880+00:00,1705871767.54,0100,000801,170587176701,A56394,00,00,051,00,,Y,6,1554.21,155421,INR,17788.27,22297.439088167597,5812,M_5812_00021
TX_00000801,CARD_000115,607152******8850,IN_PROD_SALARIED_PRIME_REWARDS,C4_SUBURBAN_FAMILY,2024-01-21T21:18:42.481920+00:00,1705871922.48,0100,000802,170587192202,A97855,00,00,012,59,05,Y,2,1663.03,166303,INR,88822.94,193261.59760032216,5411,M_5411_00073
TX_00000802,CARD_000115,607152******8850,IN_PROD_SALARIED_PRIME_REWARDS,C4_SUBURBAN_FAMILY,2024-01-21T21:19:39.612051+00:00,1705871979.61,0100,000803,170587197903,A70017,00,00,012,59,05,Y,14,2400.41,240041,INR,87159.91,193261.59760032216,5999,M_5999_00142
TX_00000803,CARD_000115,607152******8850,IN_PROD_SALARIED_PRIME_REWARDS,C4_SUBURBAN_FAMILY,2024-01-21T21:22:41.366293+00:00,1705872161.37,0100,000804,170587216104,A90762,00,00,051,00,,Y,10,25739.48,2573948,INR,84759.5,193261.59760032216,5812,M_5812_00102
TX_00000804,CARD_000115,607152******8850,IN_PROD_SALARIED_PRIME_REWARDS,C4_SUBURBAN_FAMILY,2024-01-21T21:26:39.845308+00:00,1705872399.85,0100,000805,170587239905,A23676,00,00,051,00,,Y,12,18890.84,1889084,INR,59020.02,193261.59760032216,5812,M_5812_00102
TX_00000805,CARD_000245,607152******8032,IN_PROD_SALARIED_PRIME_REWARDS,C4_SUBURBAN_FAMILY,2024-01-21T21:28:32.772222+00:00,1705872512.77,0100,000806,170587251206,,65,65,071,00,,Y,56,10000.0,1000000,INR,83895.91,83895.90935836158,5999,M_5999_00142
TX_00000806,CARD_000457,607152******2861,IN_PROD_SALARIED_PRIME_REWARDS,C5_URBAN_TECH_PROFESSIONAL,2024-01-21T22:18:24.926331+00:00,1705875504.93,0100,000807,170587550407,A86016,00,00,102,59,05,Y,6,1411.45,141145,INR,150050.22,150050.2225164142,5812,M_5812_00021
TX_00000807,CARD_000457,607152******2861,IN_PROD_SALARIED_PRIME_REWARDS,C5_URBAN_TECH_PROFESSIONAL,2024-01-21T22:18:40.624820+00:00,1705875520.62,0100,000808,170587552008,A40139,00,00,051,00,,Y,5,1046.01,104601,INR,148638.77,150050.2225164142,5411,M_5411_00015
TX_00000808,CARD_000712,607152******7435,IN_PROD_SALARIED_PRIME_REWARDS,C4_SUBURBAN_FAMILY,2024-01-22T00:35:04.009548+00:00,1705883704.01,0100,000809,170588370409,A96832,00,00,051,00,,Y,24,5968.41,596841,INR,158459.24,158459.24206599407,5411,M_5411_00028
TX_00000809,CARD_000712,607152******7435,IN_PROD_SALARIED_PRIME_REWARDS,C4_SUBURBAN_FAMILY,2024-01-22T00:38:06.575386+00:00,1705883886.58,0100,000810,170588388610,A71734,00,00,071,00,,Y,13,1975.32,197532,INR,152490.83,158459.24206599407,5411,M_5411_00028
TX_00000810,CARD_000329,607152******1250,IN_PROD_ENTRY_FD_BACKED,C2_FIXED_INCOME_SENIOR,2024-01-22T00:38:26.008081+00:00,1705883906.01,0100,000811,170588390611,A52023,00,00,051,00,,Y,11,742.5,74250,INR,15769.84,16082.560538450494,5542,M_5542_00053
TX_00000811,CARD_000329,607152******1250,IN_PROD_ENTRY_FD_BACKED,C2_FIXED_INCOME_SENIOR,2024-01-22T00:41:40.893133+00:00,1705884100.89,0100,000812,170588410012,A70448,00,00,051,00,,Y,2,566.44,56644,INR,15027.34,16082.560538450494,5542,M_5542_00053
TX_00000812,CARD_000329,607152******1250,IN_PROD_ENTRY_FD_BACKED,C2_FIXED_INCOME_SENIOR,2024-01-22T00:46:36.277340+00:00,1705884396.28,0100,000813,170588439613,A67831,00,00,071,00,,Y,21,747.75,74775,INR,14460.9,16082.560538450494,5542,M_5542_00053
TX_00000813,CARD_000329,607152******1250,IN_PROD_ENTRY_FD_BACKED,C2_FIXED_INCOME_SENIOR,2024-01-22T00:49:44.697647+00:00,1705884584.7,0100,000814,170588458414,A96751,00,00,071,00,,Y,13,4100.46,410046,INR,13713.15,16082.560538450494,5542,M_5542_00053
TX_00000814,CARD_000329,607152******1250,IN_PROD_ENTRY_FD_BACKED,C2_FIXED_INCOME_SENIOR,2024-01-22T01:15:46.617462+00:00,1705886146.62,0100,000815,170588614615,A43617,00,00,051,00,,Y,10,863.19,86319,INR,9612.69,16082.560538450494,5812,M_5812_00146
TX_00000815,CARD_000521,607152******7444,IN_PROD_SALARIED_PRIME_REWARDS,C5_URBAN_TECH_PROFESSIONAL,2024-01-22T06:44:56.515861+00:00,1705905896.52,0100,000816,170590589616,,57,57,102,59,07,N,41,1336.12,133612,INR,196720.16,197878.1946954131,6513,M_6513_00022
TX_00000816,CARD_000402,607152******8400,IN_PROD_SALARIED_PRIME_REWARDS,C5_URBAN_TECH_PROFESSIONAL,2024-01-22T07:06:29.353115+00:00,1705907189.35,0100,000817,170590718917,A96594,00,00,012,59,05,Y,16,680.64,68064,INR,179730.52,182899.48588848818,5411,M_5411_00073
TX_00000817,CARD_000402,607152******8400,IN_PROD_SALARIED_PRIME_REWARDS,C5_URBAN_TECH_PROFESSIONAL,2024-01-22T07:07:09.270831+00:00,1705907229.27,0100,000818,170590722918,,63,63,102,59,07,N,12,1029.67,102967,INR,179049.88,182899.48588848818,5814,M_5814_00066
TX_00000818,CARD_000953,607152******2900,IN_PROD_SUPER_PREMIUM_HNI,C6_SMALL_BUSINESS_OWNER,2024-01-22T08:34:22.036403+00:00,1705912462.04,0100,000819,170591246219,A56583,00,00,012,59,05,Y,22,5083.37,508337,INR,2604013.93,2604013.92888558,5812,M_5812_00021
TX_00000819,CARD_000953,607152******2900,IN_PROD_SUPER_PREMIUM_HNI,C6_SMALL_BUSINESS_OWNER,2024-01-22T08:35:51.628695+00:00,1705912551.63,0100,000820,170591255120,A70477,00,00,051,00,,Y,16,2525.17,252517,INR,2598930.56,2604013.92888558,5812,M_5812_00021
TX_00000820,CARD_000831,607152******7895,IN_PROD_PMJDY_RUPAY_DEBIT,C1_HOURLY_GIG_WORKER,2024-01-22T09:07:51.012321+00:00,1705914471.01,0100,000821,170591447121,A85785,00,00,051,00,,Y,16,388.2,38820,INR,27796.86,5759.794829851987,5814,M_5814_00066
TX_00000821,CARD_000831,607152******7895,IN_PROD_PMJDY_RUPAY_DEBIT,C1_HOURLY_GIG_WORKER,2024-01-22T09:35:08.983089+00:00,1705916108.98,0100,000822,170591610822,A27567,00,00,051,00,,Y,9,792.66,79266,INR,27408.66,5759.794829851987,5311,M_5311_00079
TX_00000822,CARD_000870,607152******2526,IN_PROD_SUPER_PREMIUM_HNI,C6_SMALL_BUSINESS_OWNER,2024-01-22T09:36:49.654776+00:00,1705916209.65,0100,000823,170591620923,A92857,00,00,012,59,05,Y,23,2198.59,219859,INR,2436012.88,2436012.8786922577,5812,M_5812_00043
TX_00000823,CARD_000870,607152******2526,IN_PROD_SUPER_PREMIUM_HNI,C6_SMALL_BUSINESS_OWNER,2024-01-22T09:41:06.097864+00:00,1705916466.1,0100,000824,170591646624,A17917,00,00,051,00,,Y,15,22509.18,2250918,INR,2433814.29,2436012.8786922577,5812,M_5812_00021
TX_00000824,CARD_000831,607152******7895,IN_PROD_PMJDY_RUPAY_DEBIT,C1_HOURLY_GIG_WORKER,2024-01-22T09:58:50.405442+00:00,1705917530.41,0100,000825,170591753025,A32683,00,00,051,00,,Y,4,617.97,61797,INR,26616.0,5759.794829851987,5311,M_5311_00079
TX_00000825,CARD_000870,607152******2526,IN_PROD_SUPER_PREMIUM_HNI,C6_SMALL_BUSINESS_OWNER,2024-01-22T09:59:54.092524+00:00,1705917594.09,0100,000826,170591759426,A58657,00,00,051,00,,Y,20,23711.19,2371119,INR,2411305.11,2436012.8786922577,5541,M_5541_00119
TX_00000826,CARD_000444,607152******7043,IN_PROD_SUPER_PREMIUM_HNI,C6_SMALL_BUSINESS_OWNER,2024-01-22T13:18:36.856047+00:00,1705929516.86,0100,000827,170592951627,A88046,00,00,071,00,,Y,21,1594.28,159428,INR,4984840.98,4984840.982120931,5542,M_5542_00053
TX_00000827,CARD_000582,607152******2053,IN_PROD_SALARIED_PRIME_REWARDS,C4_SUBURBAN_FAMILY,2024-01-22T13:36:43.451098+00:00,1705930603.45,0100,000828,170593060328,A74293,00,00,071,00,,Y,31,2960.13,296013,INR,251559.54,251559.53692994706,5541,M_5541_00143
TX_00000828,CARD_000444,607152******7043,IN_PROD_SUPER_PREMIUM_HNI,C6_SMALL_BUSINESS_OWNER,2024-01-22T13:43:33.466661+00:00,1705931013.47,0100,000829,170593101329,A42521,00,00,071,00,,Y,2,1538.8,153880,INR,4983246.7,4984840.982120931,5542,M_5542_00053
TX_00000829,CARD_000344,607152******7420,IN_PROD_SUPER_PREMIUM_HNI,C6_SMALL_BUSINESS_OWNER,2024-01-22T13:50:11.116974+00:00,1705931411.12,0100,000830,170593141130,A37764,00,00,012,59,05,Y,15,1365.35,136535,INR,4018597.15,4104329.387343057,5812,M_5812_00021
TX_00000830,CARD_000444,607152******7043,IN_PROD_SUPER_PREMIUM_HNI,C6_SMALL_BUSINESS_OWNER,2024-01-22T13:57:06.469963+00:00,1705931826.47,0100,000831,170593182631,,57,57,012,59,07,N,14,1507.71,150771,INR,4981707.9,4984840.982120931,5411,M_5411_00058
TX_00000831,CARD_000492,607152******6183,IN_PROD_SALARIED_PRIME_REWARDS,C4_SUBURBAN_FAMILY,2024-01-22T14:33:50.079709+00:00,1705934030.08,0100,000832,170593403032,,57,57,012,59,07,N,17,5537.49,553749,INR,125275.7,125275.70369574557,5411,M_5411_00058
TX_00000832,CARD_000217,607152******4790,IN_PROD_SALARIED_PRIME_REWARDS,C4_SUBURBAN_FAMILY,2024-01-22T14:38:34.041897+00:00,1705934314.04,0100,000833,170593431433,A26680,00,00,071,00,,Y,15,1060.75,106075,INR,477937.23,477937.2344453684,5812,M_5812_00021
TX_00000833,CARD_000217,607152******4790,IN_PROD_SALARIED_PRIME_REWARDS,C4_SUBURBAN_FAMILY,2024-01-22T14:50:44.206030+00:00,1705935044.21,0100,000834,170593504434,,65,65,071,00,,Y,38,10000.0,1000000,INR,476876.48,477937.2344453684,5812,M_5812_00021
TX_00000834,CARD_000217,607152******4790,IN_PROD_SALARIED_PRIME_REWARDS,C4_SUBURBAN_FAMILY,2024-01-22T15:02:41.982356+00:00,1705935761.98,0100,000835,170593576135,A85117,00,00,051,00,,Y,27,1731.61,173161,INR,476876.48,477937.2344453684,5812,M_5812_00021
TX_00000835,CARD_000217,607152******4790,IN_PROD_SALARIED_PRIME_REWARDS,C4_SUBURBAN_FAMILY,2024-01-22T15:16:17.768433+00:00,1705936577.77,0100,000836,170593657736,A57922,00,00,071,00,,Y,35,947.81,94781,INR,475144.87,477937.2344453684,5812,M_5812_00021
TX_00000836,CARD_000614,607152******9638,IN_PROD_ENTRY_FD_BACKED,C1_HOURLY_GIG_WORKER,2024-01-22T20:16:10.985246+00:00,1705954570.99,0100,000837,170595457037,A93051,00,00,051,00,,Y,17,508.98,50898,INR,10132.2,15390.383447232069,5311,M_5311_00052
TX_00000837,CARD_000614,607152******9638,IN_PROD_ENTRY_FD_BACKED,C1_HOURLY_GIG_WORKER,2024-01-22T20:38:57.621722+00:00,1705955937.62,0100,000838,170595593738,A10102,00,00,071,00,,Y,26,55.55,5555,INR,9623.22,15390.383447232069,5311,M_5311_00052
TX_00000838,CARD_000614,607152******9638,IN_PROD_ENTRY_FD_BACKED,C1_HOURLY_GIG_WORKER,2024-01-22T20:57:29.167631+00:00,1705957049.17,0100,000839,170595704939,A89292,00,00,051,00,,Y,14,708.83,70883,INR,9567.67,15390.383447232069,5311,M_5311_00052
TX_00000839,CARD_000614,607152******9638,IN_PROD_ENTRY_FD_BACKED,C1_HOURLY_GIG_WORKER,2024-01-22T21:00:17.374147+00:00,1705957217.37,0100,000840,170595721740,A67936,00,00,071,00,,Y,0,430.89,43089,INR,8858.84,15390.383447232069,5311,M_5311_00052
TX_00000840,CARD_000614,607152******9638,IN_PROD_ENTRY_FD_BACKED,C1_HOURLY_GIG_WORKER,2024-01-22T21:04:55.966274+00:00,1705957495.97,0100,000841,170595749541,A95511,00,00,051,00,,Y,8,796.9,79690,INR,8427.96,15390.383447232069,5311,M_5311_00052
TX_00000841,CARD_000614,607152******9638,IN_PROD_ENTRY_FD_BACKED,C1_HOURLY_GIG_WORKER,2024-01-22T21:15:11.874611+00:00,1705958111.87,0100,000842,170595811142,A85265,00,00,071,00,,Y,21,380.72,38072,INR,7631.06,15390.383447232069,5311,M_5311_00052
TX_00000842,CARD_000614,607152******9638,IN_PROD_ENTRY_FD_BACKED,C1_HOURLY_GIG_WORKER,2024-01-22T21:20:09.329259+00:00,1705958409.33,0100,000843,170595840943,A82637,00,00,051,00,,Y,6,413.01,41301,INR,7250.34,15390.383447232069,5311,M_5311_00052
TX_00000843,CARD_000614,607152******9638,IN_PROD_ENTRY_FD_BACKED,C1_HOURLY_GIG_WORKER,2024-01-22T21:23:43.833116+00:00,1705958623.83,0100,000844,170595862344,A36628,00,00,051,00,,Y,5,327.64,32764,INR,6837.32,15390.383447232069,5311,M_5311_00052
TX_00000844,CARD_000614,607152******9638,IN_PROD_ENTRY_FD_BACKED,C1_HOURLY_GIG_WORKER,2024-01-22T21:27:14.936978+00:00,1705958834.94,0100,000845,170595883445,,82,82,102,59,05,Y,32,741.26,74126,INR,6509.69,15390.383447232069,5411,M_5411_00149
TX_00000845,CARD_000614,607152******9638,IN_PROD_ENTRY_FD_BACKED,C1_HOURLY_GIG_WORKER,2024-01-22T21:27:44.032669+00:00,1705958864.03,0100,000846,170595886446,A99767,00,00,012,59,05,Y,10,925.56,92556,INR,6509.69,15390.383447232069,6051,M_6051_00023
TX_00000846,CARD_000614,607152******9638,IN_PROD_ENTRY_FD_BACKED,C1_HOURLY_GIG_WORKER,2024-01-22T21:29:40.723740+00:00,1705958980.72,0100,000847,170595898047,A94791,00,00,051,00,,Y,59,1093.22,109322,INR,5584.13,15390.383447232069,5311,M_5311_00052
TX_00000847,CARD_000614,607152******9638,IN_PROD_ENTRY_FD_BACKED,C1_HOURLY_GIG_WORKER,2024-01-22T21:32:24.133245+00:00,1705959144.13,0100,000848,170595914448,A14531,00,00,051,00,,Y,65,427.39,42739,INR,4490.91,15390.383447232069,5311,M_5311_00052
TX_00000848,CARD_000179,607152******3301,IN_PROD_PMJDY_RUPAY_DEBIT,C1_HOURLY_GIG_WORKER,2024-01-23T07:38:02.791948+00:00,1705995482.79,0100,000849,170599548249,A31973,00,00,051,00,,Y,20,1075.02,107502,INR,76008.23,2153.625951923333,5814,M_5814_00061
TX_00000849,CARD_000941,607152******2639,IN_PROD_SUPER_PREMIUM_HNI,C6_SMALL_BUSINESS_OWNER,2024-01-23T08:44:36.237126+00:00,1705999476.24,0100,000850,170599947650,A18229,00,00,051,00,,Y,2,617.83,61783,INR,2734326.02,2734326.0210410785,5541,M_5541_00019
TX_00000850,CARD_000926,607152******9109,IN_PROD_SALARIED_PRIME_REWARDS,C4_SUBURBAN_FAMILY,2024-01-23T10:32:00.337719+00:00,1706005920.34,0100,000851,170600592051,A91423,00,00,051,00,,Y,16,46839.43,4683943,INR,139497.81,139497.81392370554,5812,M_5812_00021
TX_00000851,CARD_000112,607152******4573,IN_PROD_SALARIED_PRIME_REWARDS,C4_SUBURBAN_FAMILY,2024-01-23T11:54:48.560657+00:00,1706010888.56,0100,000852,170601088852,A31625,00,00,071,00,,Y,14,3741.65,374165,INR,366935.47,406530.33846102026,5541,M_5541_00113
TX_00000852,CARD_000050,607152******7426,IN_PROD_SUPER_PREMIUM_HNI,C7_LUXURY_AFFLUENT,2024-01-23T14:32:45.746306+00:00,1706020365.75,0100,000853,170602036553,,65,65,071,00,,Y,2,32000.0,3200000,INR,2170477.42,2170477.41959918,5812,M_5812_00021
TX_00000853,CARD_000268,607152******1322,IN_PROD_SALARIED_PRIME_REWARDS,C4_SUBURBAN_FAMILY,2024-01-23T14:39:40.349793+00:00,1706020780.35,0100,000854,170602078054,A90021,00,00,071,00,,Y,47,1344.72,134472,INR,178817.67,178817.66537947924,5912,M_5912_00101
TX_00000854,CARD_000050,607152******7426,IN_PROD_SUPER_PREMIUM_HNI,C7_LUXURY_AFFLUENT,2024-01-23T14:42:51.270651+00:00,1706020971.27,0100,000855,170602097155,A76702,00,00,071,00,,Y,12,3437.31,343731,INR,2170477.42,2170477.41959918,5812,M_5812_00021
TX_00000855,CARD_000268,607152******1322,IN_PROD_SALARIED_PRIME_REWARDS,C4_SUBURBAN_FAMILY,2024-01-23T14:45:43.309900+00:00,1706021143.31,0100,000856,170602114356,A65241,00,00,102,59,05,Y,12,5638.1,563810,INR,177472.95,178817.66537947924,5999,M_5999_00142
TX_00000856,CARD_000050,607152******7426,IN_PROD_SUPER_PREMIUM_HNI,C7_LUXURY_AFFLUENT,2024-01-23T14:52:48.419168+00:00,1706021568.42,0100,000857,170602156857,A76390,00,00,071,00,,Y,17,2761.12,276112,INR,2167040.11,2170477.41959918,5812,M_5812_00021
TX_00000857,CARD_000050,607152******7426,IN_PROD_SUPER_PREMIUM_HNI,C7_LUXURY_AFFLUENT,2024-01-23T14:57:24.040793+00:00,1706021844.04,0100,000858,170602184458,A88976,00,00,051,00,,Y,25,2608.33,260833,INR,2164278.99,2170477.41959918,5812,M_5812_00021
TX_00000858,CARD_000050,607152******7426,IN_PROD_SUPER_PREMIUM_HNI,C7_LUXURY_AFFLUENT,2024-01-23T15:04:17.142545+00:00,1706022257.14,0100,000859,170602225759,,57,57,012,59,07,N,38,4396.26,439626,INR,2161670.66,2170477.41959918,5812,M_5812_00145
TX_00000859,CARD_000268,607152******1322,IN_PROD_SALARIED_PRIME_REWARDS,C4_SUBURBAN_FAMILY,2024-01-23T15:05:49.297803+00:00,1706022349.3,0100,000860,170602234960,A57633,00,00,051,00,,Y,26,20382.9,2038290,INR,171834.85,178817.66537947924,5912,M_5912_00101
TX_00000860,CARD_000050,607152******7426,IN_PROD_SUPER_PREMIUM_HNI,C7_LUXURY_AFFLUENT,2024-01-23T15:08:26.879237+00:00,1706022506.88,0100,000861,170602250661,,65,65,071,00,,Y,28,5403.04,540304,INR,2161670.66,2170477.41959918,5812,M_5812_00021
TX_00000861,CARD_000268,607152******1322,IN_PROD_SALARIED_PRIME_REWARDS,C4_SUBURBAN_FAMILY,2024-01-23T15:20:01.004516+00:00,1706023201.0,0100,000862,170602320162,A48116,00,00,071,00,,Y,11,1010.57,101057,INR,151451.95,178817.66537947924,5912,M_5912_00101
TX_00000862,CARD_000268,607152******1322,IN_PROD_SALARIED_PRIME_REWARDS,C4_SUBURBAN_FAMILY,2024-01-23T15:24:12.285713+00:00,1706023452.29,0100,000863,170602345263,A25545,00,00,071,00,,Y,59,1686.8,168680,INR,150441.38,178817.66537947924,5912,M_5912_00101
TX_00000863,CARD_000050,607152******7426,IN_PROD_SUPER_PREMIUM_HNI,C7_LUXURY_AFFLUENT,2024-01-23T15:32:59.775301+00:00,1706023979.78,0100,000864,170602397964,A35143,00,00,071,00,,Y,31,1713.62,171362,INR,2161670.66,2170477.41959918,5311,M_5311_00007
TX_00000864,CARD_000268,607152******1322,IN_PROD_SALARIED_PRIME_REWARDS,C4_SUBURBAN_FAMILY,2024-01-23T15:37:33.081425+00:00,1706024253.08,0100,000865,170602425365,A15658,00,00,051,00,,Y,18,3258.51,325851,INR,148754.58,178817.66537947924,5912,M_5912_00101
TX_00000865,CARD_000050,607152******7426,IN_PROD_SUPER_PREMIUM_HNI,C7_LUXURY_AFFLUENT,2024-01-23T15:54:23.358917+00:00,1706025263.36,0100,000866,170602526366,A32405,00,00,051,00,,Y,0,10040.14,1004014,INR,2159957.05,2170477.41959918,5812,M_5812_00021
TX_00000866,CARD_000268,607152******1322,IN_PROD_SALARIED_PRIME_REWARDS,C4_SUBURBAN_FAMILY,2024-01-23T15:56:48.499944+00:00,1706025408.5,0100,000867,170602540867,A63515,00,00,102,59,05,Y,15,827.5,82750,INR,145496.06,178817.66537947924,5732,M_5732_00045
TX_00000867,CARD_000268,607152******1322,IN_PROD_SALARIED_PRIME_REWARDS,C4_SUBURBAN_FAMILY,2024-01-23T16:10:18.491713+00:00,1706026218.49,0100,000868,170602621868,A22831,00,00,102,59,05,Y,5,1159.99,115999,INR,144668.57,178817.66537947924,5999,M_5999_00142
TX_00000868,CARD_000268,607152******1322,IN_PROD_SALARIED_PRIME_REWARDS,C4_SUBURBAN_FAMILY,2024-01-23T16:16:37.757883+00:00,1706026597.76,0100,000869,170602659769,A49169,00,00,051,00,,Y,1,642.99,64299,INR,143508.58,178817.66537947924,5912,M_5912_00101
TX_00000869,CARD_000268,607152******1322,IN_PROD_SALARIED_PRIME_REWARDS,C4_SUBURBAN_FAMILY,2024-01-23T16:31:44.675381+00:00,1706027504.68,0100,000870,170602750470,A92819,00,00,051,00,,Y,16,2365.75,236575,INR,142865.6,178817.66537947924,5912,M_5912_00101
TX_00000870,CARD_000825,607152******1963,IN_PROD_ENTRY_FD_BACKED,C2_FIXED_INCOME_SENIOR,2024-01-23T16:43:48.516846+00:00,1706028228.52,0100,000871,170602822871,A69476,00,00,051,00,,Y,7,407.24,40724,INR,33200.57,38815.85849591621,5812,M_5812_00102
TX_00000871,CARD_000825,607152******1963,IN_PROD_ENTRY_FD_BACKED,C2_FIXED_INCOME_SENIOR,2024-01-23T16:54:17.207704+00:00,1706028857.21,0100,000872,170602885772,A73036,00,00,102,59,05,Y,24,2912.11,291211,INR,32793.33,38815.85849591621,5732,M_5732_00045
TX_00000872,CARD_000268,607152******1322,IN_PROD_SALARIED_PRIME_REWARDS,C4_SUBURBAN_FAMILY,2024-01-23T17:01:44.675381+00:00,1706029304.68,0100,000873,170602930473,A95059,00,00,012,59,05,Y,25,2368.45,236845,INR,140499.84,178817.66537947924,5812,M_5812_00081
TX_00000873,CARD_000825,607152******1963,IN_PROD_ENTRY_FD_BACKED,C2_FIXED_INCOME_SENIOR,2024-01-23T17:05:39.641854+00:00,1706029539.64,0100,000874,170602953974,A54374,00,00,051,00,,Y,18,2740.82,274082,INR,29881.22,38815.85849591621,5814,M_5814_00125
TX_00000874,CARD_000825,607152******1963,IN_PROD_ENTRY_FD_BACKED,C2_FIXED_INCOME_SENIOR,2024-01-23T17:23:23.549231+00:00,1706030603.55,0100,000875,170603060375,A55866,00,00,051,00,,Y,20,1330.57,133057,INR,27140.4,38815.85849591621,5814,M_5814_00125
TX_00000875,CARD_000044,607152******3181,IN_PROD_SUPER_PREMIUM_HNI,C7_LUXURY_AFFLUENT,2024-01-23T17:42:15.389658+00:00,1706031735.39,0100,000876,170603173576,A16832,00,00,071,00,,Y,20,3169.35,316935,INR,2018608.78,2018608.7799550858,5999,M_5999_00142
TX_00000876,CARD_000825,607152******1963,IN_PROD_ENTRY_FD_BACKED,C2_FIXED_INCOME_SENIOR,2024-01-23T17:53:23.549231+00:00,1706032403.55,0100,000877,170603240377,A91655,00,00,051,00,,Y,32,1409.67,140967,INR,25809.83,38815.85849591621,5814,M_5814_00066
TX_00000877,CARD_000044,607152******3181,IN_PROD_SUPER_PREMIUM_HNI,C7_LUXURY_AFFLUENT,2024-01-23T18:01:07.183361+00:00,1706032867.18,0100,000878,170603286778,A77327,00,00,051,00,,Y,13,1207.23,120723,INR,2015439.43,2018608.7799550858,5541,M_5541_00129
TX_00000878,CARD_000605,607152******2410,IN_PROD_SALARIED_PRIME_REWARDS,C2_FIXED_INCOME_SENIOR,2024-01-23T18:15:13.425113+00:00,1706033713.43,0100,000879,170603371379,A17767,00,00,051,00,,Y,33,1722.76,172276,INR,235612.76,235612.7592205495,5411,M_5411_00097
TX_00000879,CARD_000044,607152******3181,IN_PROD_SUPER_PREMIUM_HNI,C7_LUXURY_AFFLUENT,2024-01-23T18:23:16.497162+00:00,1706034196.5,0100,000880,170603419680,A42082,00,00,051,00,,Y,16,11456.79,1145679,INR,2014232.19,2018608.7799550858,5999,M_5999_00142
TX_00000880,CARD_000605,607152******2410,IN_PROD_SALARIED_PRIME_REWARDS,C2_FIXED_INCOME_SENIOR,2024-01-23T18:34:26.067805+00:00,1706034866.07,0100,000881,170603486681,A97700,00,00,071,00,,Y,39,2248.3,224830,INR,233890.0,235612.7592205495,5411,M_5411_00097
TX_00000881,CARD_000605,607152******2410,IN_PROD_SALARIED_PRIME_REWARDS,C2_FIXED_INCOME_SENIOR,2024-01-23T18:43:01.151208+00:00,1706035381.15,0100,000882,170603538182,A96056,00,00,102,59,05,Y,0,1511.38,151138,INR,231641.7,235612.7592205495,5812,M_5812_00021
TX_00000882,CARD_000605,607152******2410,IN_PROD_SALARIED_PRIME_REWARDS,C2_FIXED_INCOME_SENIOR,2024-01-23T19:09:26.535352+00:00,1706036966.54,0100,000883,170603696683,A15668,00,00,071,00,,Y,32,1894.37,189437,INR,230130.32,235612.7592205495,5411,M_5411_00097
TX_00000883,CARD_000605,607152******2410,IN_PROD_SALARIED_PRIME_REWARDS,C2_FIXED_INCOME_SENIOR,2024-01-23T19:16:18.231902+00:00,1706037378.23,0100,000884,170603737884,,63,63,012,59,07,N,25,447.57,44757,INR,228235.96,235612.7592205495,5411,M_5411_00036
TX_00000884,CARD_000685,607152******8634,IN_PROD_SUPER_PREMIUM_HNI,C6_SMALL_BUSINESS_OWNER,2024-01-23T19:44:41.459002+00:00,1706039081.46,0100,000885,170603908185,A46040,00,00,012,59,05,Y,29,7319.32,731932,INR,3551134.23,3551134.233556602,5912,M_5912_00117
TX_00000885,CARD_000685,607152******8634,IN_PROD_SUPER_PREMIUM_HNI,C6_SMALL_BUSINESS_OWNER,2024-01-23T19:45:02.227874+00:00,1706039102.23,0100,000886,170603910286,A31297,00,00,012,59,05,Y,8,25586.18,2558618,INR,3543814.91,3551134.233556602,5411,M_5411_00058
TX_00000886,CARD_000685,607152******8634,IN_PROD_SUPER_PREMIUM_HNI,C6_SMALL_BUSINESS_OWNER,2024-01-23T19:49:24.040993+00:00,1706039364.04,0100,000887,170603936487,A74011,00,00,051,00,,Y,44,3635.56,363556,INR,3518228.73,3551134.233556602,5311,M_5311_00104
TX_00000887,CARD_000685,607152******8634,IN_PROD_SUPER_PREMIUM_HNI,C6_SMALL_BUSINESS_OWNER,2024-01-23T19:58:35.016843+00:00,1706039915.02,0100,000888,170603991588,A60506,00,00,051,00,,Y,19,945.1,94510,INR,3514593.17,3551134.233556602,5311,M_5311_00104
TX_00000888,CARD_000182,607152******7082,IN_PROD_SALARIED_PRIME_REWARDS,C3_YOUNG_ADULT_STUDENT,2024-01-23T20:26:16.548652+00:00,1706041576.55,0100,000889,170604157689,A75994,00,00,071,00,,Y,14,1017.65,101765,INR,132112.59,132112.5902109644,5411,M_5411_00068
TX_00000889,CARD_000685,607152******8634,IN_PROD_SUPER_PREMIUM_HNI,C6_SMALL_BUSINESS_OWNER,2024-01-23T20:28:35.016843+00:00,1706041715.02,0100,000890,170604171590,A90040,00,00,012,59,05,Y,1,900.49,90049,INR,3513648.07,3551134.233556602,5812,M_5812_00021
TX_00000890,CARD_000182,607152******7082,IN_PROD_SALARIED_PRIME_REWARDS,C3_YOUNG_ADULT_STUDENT,2024-01-23T20:41:52.092407+00:00,1706042512.09,0100,000891,170604251291,A87497,00,00,071,00,,Y,17,504.24,50424,INR,131094.94,132112.5902109644,5411,M_5411_00068
TX_00000891,CARD_000685,607152******8634,IN_PROD_SUPER_PREMIUM_HNI,C6_SMALL_BUSINESS_OWNER,2024-01-23T20:42:15.722745+00:00,1706042535.72,0100,000892,170604253592,A82689,00,00,012,59,05,Y,8,3290.47,329047,INR,3512747.58,3551134.233556602,5812,M_5812_00021
TX_00000892,CARD_000673,607152******2625,IN_PROD_SALARIED_PRIME_REWARDS,C5_URBAN_TECH_PROFESSIONAL,2024-01-23T20:52:04.646563+00:00,1706043124.65,0100,000893,170604312493,A75579,00,00,071,00,,Y,3,708.38,70838,INR,250578.04,250578.04081784087,5411,M_5411_00036
TX_00000893,CARD_000673,607152******2625,IN_PROD_SALARIED_PRIME_REWARDS,C5_URBAN_TECH_PROFESSIONAL,2024-01-23T20:57:29.143978+00:00,1706043449.14,0100,000894,170604344994,A98621,00,00,071,00,,Y,39,1144.05,114405,INR,249869.66,250578.04081784087,5411,M_5411_00036
TX_00000894,CARD_000673,607152******2625,IN_PROD_SALARIED_PRIME_REWARDS,C5_URBAN_TECH_PROFESSIONAL,2024-01-23T21:02:39.471157+00:00,1706043759.47,0100,000895,170604375995,A72224,00,00,012,59,05,Y,4,3455.34,345534,INR,248725.62,250578.04081784087,5812,M_5812_00075
TX_00000895,CARD_000182,607152******7082,IN_PROD_SALARIED_PRIME_REWARDS,C3_YOUNG_ADULT_STUDENT,2024-01-23T21:05:16.285502+00:00,1706043916.29,0100,000896,170604391696,A91904,00,00,071,00,,Y,39,597.73,59773,INR,130590.71,132112.5902109644,5812,M_5812_00047
TX_00000896,CARD_000685,607152******8634,IN_PROD_SUPER_PREMIUM_HNI,C6_SMALL_BUSINESS_OWNER,2024-01-23T21:12:15.722745+00:00,1706044335.72,0100,000897,170604433597,A94980,00,00,102,59,05,Y,0,8615.4,861540,INR,3509457.11,3551134.233556602,5999,M_5999_00142
TX_00000897,CARD_000685,607152******8634,IN_PROD_SUPER_PREMIUM_HNI,C6_SMALL_BUSINESS_OWNER,2024-01-23T21:15:26.568401+00:00,1706044526.57,0100,000898,170604452698,,65,65,071,00,,Y,11,14627.87,1462787,INR,3500841.7,3551134.233556602,5411,M_5411_00025
TX_00000898,CARD_000206,607152******5284,IN_PROD_SALARIED_PRIME_REWARDS,C2_FIXED_INCOME_SENIOR,2024-01-23T21:20:50.084265+00:00,1706044850.08,0100,000899,170604485099,A29841,00,00,051,00,,Y,43,15693.98,1569398,INR,156822.93,156822.9301361543,5912,M_5912_00029
TX_00000899,CARD_000182,607152******7082,IN_PROD_SALARIED_PRIME_REWARDS,C3_YOUNG_ADULT_STUDENT,2024-01-23T21:35:16.285502+00:00,1706045716.29,0100,000900,170604571600,A75258,00,00,071,00,,Y,35,696.74,69674,INR,129992.97,132112.5902109644,5812,M_5812_00123
TX_00000900,CARD_000185,607152******7859,IN_PROD_SUPER_PREMIUM_HNI,C7_LUXURY_AFFLUENT,2024-01-24T12:36:10.582284+00:00,1706099770.58,0100,000901,170609977001,A21733,00,00,051,00,,Y,27,8433.66,843366,INR,2741563.12,3011907.2287631817,5812,M_5812_00021
TX_00000901,CARD_000185,607152******7859,IN_PROD_SUPER_PREMIUM_HNI,C7_LUXURY_AFFLUENT,2024-01-24T12:40:00.396550+00:00,1706100000.4,0100,000902,170610000002,,65,65,071,00,,Y,44,7294.53,729453,INR,2733129.46,3011907.2287631817,5812,M_5812_00021
TX_00000902,CARD_000906,607152******1236,IN_PROD_SALARIED_PRIME_REWARDS,C3_YOUNG_ADULT_STUDENT,2024-01-24T13:21:41.104584+00:00,1706102501.1,0100,000903,170610250103,A58022,00,00,051,00,,Y,2,450.23,45023,INR,394111.99,394111.991076145,5812,M_5812_00021
TX_00000903,CARD_000906,607152******1236,IN_PROD_SALARIED_PRIME_REWARDS,C3_YOUNG_ADULT_STUDENT,2024-01-24T13:41:06.421578+00:00,1706103666.42,0100,000904,170610366604,A89029,00,00,071,00,,Y,50,165.0,16500,INR,393661.76,394111.991076145,5812,M_5812_00021
TX_00000904,CARD_000906,607152******1236,IN_PROD_SALARIED_PRIME_REWARDS,C3_YOUNG_ADULT_STUDENT,2024-01-24T14:11:06.421578+00:00,1706105466.42,0100,000905,170610546605,A20619,00,00,102,59,05,Y,0,817.89,81789,INR,393496.76,394111.991076145,5814,M_5814_00066
TX_00000905,CARD_000906,607152******1236,IN_PROD_SALARIED_PRIME_REWARDS,C3_YOUNG_ADULT_STUDENT,2024-01-24T14:14:38.572706+00:00,1706105678.57,0100,000906,170610567806,A36435,00,00,051,00,,Y,15,261.7,26170,INR,392678.87,394111.991076145,5311,M_5311_00138
TX_00000906,CARD_000906,607152******1236,IN_PROD_SALARIED_PRIME_REWARDS,C3_YOUNG_ADULT_STUDENT,2024-01-24T14:17:44.742010+00:00,1706105864.74,0100,000907,170610586407,A40293,00,00,051,00,,Y,9,221.65,22165,INR,392417.17,394111.991076145,5311,M_5311_00138
TX_00000907,CARD_000906,607152******1236,IN_PROD_SALARIED_PRIME_REWARDS,C3_YOUNG_ADULT_STUDENT,2024-01-24T14:21:19.283668+00:00,1706106079.28,0100,000908,170610607908,A96374,00,00,071,00,,Y,7,995.42,99542,INR,392195.52,394111.991076145,5311,M_5311_00138
TX_00000908,CARD_000906,607152******1236,IN_PROD_SALARIED_PRIME_REWARDS,C3_YOUNG_ADULT_STUDENT,2024-01-24T14:36:50.781807+00:00,1706107010.78,0100,000909,170610701009,A49467,00,00,071,00,,Y,21,552.03,55203,INR,391200.1,394111.991076145,5311,M_5311_00138
TX_00000909,CARD_000906,607152******1236,IN_PROD_SALARIED_PRIME_REWARDS,C3_YOUNG_ADULT_STUDENT,2024-01-24T14:42:03.996305+00:00,1706107324.0,0100,000910,170610732310,A85625,00,00,071,00,,Y,19,961.17,96117,INR,390648.07,394111.991076145,5311,M_5311_00138
TX_00000910,CARD_000029,607152******8446,IN_PROD_SALARIED_PRIME_REWARDS,C3_YOUNG_ADULT_STUDENT,2024-01-24T15:45:00.562578+00:00,1706111100.56,0100,000911,170611110011,A12397,00,00,102,59,05,Y,10,683.9,68390,INR,365091.71,366200.65310118743,5541,M_5541_00113
TX_00000911,CARD_000424,607152******1069,IN_PROD_SALARIED_PRIME_REWARDS,C2_FIXED_INCOME_SENIOR,2024-01-24T16:39:16.517652+00:00,1706114356.52,0100,000912,170611435612,A81635,00,00,051,00,,Y,8,443.4,44340,INR,297222.86,331655.58180807374,5411,M_5411_00088
TX_00000912,CARD_000424,607152******1069,IN_PROD_SALARIED_PRIME_REWARDS,C2_FIXED_INCOME_SENIOR,2024-01-24T16:59:50.134681+00:00,1706115590.13,0100,000913,170611559013,A55284,00,00,051,00,,Y,1,184.58,18458,INR,296779.46,331655.58180807374,5411,M_5411_00088
TX_00000913,CARD_000590,607152******2646,IN_PROD_SALARIED_PRIME_REWARDS,C4_SUBURBAN_FAMILY,2024-01-24T18:07:16.699583+00:00,1706119636.7,0100,000914,170611963614,A28826,00,00,071,00,,Y,13,982.31,98231,INR,105737.1,117853.38332564718,5812,M_5812_00021
TX_00000914,CARD_000590,607152******2646,IN_PROD_SALARIED_PRIME_REWARDS,C4_SUBURBAN_FAMILY,2024-01-24T18:11:55.118678+00:00,1706119915.12,0100,000915,170611991515,A25308,00,00,071,00,,Y,2,3401.98,340198,INR,104754.78,117853.38332564718,5812,M_5812_00021
TX_00000915,CARD_000590,607152******2646,IN_PROD_SALARIED_PRIME_REWARDS,C4_SUBURBAN_FAMILY,2024-01-24T18:26:16.088795+00:00,1706120776.09,0100,000916,170612077616,,57,57,012,59,07,N,18,1378.62,137862,INR,101352.81,117853.38332564718,5912,M_5912_00091
TX_00000916,CARD_000624,607152******6290,IN_PROD_SUPER_PREMIUM_HNI,C7_LUXURY_AFFLUENT,2024-01-24T18:30:15.599961+00:00,1706121015.6,0100,000917,170612101517,A70889,00,00,012,59,05,Y,6,14376.73,1437673,INR,2295654.61,2295654.610636458,5812,M_5812_00021
TX_00000917,CARD_000624,607152******6290,IN_PROD_SUPER_PREMIUM_HNI,C7_LUXURY_AFFLUENT,2024-01-24T18:33:16.914588+00:00,1706121196.91,0100,000918,170612119618,A74256,00,00,012,59,05,Y,35,2098.69,209869,INR,2281277.88,2295654.610636458,5812,M_5812_00021
TX_00000918,CARD_000590,607152******2646,IN_PROD_SALARIED_PRIME_REWARDS,C4_SUBURBAN_FAMILY,2024-01-24T18:45:38.042500+00:00,1706121938.04,0100,000919,170612193819,A89928,00,00,051,00,,Y,36,2294.52,229452,INR,101352.81,117853.38332564718,5812,M_5812_00081
TX_00000919,CARD_000590,607152******2646,IN_PROD_SALARIED_PRIME_REWARDS,C4_SUBURBAN_FAMILY,2024-01-24T19:00:39.794802+00:00,1706122839.79,0100,000920,170612283920,A34489,00,00,071,00,,Y,23,3400.71,340071,INR,99058.29,117853.38332564718,5812,M_5812_00081
TX_00000920,CARD_000590,607152******2646,IN_PROD_SALARIED_PRIME_REWARDS,C4_SUBURBAN_FAMILY,2024-01-24T19:15:31.110884+00:00,1706123731.11,0100,000921,170612373121,,57,57,102,59,07,N,49,720.83,72083,INR,95657.58,117853.38332564718,5541,M_5541_00095
TX_00000921,CARD_000901,607152******8409,IN_PROD_SALARIED_PRIME_REWARDS,C4_SUBURBAN_FAMILY,2024-01-24T19:21:35.762445+00:00,1706124095.76,0100,000922,170612409522,A74034,00,00,051,00,,Y,27,1583.43,158343,INR,141114.09,141114.09469078967,5411,M_5411_00073
TX_00000922,CARD_000590,607152******2646,IN_PROD_SALARIED_PRIME_REWARDS,C4_SUBURBAN_FAMILY,2024-01-24T19:38:34.233331+00:00,1706125114.23,0100,000923,170612511423,A43895,00,00,071,00,,Y,15,1040.77,104077,INR,95657.58,117853.38332564718,5812,M_5812_00081
TX_00000923,CARD_000590,607152******2646,IN_PROD_SALARIED_PRIME_REWARDS,C4_SUBURBAN_FAMILY,2024-01-24T19:48:15.924964+00:00,1706125695.92,0100,000924,170612569524,A41853,00,00,051,00,,Y,50,2374.77,237477,INR,94616.81,117853.38332564718,5812,M_5812_00081
TX_00000924,CARD_000514,607152******2013,IN_PROD_SUPER_PREMIUM_HNI,C6_SMALL_BUSINESS_OWNER,2024-01-24T19:50:19.240250+00:00,1706125819.24,0100,000925,170612581925,A55301,00,00,012,59,05,Y,10,924.55,92455,INR,3612885.87,3612885.8704556515,5812,M_5812_00021
TX_00000925,CARD_000590,607152******2646,IN_PROD_SALARIED_PRIME_REWARDS,C4_SUBURBAN_FAMILY,2024-01-24T19:52:09.796743+00:00,1706125929.8,0100,000926,170612592926,A84182,00,00,051,00,,Y,0,873.18,87318,INR,92242.04,117853.38332564718,5812,M_5812_00081
TX_00000926,CARD_000590,607152******2646,IN_PROD_SALARIED_PRIME_REWARDS,C4_SUBURBAN_FAMILY,2024-01-24T19:57:12.938610+00:00,1706126232.94,0100,000927,170612623227,A48067,00,00,071,00,,Y,27,1460.02,146002,INR,91368.86,117853.38332564718,5812,M_5812_00081
TX_00000927,CARD_000514,607152******2013,IN_PROD_SUPER_PREMIUM_HNI,C6_SMALL_BUSINESS_OWNER,2024-01-24T19:57:38.969055+00:00,1706126258.97,0100,000928,170612625828,A23983,00,00,102,59,05,Y,22,3563.53,356353,INR,3611961.32,3612885.8704556515,5411,M_5411_00058
TX_00000928,CARD_000590,607152******2646,IN_PROD_SALARIED_PRIME_REWARDS,C4_SUBURBAN_FAMILY,2024-01-24T20:13:30.541019+00:00,1706127210.54,0100,000929,170612721029,,57,57,102,59,07,N,25,362.66,36266,INR,89908.84,117853.38332564718,5541,M_5541_00113
TX_00000929,CARD_000590,607152******2646,IN_PROD_SALARIED_PRIME_REWARDS,C4_SUBURBAN_FAMILY,2024-01-24T20:26:25.327233+00:00,1706127985.33,0100,000930,170612798530,,57,57,102,59,07,N,1,1501.4,150140,INR,89908.84,117853.38332564718,5812,M_5812_00107
TX_00000930,CARD_000590,607152******2646,IN_PROD_SALARIED_PRIME_REWARDS,C4_SUBURBAN_FAMILY,2024-01-24T20:45:08.823633+00:00,1706129108.82,0100,000931,170612910831,A94193,00,00,071,00,,Y,23,2328.46,232846,INR,89908.84,117853.38332564718,5999,M_5999_00142
TX_00000931,CARD_000007,607152******1909,IN_PROD_SALARIED_PRIME_REWARDS,C3_YOUNG_ADULT_STUDENT,2024-01-24T21:30:58.509068+00:00,1706131858.51,0100,000932,170613185832,A30104,00,00,071,00,,Y,12,354.58,35458,INR,168216.08,179758.767016656,5812,M_5812_00021
TX_00000932,CARD_000007,607152******1909,IN_PROD_SALARIED_PRIME_REWARDS,C3_YOUNG_ADULT_STUDENT,2024-01-24T21:34:18.039608+00:00,1706132058.04,0100,000933,170613205833,A61508,00,00,102,59,05,Y,37,574.94,57494,INR,167861.5,179758.767016656,5812,M_5812_00081
TX_00000933,CARD_000007,607152******1909,IN_PROD_SALARIED_PRIME_REWARDS,C3_YOUNG_ADULT_STUDENT,2024-01-24T21:35:21.772524+00:00,1706132121.77,0100,000934,170613212134,A20221,00,00,071,00,,Y,13,535.71,53571,INR,167286.56,179758.767016656,5812,M_5812_00021
TX_00000934,CARD_000007,607152******1909,IN_PROD_SALARIED_PRIME_REWARDS,C3_YOUNG_ADULT_STUDENT,2024-01-24T21:38:23.857051+00:00,1706132303.86,0100,000935,170613230335,A15457,00,00,012,59,05,Y,11,314.9,31490,INR,166750.85,179758.767016656,5812,M_5812_00021
TX_00000935,CARD_000007,607152******1909,IN_PROD_SALARIED_PRIME_REWARDS,C3_YOUNG_ADULT_STUDENT,2024-01-24T21:41:57.356120+00:00,1706132517.36,0100,000936,170613251736,A78181,00,00,051,00,,Y,26,547.3,54730,INR,166435.95,179758.767016656,5812,M_5812_00021
TX_00000936,CARD_000007,607152******1909,IN_PROD_SALARIED_PRIME_REWARDS,C3_YOUNG_ADULT_STUDENT,2024-01-24T21:45:13.785784+00:00,1706132713.79,0100,000937,170613271337,A54981,00,00,071,00,,Y,17,1766.08,176608,INR,165888.65,179758.767016656,5812,M_5812_00021
TX_00000937,CARD_000007,607152******1909,IN_PROD_SALARIED_PRIME_REWARDS,C3_YOUNG_ADULT_STUDENT,2024-01-24T21:58:02.737683+00:00,1706133482.74,0100,000938,170613348238,A92859,00,00,071,00,,Y,27,1584.67,158467,INR,164122.58,179758.767016656,5812,M_5812_00021
TX_00000938,CARD_000599,607152******9599,IN_PROD_SALARIED_PRIME_REWARDS,C4_SUBURBAN_FAMILY,2024-01-25T04:03:57.312416+00:00,1706155437.31,0100,000939,170615543739,A92782,00,00,071,00,,Y,22,3504.58,350458,INR,247396.19,271860.6500650863,5814,M_5814_00066
TX_00000939,CARD_000038,607152******4381,IN_PROD_SALARIED_PRIME_REWARDS,C4_SUBURBAN_FAMILY,2024-01-25T07:41:26.072587+00:00,1706168486.07,0100,000940,170616848640,A48287,00,00,051,00,,Y,35,1913.07,191307,INR,224974.91,224974.91278447938,5812,M_5812_00021
TX_00000940,CARD_000785,607152******3741,IN_PROD_SUPER_PREMIUM_HNI,C7_LUXURY_AFFLUENT,2024-01-25T08:40:09.451094+00:00,1706172009.45,0100,000941,170617200941,A82586,00,00,071,00,,Y,2,54.82,5482,INR,3751659.66,3751659.660750445,5812,M_5812_00021
TX_00000941,CARD_000660,607152******7515,IN_PROD_SALARIED_PRIME_REWARDS,C4_SUBURBAN_FAMILY,2024-01-25T09:23:45.279502+00:00,1706174625.28,0100,000942,170617462542,A91856,00,00,102,59,05,Y,46,1858.97,185897,INR,388336.42,388336.4163063969,5411,M_5411_00027
TX_00000942,CARD_000888,607152******8922,IN_PROD_SALARIED_PRIME_REWARDS,C4_SUBURBAN_FAMILY,2024-01-25T09:50:39.483510+00:00,1706176239.48,0100,000943,170617623943,,57,57,012,59,07,N,16,4262.65,426265,INR,318943.69,318943.68839138874,5812,M_5812_00021
TX_00000943,CARD_000577,607152******1316,IN_PROD_SUPER_PREMIUM_HNI,C7_LUXURY_AFFLUENT,2024-01-25T09:50:47.882657+00:00,1706176247.88,0100,000944,170617624744,,65,65,071,00,,Y,4,5014.07,501407,INR,2242249.2,2242249.2042853227,5944,M_5944_00072
TX_00000944,CARD_000681,607152******5446,IN_PROD_SALARIED_PRIME_REWARDS,C4_SUBURBAN_FAMILY,2024-01-25T09:52:01.409624+00:00,1706176321.41,0100,000945,170617632145,A41849,00,00,012,59,05,Y,20,1831.31,183131,INR,244255.37,244255.37030670347,5812,M_5812_00021
TX_00000945,CARD_000577,607152******1316,IN_PROD_SUPER_PREMIUM_HNI,C7_LUXURY_AFFLUENT,2024-01-25T10:08:06.247663+00:00,1706177286.25,0100,000946,170617728646,A55527,00,00,051,00,,Y,13,3238.81,323881,INR,2242249.2,2242249.2042853227,5944,M_5944_00072
TX_00000946,CARD_000498,607152******6121,IN_PROD_SALARIED_PRIME_REWARDS,C5_URBAN_TECH_PROFESSIONAL,2024-01-25T10:17:28.576002+00:00,1706177848.58,0100,000947,170617784847,A88570,00,00,071,00,,Y,18,537.91,53791,INR,148302.14,148302.14482362283,5411,M_5411_00015
TX_00000947,CARD_000577,607152******1316,IN_PROD_SUPER_PREMIUM_HNI,C7_LUXURY_AFFLUENT,2024-01-25T10:17:59.509656+00:00,1706177879.51,0100,000948,170617787948,,65,65,071,00,,Y,18,20441.04,2044104,INR,2239010.39,2242249.2042853227,5944,M_5944_00072
TX_00000948,CARD_000577,607152******1316,IN_PROD_SUPER_PREMIUM_HNI,C7_LUXURY_AFFLUENT,2024-01-25T10:31:55.241793+00:00,1706178715.24,0100,000949,170617871549,,82,82,012,59,05,Y,17,1900.33,190033,INR,2239010.39,2242249.2042853227,5732,M_5732_00045
TX_00000949,CARD_000498,607152******6121,IN_PROD_SALARIED_PRIME_REWARDS,C5_URBAN_TECH_PROFESSIONAL,2024-01-25T10:37:38.574227+00:00,1706179058.57,0100,000950,170617905850,A63576,00,00,102,59,05,Y,34,1301.5,130150,INR,147764.23,148302.14482362283,5812,M_5812_00021
TX_00000950,CARD_000463,607152******9306,IN_PROD_SALARIED_PRIME_REWARDS,C3_YOUNG_ADULT_STUDENT,2024-01-25T10:37:51.645439+00:00,1706179071.65,0100,000951,170617907151,A27322,00,00,071,00,,Y,7,262.73,26273,INR,349723.21,349723.2051362297,5812,M_5812_00046
TX_00000951,CARD_000577,607152******1316,IN_PROD_SUPER_PREMIUM_HNI,C7_LUXURY_AFFLUENT,2024-01-25T10:43:17.125709+00:00,1706179397.13,0100,000952,170617939752,A24148,00,00,012,59,05,Y,45,2507.85,250785,INR,2239010.39,2242249.2042853227,5812,M_5812_00021
TX_00000952,CARD_000577,607152******1316,IN_PROD_SUPER_PREMIUM_HNI,C7_LUXURY_AFFLUENT,2024-01-25T10:48:38.894846+00:00,1706179718.89,0100,000953,170617971853,A29394,00,00,071,00,,Y,20,3495.92,349592,INR,2236502.54,2242249.2042853227,5411,M_5411_00068
TX_00000953,CARD_000577,607152******1316,IN_PROD_SUPER_PREMIUM_HNI,C7_LUXURY_AFFLUENT,2024-01-25T10:52:40.573905+00:00,1706179960.57,0100,000954,170617996054,A43008,00,00,051,00,,Y,21,827.87,82787,INR,2233006.62,2242249.2042853227,5411,M_5411_00068
TX_00000954,CARD_000498,607152******6121,IN_PROD_SALARIED_PRIME_REWARDS,C5_URBAN_TECH_PROFESSIONAL,2024-01-25T11:07:38.574227+00:00,1706180858.57,0100,000955,170618085855,A95812,00,00,102,59,05,Y,19,1533.79,153379,INR,146462.73,148302.14482362283,5812,M_5812_00107
TX_00000955,CARD_000228,607152******5258,IN_PROD_SALARIED_PRIME_REWARDS,C4_SUBURBAN_FAMILY,2024-01-25T11:19:17.078366+00:00,1706181557.08,0100,000956,170618155756,A32341,00,00,102,59,05,Y,2,1880.02,188002,INR,231001.98,231001.98266987962,5411,M_5411_00051
TX_00000956,CARD_000228,607152******5258,IN_PROD_SALARIED_PRIME_REWARDS,C4_SUBURBAN_FAMILY,2024-01-25T11:22:26.565680+00:00,1706181746.57,0100,000957,170618174657,A80548,00,00,051,00,,Y,32,1327.59,132759,INR,229121.96,231001.98266987962,5814,M_5814_00092
TX_00000957,CARD_000228,607152******5258,IN_PROD_SALARIED_PRIME_REWARDS,C4_SUBURBAN_FAMILY,2024-01-25T11:28:07.908406+00:00,1706182087.91,0100,000958,170618208758,A54619,00,00,071,00,,Y,35,1234.51,123451,INR,227794.37,231001.98266987962,5814,M_5814_00092
TX_00000958,CARD_000228,607152******5258,IN_PROD_SALARIED_PRIME_REWARDS,C4_SUBURBAN_FAMILY,2024-01-25T11:30:41.809143+00:00,1706182241.81,0100,000959,170618224159,A45228,00,00,012,59,05,Y,1,8995.56,899556,INR,226559.86,231001.98266987962,5999,M_5999_00142
TX_00000959,CARD_000498,607152******6121,IN_PROD_SALARIED_PRIME_REWARDS,C5_URBAN_TECH_PROFESSIONAL,2024-01-25T11:37:38.574227+00:00,1706182658.57,0100,000960,170618265860,A55158,00,00,012,59,05,Y,5,1942.38,194238,INR,144928.94,148302.14482362283,5411,M_5411_00149
TX_00000960,CARD_000228,607152******5258,IN_PROD_SALARIED_PRIME_REWARDS,C4_SUBURBAN_FAMILY,2024-01-25T11:39:02.400329+00:00,1706182742.4,0100,000961,170618274261,A80547,00,00,102,59,05,Y,27,2505.93,250593,INR,217564.3,231001.98266987962,5311,M_5311_00079
TX_00000961,CARD_000302,607152******1269,IN_PROD_SALARIED_PRIME_REWARDS,C4_SUBURBAN_FAMILY,2024-01-25T11:39:19.417265+00:00,1706182759.42,0100,000962,170618275962,A71918,00,00,071,00,,Y,18,60.55,6055,INR,271342.0,271342.0008937252,5411,M_5411_00097
TX_00000962,CARD_000228,607152******5258,IN_PROD_SALARIED_PRIME_REWARDS,C4_SUBURBAN_FAMILY,2024-01-25T11:41:01.359979+00:00,1706182861.36,0100,000963,170618286163,A94646,00,00,071,00,,Y,5,2500.96,250096,INR,215058.38,231001.98266987962,5814,M_5814_00092
TX_00000963,CARD_000498,607152******6121,IN_PROD_SALARIED_PRIME_REWARDS,C5_URBAN_TECH_PROFESSIONAL,2024-01-25T11:51:18.523533+00:00,1706183478.52,0100,000964,170618347864,A51320,00,00,051,00,,Y,9,722.73,72273,INR,142986.56,148302.14482362283,5814,M_5814_00140
TX_00000964,CARD_000228,607152******5258,IN_PROD_SALARIED_PRIME_REWARDS,C4_SUBURBAN_FAMILY,2024-01-25T12:00:52.598454+00:00,1706184052.6,0100,000965,170618405265,A33467,00,00,071,00,,Y,7,4368.19,436819,INR,212557.41,231001.98266987962,5812,M_5812_00067
TX_00000965,CARD_000498,607152******6121,IN_PROD_SALARIED_PRIME_REWARDS,C5_URBAN_TECH_PROFESSIONAL,2024-01-25T12:08:59.681965+00:00,1706184539.68,0100,000966,170618453966,A99556,00,00,051,00,,Y,14,2436.28,243628,INR,142263.83,148302.14482362283,5814,M_5814_00140
TX_00000966,CARD_000228,607152******5258,IN_PROD_SALARIED_PRIME_REWARDS,C4_SUBURBAN_FAMILY,2024-01-25T12:17:20.685819+00:00,1706185040.69,0100,000967,170618504067,A79672,00,00,051,00,,Y,13,29.89,2989,INR,208189.22,231001.98266987962,5812,M_5812_00067
TX_00000967,CARD_000498,607152******6121,IN_PROD_SALARIED_PRIME_REWARDS,C5_URBAN_TECH_PROFESSIONAL,2024-01-25T12:19:17.507292+00:00,1706185157.51,0100,000968,170618515768,A70753,00,00,102,59,05,Y,5,3492.43,349243,INR,139827.54,148302.14482362283,5411,M_5411_00015
TX_00000968,CARD_000498,607152******6121,IN_PROD_SALARIED_PRIME_REWARDS,C5_URBAN_TECH_PROFESSIONAL,2024-01-25T12:23:28.805783+00:00,1706185408.81,0100,000969,170618540869,A94168,00,00,102,59,05,Y,20,1491.23,149123,INR,136335.11,148302.14482362283,5411,M_5411_00015
TX_00000969,CARD_000228,607152******5258,IN_PROD_SALARIED_PRIME_REWARDS,C4_SUBURBAN_FAMILY,2024-01-25T12:37:11.396833+00:00,1706186231.4,0100,000970,170618623170,A59871,00,00,071,00,,Y,29,545.18,54518,INR,208159.33,231001.98266987962,5812,M_5812_00067
TX_00000970,CARD_000646,607152******8116,IN_PROD_SALARIED_PRIME_REWARDS,C2_FIXED_INCOME_SENIOR,2024-01-25T12:39:58.916115+00:00,1706186398.92,0100,000971,170618639871,A36587,00,00,051,00,,Y,27,361.31,36131,INR,120586.07,120586.07241089354,5814,M_5814_00066
TX_00000971,CARD_000646,607152******8116,IN_PROD_SALARIED_PRIME_REWARDS,C2_FIXED_INCOME_SENIOR,2024-01-25T12:42:02.985332+00:00,1706186522.99,0100,000972,170618652272,A68704,00,00,051,00,,Y,4,154.43,15443,INR,120224.76,120586.07241089354,5814,M_5814_00066
TX_00000972,CARD_000646,607152******8116,IN_PROD_SALARIED_PRIME_REWARDS,C2_FIXED_INCOME_SENIOR,2024-01-25T12:44:19.333824+00:00,1706186659.33,0100,000973,170618665973,A45564,00,00,012,59,05,Y,7,2887.63,288763,INR,120070.33,120586.07241089354,5311,M_5311_00104
TX_00000973,CARD_000448,607152******9130,IN_PROD_SALARIED_PRIME_REWARDS,C2_FIXED_INCOME_SENIOR,2024-01-25T13:13:53.412187+00:00,1706188433.41,0100,000974,170618843374,A18632,00,00,071,00,,Y,65,1399.92,139992,INR,183364.3,188406.39250316564,5912,M_5912_00091
TX_00000974,CARD_000312,607152******3585,IN_PROD_SALARIED_PRIME_REWARDS,C4_SUBURBAN_FAMILY,2024-01-25T15:43:09.537565+00:00,1706197389.54,0100,000975,170619738975,A73190,00,00,012,59,05,Y,56,937.2,93720,INR,235095.97,235095.97287782334,5814,M_5814_00066
TX_00000975,CARD_000226,607152******7111,IN_PROD_SUPER_PREMIUM_HNI,C7_LUXURY_AFFLUENT,2024-01-25T16:50:54.249371+00:00,1706201454.25,0100,000976,170620145476,,82,82,012,59,05,Y,20,3334.77,333477,INR,2320413.07,2376585.9619111638,5311,M_5311_00104
TX_00000976,CARD_000850,607152******9140,IN_PROD_SUPER_PREMIUM_HNI,C6_SMALL_BUSINESS_OWNER,2024-01-25T17:51:56.699610+00:00,1706205116.7,0100,000977,170620511677,A61928,00,00,012,59,05,Y,4,3134.52,313452,INR,1745631.17,2136920.031716344,5311,M_5311_00138
TX_00000977,CARD_000590,607152******2646,IN_PROD_SALARIED_PRIME_REWARDS,C4_SUBURBAN_FAMILY,2024-01-25T18:33:21.955838+00:00,1706207601.96,0100,000978,170620760178,,57,57,012,59,07,N,36,3506.78,350678,INR,87580.38,117853.38332564718,5812,M_5812_00021
TX_00000978,CARD_000869,607152******3874,IN_PROD_PMJDY_RUPAY_DEBIT,C1_HOURLY_GIG_WORKER,2024-01-25T21:31:23.575262+00:00,1706218283.58,0100,000979,170621828379,A63818,00,00,051,00,,Y,10,2160.17,216017,INR,28088.31,6889.100834320276,5411,M_5411_00049
TX_00000979,CARD_000869,607152******3874,IN_PROD_PMJDY_RUPAY_DEBIT,C1_HOURLY_GIG_WORKER,2024-01-25T21:33:45.666197+00:00,1706218425.67,0100,000980,170621842580,A17669,00,00,051,00,,Y,35,452.25,45225,INR,25928.14,6889.100834320276,5411,M_5411_00049
TX_00000980,CARD_000484,607152******8340,IN_PROD_SUPER_PREMIUM_HNI,C6_SMALL_BUSINESS_OWNER,2024-01-25T23:58:26.446752+00:00,1706227106.45,0100,000981,170622710681,A78235,00,00,051,00,,Y,4,1344.49,134449,INR,4259058.55,4272961.258365275,5311,M_5311_00116
TX_00000981,CARD_000295,607152******9645,IN_PROD_SALARIED_PRIME_REWARDS,C2_FIXED_INCOME_SENIOR,2024-01-26T08:27:08.289963+00:00,1706257628.29,0100,000982,170625762882,A20767,00,00,051,00,,Y,12,910.57,91057,INR,167459.3,204317.53320458112,5999,M_5999_00142
TX_00000982,CARD_000295,607152******9645,IN_PROD_SALARIED_PRIME_REWARDS,C2_FIXED_INCOME_SENIOR,2024-01-26T08:31:07.218153+00:00,1706257867.22,0100,000983,170625786783,A25926,00,00,051,00,,Y,3,654.25,65425,INR,166548.74,204317.53320458112,5999,M_5999_00142
TX_00000983,CARD_000295,607152******9645,IN_PROD_SALARIED_PRIME_REWARDS,C2_FIXED_INCOME_SENIOR,2024-01-26T08:50:37.227034+00:00,1706259037.23,0100,000984,170625903784,A93872,00,00,012,59,05,Y,26,1343.99,134399,INR,165894.48,204317.53320458112,5311,M_5311_00138
TX_00000984,CARD_000295,607152******9645,IN_PROD_SALARIED_PRIME_REWARDS,C2_FIXED_INCOME_SENIOR,2024-01-26T09:12:52.356884+00:00,1706260372.36,0100,000985,170626037285,A20495,00,00,051,00,,Y,16,2617.76,261776,INR,164550.49,204317.53320458112,5411,M_5411_00149
TX_00000985,CARD_000685,607152******8634,IN_PROD_SUPER_PREMIUM_HNI,C6_SMALL_BUSINESS_OWNER,2024-01-26T09:37:53.474066+00:00,1706261873.47,0100,000986,170626187386,A70149,00,00,012,59,05,Y,29,1614.21,161421,INR,3500510.12,3551134.233556602,5999,M_5999_00142
TX_00000986,CARD_000395,607152******3494,IN_PROD_SUPER_PREMIUM_HNI,C7_LUXURY_AFFLUENT,2024-01-26T11:20:07.117642+00:00,1706268007.12,0100,000987,170626800787,A15276,00,00,102,59,05,Y,15,14705.12,1470512,INR,2603320.74,2603320.7429741025,5812,M_5812_00021
TX_00000987,CARD_000395,607152******3494,IN_PROD_SUPER_PREMIUM_HNI,C7_LUXURY_AFFLUENT,2024-01-26T11:42:40.805589+00:00,1706269360.81,0100,000988,170626936088,,65,65,071,00,,Y,29,5403.65,540365,INR,2588615.62,2603320.7429741025,5542,M_5542_00053
TX_00000988,CARD_000395,607152******3494,IN_PROD_SUPER_PREMIUM_HNI,C7_LUXURY_AFFLUENT,2024-01-26T12:05:02.559134+00:00,1706270702.56,0100,000989,170627070289,A92719,00,00,051,00,,Y,50,12235.26,1223526,INR,2588615.62,2603320.7429741025,5542,M_5542_00053
TX_00000989,CARD_000177,607152******9115,IN_PROD_PMJDY_RUPAY_DEBIT,C1_HOURLY_GIG_WORKER,2024-01-26T12:09:28.610187+00:00,1706270968.61,0100,000990,170627096890,A84925,00,00,071,00,,Y,41,319.09,31909,INR,75843.08,1421.0186417439518,5411,M_5411_00073
TX_00000990,CARD_000395,607152******3494,IN_PROD_SUPER_PREMIUM_HNI,C7_LUXURY_AFFLUENT,2024-01-26T12:21:41.020978+00:00,1706271701.02,0100,000991,170627170191,A77618,00,00,071,00,,Y,14,1238.83,123883,INR,2576380.37,2603320.7429741025,5542,M_5542_00053
TX_00000991,CARD_000533,607152******5340,IN_PROD_SALARIED_PRIME_REWARDS,C3_YOUNG_ADULT_STUDENT,2024-01-26T12:46:20.136611+00:00,1706273180.14,0100,000992,170627318092,,82,82,102,59,05,Y,38,257.62,25762,INR,229196.96,229196.95922899642,5814,M_5814_00141
TX_00000992,CARD_000148,607152******1708,IN_PROD_SALARIED_PRIME_REWARDS,C3_YOUNG_ADULT_STUDENT,2024-01-26T14:04:31.718957+00:00,1706277871.72,0100,000993,170627787193,A55586,00,00,051,00,,Y,26,465.57,46557,INR,247179.71,255654.28999893248,5912,M_5912_00054
TX_00000993,CARD_000148,607152******1708,IN_PROD_SALARIED_PRIME_REWARDS,C3_YOUNG_ADULT_STUDENT,2024-01-26T14:22:47.618556+00:00,1706278967.62,0100,000994,170627896794,A21140,00,00,051,00,,Y,8,1218.62,121862,INR,246714.14,255654.28999893248,5912,M_5912_00054
TX_00000994,CARD_000148,607152******1708,IN_PROD_SALARIED_PRIME_REWARDS,C3_YOUNG_ADULT_STUDENT,2024-01-26T14:51:07.270871+00:00,1706280667.27,0100,000995,170628066795,A33449,00,00,071,00,,Y,15,52.86,5286,INR,245495.52,255654.28999893248,5912,M_5912_00054
TX_00000995,CARD_000464,607152******5895,IN_PROD_SALARIED_PRIME_REWARDS,C3_YOUNG_ADULT_STUDENT,2024-01-26T14:56:56.125740+00:00,1706281016.13,0100,000996,170628101696,A65242,00,00,071,00,,Y,15,764.95,76495,INR,297048.0,297047.996642016,5411,M_5411_00027
TX_00000996,CARD_000148,607152******1708,IN_PROD_SALARIED_PRIME_REWARDS,C3_YOUNG_ADULT_STUDENT,2024-01-26T15:10:19.726844+00:00,1706281819.73,0100,000997,170628181997,A40570,00,00,071,00,,Y,21,597.2,59720,INR,245442.66,255654.28999893248,5912,M_5912_00054
TX_00000997,CARD_000148,607152******1708,IN_PROD_SALARIED_PRIME_REWARDS,C3_YOUNG_ADULT_STUDENT,2024-01-26T15:20:19.929854+00:00,1706282419.93,0100,000998,170628241998,A86040,00,00,071,00,,Y,16,1149.66,114966,INR,244845.47,255654.28999893248,5912,M_5912_00054
TX_00000998,CARD_000148,607152******1708,IN_PROD_SALARIED_PRIME_REWARDS,C3_YOUNG_ADULT_STUDENT,2024-01-26T15:40:58.640823+00:00,1706283658.64,0100,000999,170628365899,A24358,00,00,071,00,,Y,2,239.13,23913,INR,243695.81,255654.28999893248,5912,M_5912_00054
TX_00000999,CARD_000148,607152******1708,IN_PROD_SALARIED_PRIME_REWARDS,C3_YOUNG_ADULT_STUDENT,2024-01-26T16:06:56.689277+00:00,1706285216.69,0100,001000,170628521600,A36085,00,00,071,00,,Y,28,307.77,30777,INR,243456.67,255654.28999893248,5912,M_5912_00054
